Theme,Title,Poem
Love,Love-Struck For You,"My silent words shall speak,

As I see you with my shut eye.


Love-struck heart shall walk up to you,

As you walk more close, and lie.


Our innocent thirsty emotions,

Will buy every dream, 

Taste every joy.


Our bitter-sweet impatience,

To fly and kiss every high.

To touch our moments together,

Every sorrow shall fear, 

Shall fear to try."
Love,The Tale Of Love,"On my fading day, I may

Sneak in, to throw a tale

Of, what words cannot touch, 

And dreams can never say.


Passing time of mine, 

Shall sing the sweet tale out,

Beg and cry, fall and fall

To stay along, and survive proud. 


But only wish for the final day,

My eyes can meet your innocence,

Your warmth, and touch your silent play

Which alone can bring the eternal essence,

That even end could never slay."
Love,An Angelic Love,"Smother me in your wings,

Flap them to sorcerers land.

Only you could hear me where,

'Coz only you can understand.


Blessed by your soul,

Lonely times are no more sad.

Lost in the losing world,

Sorry times are no more hard. 


Take me to the glory road,

Slide a honey-sweet feeling in me.

Put me in your untouched heart 

And fall in love with me.

I love you!"
Love,Love At First Sight,"I fell deep in love, the first time I saw you,

Your love, my darling made me feel so beautiful and new,

It feels so wonderful to see your pleasant face,

Makes me feel like kidnapping and taking you to some other place,

Where there would be no one to disturb us,

It would be just you, me and never ending bliss.

You are the only one in the world, whose love comes for without a price

Thank you, my love, for giving me the taste of paradise.

I love you so much, more than you can ever know,

In your love sweetheart, my heart will always glow."
Love,Bunch Of Happiness,"Your smile shines brighter than even the morning sun, 

You, my dear, are more irresistible than chocolates with rum; 

Each time you put your beautiful arms around me, 

I realize my love for you is so vast and deep;  

It makes me forget the world outside, 

Coz' for them, I just seem to go blind. 

Nobody can ever make me feel like this, 

You, my love, are a bunch of happiness."
Love,The Magic Of Your Love,"You glow my world with your magical smile,

In your love, I could walk without a stop for miles;

For magical, is what I feel when I am with you,

You and me are super tight, like paper and glue;

Sweetheart, I just cannot wait to meet you again,

'Coz without you my dear, I'm going insane!

I miss you like crazy, each time you're away,

Can't stop myself from looking forward to meeting you again. 

I love you so so much my dear."
Love,You Are My Everything,"Baby you form my whole world, you are my night and my day,

No matter how my day goes you always manage to brighten up my way. 

You make me so happy and so joyful, just with your presence,

You make me fall in love with you everyday with your fragrance. 

I want to live with you like this forever and ever my love,

Cause you are just like this beautiful angel from heaven above. 

I've made a silent promise to myself to love you like this forever,

I will make it a point to see to it that we are always like this together."
Love,Always Stay By Me,"Your very presence, my dear, makes my life complete,

Without you everything around me is colorless and bleak.

So promise me that you will never ever leave my side,

In any kind of stormy weather or tide.

Always stay by me, holding my hand,

'Coz only you can take me into a magical land."
Love,True Love,"True love stays forever and ever, forever does true love stay, 

It always manages to lighten up our lives & brighten up our days.

Whenever your sad and gloomy just give the one you love, a call,

And you will see for yourself the way all your troubles will fall."
Love,You Complete My World,"I may have only one life to live, 

I may have only one gift to give,

I may have only one life to love,

I may have only one moment to share,

But no body can love you like me, girl,

You're the only one who completes my world. 

I LOVE YOU"
Love,Right From When You Came Into My Life,"Right from when you came into my life all my dreams came true, 

With your presence, life by itself feels so beautiful & anew.

You make the most complicated things seem so simple,

You make me fall in love with you each time you flash that dimple. 

The deep and strong feelings that I have in my heart for you,

Those feelings are experienced only by a fortunate few."
Love,The Miracle Of Love,"It is called the sweet magic of love,

That makes you feel you're in heaven above;


And then life begins to feel so beautiful,

So pure, worth-living, absolutely wonderful;


This miracle happened in my life too,

It happened the second I met you."
Love,You Make Me Feel Magical,"Did I ever tell you the way you make me feel?

It's like, even on a dry day, the grass appears to be green

And the sun is like it had never been hot

And the rainbow appears in the sky

And the way my heart leaps out in joy

Is a fact which I can never deny?


With you by my side, I need not fear any darkness of fate

'Coz, my darling, the only fact that I believe in is that you are my only fate 

So promise me, baby, that you'll never leave my side

In any dark story, weather or tide


And I don't wanna live another day without you in my arms

'Coz baby you're the one for me

And every time I look into your eyes my heart skips a beat

And I don't wanna live another day without you in my arms

'Coz I need you in my life

Today, tomorrow, forever."
Love,My Heart,"My heart was broken in 

so many pieces,

That I was sure,

It would not beat again.

You came and your love 

Made my heart whole again.

It beats so lovingly new."
Love,I Am In Love With You,"If beauty had a name, it would be your name, 

If innocence had a face, it would be your face, 

If love had a description, it would be your life,

If I were to love someone, it would be only and only you!"
Love,I Want To Dance With You,"You have always been with me and stood by my side,

You bring magic into my life and make me alive. 

Life is not the same when you are not around,

I can't do anything that I want, my feet are bound. 



But the moment you make your grand entrance, 

I feel like giving my life yet another chance. 

Life feels different with you, completely in trance. 

The moment you step in, I feel like pulling you to the floor to dance."
Love,You Changed My Life,"I would wander all alone without any goal in mind,

Till you popped into my life and God showed me a sign.

I knew, you were my soul mate right when our eyes met, 

You were the one for me, and on that I could even bet!



Today finally that you my darling, are a part of my life,

I just cannot express myself and tell you how happy I am. 

Every moment spent by your side is just so perfect,

I want to rob you and take to with me till the end of time."
Love,Life With You,"How can I describe my life ever since I met you?

I don't even know what it means to be sad and blue. 

Love in excellence, friendship for life, magic personified,

You brought so much into my life and made it so dignified. 

You my darling, taught me that hope should never die, 

Ever since I have forgotten what it is to weep and cry.  

With all my heart I wish to thank you so much my dear,

Losing you is the only thing now, that I ever fear."
Love,I need you,"Just like what a melody is to a song,

I need you just as much when things are going wrong.

Just the way water satisfies a thirsty person,

You fill my heart with happiness abundant. 

I really don't want to know what I would do without you,

Coz my darling without you I feel so blue."
Love,One smile changes the heart in you,"One smile changes it all for me 

One smile takes my heart away 

One smile of your my dear 

I do not have anything to say 

One smile makes my heart beats faster
 
One smiles changes everything for me 

A smile that brings me closer to you 

A smile that has that passion too 

The passion of love that I can see 

The passion of love being to you 

Baby know that I truly love you 

One smile that changes all in few 

One smile that made me love you 

Baby do not lose that smile in life!"
Love,Your love has that charm I can see,"Your love has a charm that I can see
 
There is a strange allure to thee 

Things may change but you won't 

I trust my love in life 

I know that we were meant to be
 
I know that we will love forever

This bond is so strong I can say 

Nothing will ever change in dismay 

Your love is a reason why I am me

Everything is as soft as can be 

Thanks for coming in my life 

And making me your part 

You know that you stay in my heart 

Forever my life to be 

Baby I love you to thee!"
Love,Each day I love you more,"Each day I find myself loving you more,

I try every way possible for you to know. 

Because you make me so happy and I want to make you too,

I want to know you that you have filled my life with joy anew."
Love,Love you till eternity,"Love can be felt,
 
Felt from the heart,
 
When love is true,
 
No one can make us apart,

Love is a feeling so passionate and intense,
 
The feeling is so good, with a pleasant sense,
 
I can't live without you my dear,
 
I love you lots,with you there is no fear!"
Love,Your touch,"Your touch sends ripples in my heart,

Your cuddle makes me feel all yours,

That passionate kiss you gave on my cheek,

Took away the feeling of bleak,

The purity of your love is unmatched,

The love that you have for me,

Wants to yearn more and see,

I too love you my love,

With all my feelings and glee,

Love you!"
Love,Love is...,"Love is magical and divine,

Love is the way you look at me and smile. 

Love is wonderful and holy,

Love is the day I make you mine! 

I love you!"
Love,Can't see beyond,"Can't see beyond you now,

Don't know how,

You are a part of me, my soul,

You have the most special role,

I feel complete when I am with you,

And, I wish I only knew,

That I truly love you,

And, won't be able to stay without you,

I love you!"
Love,Your beautiful name,"I wrote your name on a piece of paper,

But the wind came and took it away. 

I wrote your name on the sand,

But the sea washed it away. 

So now I have carved your name in my heart,

And baby here it shall forever stay."
Love,In your love,"In your love, I feel as beautiful as a bird,

Flying freely and far away above mountains undiscovered. 

In your love, I feel as wild as a deer,

Running around like crazy, far and near. 

In your love, I feel as chirpy as a little child,

Who is excited to see what the future unfolds. 

You make me want to look forward to the next day,

Because you have already brightened up my today."
Love,The day when I first met you,"Since the day, I met you 

I knew what true love was 

I always cared for you in life 

I always wanted to be there for you

I want to protect you along 

I want to love you so strong 

This feeling cannot be changed in life 

The way I feel for you my love 

My love is true I know that 

It is only for you, you should know 

Baby just stay as you are 

You are my life and my world 

I will love you forever in life 

You make my world so bright

I love you so much!"
Love,Your love!,"It feels amazing to be in love, 

I feel so free just like a dove.

A dove that just has been released in the sky,

I feel like I am flying up high.

Your arms are my paradise, and your love is my home,

You give me warmth; you give me peace no matter where I go. 

I will always love you my angel that you are,

I will forever love you whether you are near or far."
Love,I long for you,"I long for you each night and day 

I long for your touch, 

Things that are on my mind, 

Things that make my love one of a kind, 

Baby! I love you so 

And I want you to know 

That my love is forever!"
Love,Your love gives,"Your loves gives me the power to live, 

Your love is like my life 

I don't think I can stay without you 

Without you I won't survive 

I love you a way too much 

Waiting for your touch 

I love you!"
Love,It Feels So Nice,"It feels so nice to know that you are loved,

It feels so nice to have somebody sent for you from heaven above.

You baby, have given me more love than I thought even existed,

Even when I'm completely dried out, your love keeps me hydrated.

Thanks a ton baby for entering into my life,

I will always love you darling, till the end of my time."
Love,Finding things is not easy,"Finding things that I want to see 

With you, my life has all the glee 

Baby when I am in your arms 

It feels like an ecstasy 

More than me, I trust you to be 

The passion and that love in your eyes 

Has made me a lot more wise 

Just wish to stay this way forever 

Don't leave me and go and never 

I cannot stay without you my love 

Coz you are my life and don't shove 

Our love will win over in life 

It's so pure and is all mine 

Baby I love you so much!"
Love,To Be With You,"If I just have one wish,

You know what I will wish for you,

I would ask all the time, 

To be with you,

I would like to die in your arms,

Coz my love for you is true,

I truly love you and will always do!"
Love,The Warmth Of Your Love,"The first time I felt the warmth of your lips,

The first time that we shared a kiss,

It touched my heart, and my soul,

Please don't leave now,

I was a part and you make me whole,

I love you every much!"
Love,Love Is An Eternal Feeling,"Love has no reason,

Love may have no season

When you love someone,

All you want is to spend time with them,

When you love someone, you might wish days to be long,

Longing in the heart where you belong,

Love is an eternal feeling so true,

Everything seems so vibrant and new!"
Love,Love Me For Eternity,"My love,

Today I want to confess something to you,

What you are to me,

I can't imagine my life without you,

I love you till eternity,

Please keep loving me the way you do.

I love you!"
Love,Many Reasons To Love You,"I tried writing your name on the sand,

But, the waves washed it away,

I tried to write your name in the sky,

But, the wind blew it away,

So, I wrote your name in my heart,

I know it's always going to stay,

I love you, will always do!"
Love,My Love!,"The first time I saw you,

I was spellbound by your allure,

You mesmerized me with your splendor,

Your eyes so beautiful and lips so tender,
 
I think I have fallen for you,

And, I think I like you,

I don't know how to say it or give you a clue,

But this is surely love for me,
 
A timeless love to thee!"
Love,You are my heart and soul,"I wish to be by your side,
 
I wish I could hug you tight,
 
With you, I feel all the bliss,

Your gentle and tender kiss,
 
Why I love you so much,
 
I have no clue,
 
With you,everything is bright,

The day feels so new,

I truly love you!"
Love,You are my life,"You may be out of sight at times,

But you are always in my heart,
 
I keep thinking about you each night and day,
 
Even when we are apart,

I don't know what connects me to you,

It is a feeling so new,
 
I am sure I love you,
 
But,I think I can't stay without you now,
 
Let us take that special promise of the wedding vow!"
Love,True love,"Love is a peaceful start,
 
As it connects two loving hearts,
 
Love is a beautiful feeling so pure,
 
There is an instant charm and an allure,
 
Love is when two minds think alike,
 
It is a passionate feeling, a true like,
 
Without love, it is really tough to survive,
 
I love you a lot,

You are the one whose always in my thought!"
Love,Before I met you,"Before I met you I was lost,

I didn't know about love,

After I came in your life,

I found the meaning of love,

It is so beautiful,

It feels so new,

Everything feels so special,

Love is a wonderful emotion of heart, 

Fall in love for that wonderful start!"
Love,When I think of you,"When I think of you,

I have a smile on my face,

The way you embrace,

Makes me forget everything in life,

I only have a wish so true,

I hope to fulfill wish this too, 

I want to be your wife,

Coz I truly love you,

Yes, that is true,

I really love you!"
Love,I may not tell,"I may not tell you thousand times,

But it never seems enough,

From the day you entered my life,

The feeling of your first touch,

I have never felt this before in life,

And, I am so sure,

That I have always loved you,

I will love you more,

I love you my sweetheart, 

And, we will stay ever this way,

To never ever part!"
Love,Greatest Gift,"Love is the greatest gift I know,

I know because I love you so,

I love you so I will never ever let you go,

I will never ever let you go, you are mine forever so. 

I love you!"
Love,I met you completely out of the blue,"I met you completely out of the blue,

You showed me that dreams could actually come true.

With your never ending love you made me feel,

More special than ever, like it was no big deal.

You do so much for me adding to my happiness,

You shower with affection never the less.

I will never be able to thank you enough,

But will promise you forever my love."
Love,We Will Always Be Together,"You knocked at my door of my life and entered my heart, 

I feel in love with you, the moment I saw you my pretty tart. 

You are so beautiful, flawless and perfect than any other,

I promise to love you forever, we will always stay together."
Love,The Passion Of Your Love,"I may run out of words,

But, my feelings for you are the same,

My love for you is never ending,

Passionate, burning like a flame,

I just want to tell you,

That I love you so much,

My love for you is infinite,

My love for you is such!"
Love,Love is true and so deep inside you,"Love is so true deep inside you

It changes the way you see your life 

A feeling of agitation when love is not around
 
There is a feeling of passion that surrounds 

Love gives you many reasons to smile 

Love makes you happy all the while 

The many things that you share along 

Makes your bond even more strong 

I am blessed that I found you 

I am blessed that I have you in my life
 
Trust me things may not be the same 

If you were not there with me 

A love that I can only see in you

A love that changes me to be 

Your love changes it all I can see

Baby I love you so much!"
Love,You are an angel and you belong in heaven,"You are an angel and you belong in heaven,

For me, on earth you were sent. 

So since you came down on earth for me,

I am going to give you heaven on earth my darling!

I love you baby."
Love,Your love is the only reason why I am alive,"Your love is the only reason I am alive 

Your love has changed it all for me 

Whenever I am with you my baby 

I forget about the world around me 

It is the passion in your eyes I can see 

It is the way you always care for me 

I just want to spend time with you 

I want to hold you tight forever 

It's the love I can see in my eyes 

Love that has made me so wise 

Baby don't change is all I want to say 

You are my only hope in life 

You are my only way 

Just stay, as you are my love
 
I love you is all I wish to say!"
Love,You are my present,"If tomorrow is a mystery,

Not loving you is history,

You are my most precious gift,

And that is why I call you my present. 

I love you."
Love,You Lift Up My Spirits So High Like No One Else Can,"You lift up my spirits so high like no one else can,

When I am feeling lonely, you are always there to hold my hand.
 
When I need someone to talk to, you give me your listening ear,

When I am gloomy and low, you crack me up with your witty humour.

When I want to rest my head, your shoulder is always there,

When days get tedious, you fill glitter around me and everywhere.
 
I can't imagine life without you my dearest dear.

Only if you knew the love I have in my heart for you, right here!"
Love,Pure love it is,"You are beautiful from within, 

You are beautiful outside 

Your love is so true you know 

Without any side 

Your love is passion 

That drives me crazy 

I love you so much!"
Love,What is love,"What is love, I have known from you 

A feeling so very pure and true
 
True love is a feeling of heart 

Right from the very start 

I just love you 

And, I know that it is true 

Love you!"
Love,Love for you,"My love for you will never change, 

Even if the world will change, 

My love is pure and you must know 

That I may not really show 

But, I will love you even more 

with each passing day

I love you a lot 

From my every thought!"
Love,I fear losing you,"If there is anything I fear it is losing you,

Coz without you I feel so lost and blue. 

You have formed such an important part of my being,

Everywhere I look around it is you that I am seeing. 

I am in love with you."
Love,My life is different because of you,"My life changed since the day I met you
 
Everything changed in hue for me 

I was so in love with you 

I think that was love at first sight
 
Since then I am in awe with you 

You are the love and my light 

With you, I feel so awesome my love 

With you I feel so bright 

Never change the way you are 

Never change your things in life 

Be the same person you are 

You are my life's shining star 

My baby I am in love with you 

Will be forever and through!"
Love,I Felt Goose bumps on My Arms,"I felt goose bumps on my arms,

I felt that sweet alarm,

When Cupid struck my heart,

And that very moment I knew,

I never wanted us to ever part. 

I felt my heart skip a beat,

I felt it heavenward take a fleet.

When you looked into my eyes,

And that very moment I knew,

I was up for a beautiful surprise.

I felt my knees went weak,

When I heard you speak,

When you held my hand

And that very moment I knew,

I was in love, in love with you!"
Love,Your Love For Me,"Love was just another word,

till the time you came in my life.

your caring touch,

your loving smile,

filled the void and loved me so much,

when my soul, my heart became yours.

When my world was dipped in sorrow,

Your twinkling eyes brightened it up all.

My days were lonely my eyes were wet,

All cheered up with a blink the day we met.

Why the world is turning pink,

Why is the sky showering roses.

Hold me tight, let me not sink,

It is a conspiracy of love,

To bring us together to bring us close.

Whatever be the reason,

I do not wish to know.

Unaffected by any season,

This heart is in the flow,

Of love and happiness.

Filled with sweetness overpowering the sour,

your caring touch,

your loving smile,

when filled the void and loved me so much,

was when my soul, my heart became yours."
Love,I Miss You,"Gone are the days where you held me close,

My memories are still filled with those times the most.

The shortest of possible times for love to blossom,

Never did continue with destiny so gruesome.

I know you loved me and you still do,

Love, but you let me know myself better too...

I Will Always Love You!"
Love,I Love You,"We fight and we argue,

But there is not a single day I can live without you.

For love, you are the only one that understands me through,

And in my heart, several thoughts brew.

But the most important continues to be you,

For it is the sole reason that sees me through.

Darling, I Love You!"
Love,My World Of Love,"It was too hard to gather,

The courage to tell you,

How every day makes me bother,

How much I love you.

But now your eyes,

Are my strength.

The truth and love that lies,

Beneath that pretty fence.

Is my world."
Love,When I am not besides you,"I am sad when I am not besides you 

With you, I feel radiance in life

That glow on my face is pretty because of you 

It's your love that completes my world 

Your love gives me a new high 

A high that makes me feel surreal 

Baby never leave my side and go 

Coz you complete my life and so 

I feel the void without you 

Its only you, yes it's you 

Baby my love for you is such 

It gets a meaning with your touch,

I love you very much!"
Love,It's a feeling so pure,"Love is a feeling,

Which changes with time, 

But, this won't happen with me, 

Because your love is like my life 

It is my world and ecstasy 

I love you for what you are, 

Please don't ever go far, 

Because I love you a lot!"
Love,Somewhere Sometime,"Somewhere sometime,

The moon will come down.

On its knees too fine,

When my heart will pound.

To tell you how much,

It beats for you.

To let you know how such,

Lovers are few."
Love,Being With You Is A Pleasure,"Your beauty takes my breath away,

I don't know why I feel this way,

The sparkle of your eyes,

Expresses so much,

The warmth of your body,

That gentle touch,

When you look at me,

There is nothing more I can see,

When you come near,

I can feel the heat,

Let's embrace each other tonight,

Want to know who you are,

Honey, hold me tight,

Love you!"
Love,Not Without You,"You have a special place in my heart,

No one can make us apart,

I love you for what you are,

Can't imagine my life, when you are far,

I don't know what to say, 

How to express my love for you,

With you, everything seems so special and new

I love you more each day,

Now, without you, it's impossible for me to stay,

I love you lots!"
Love,"You live in my soul, not my heart","You live in my soul, not my heart,

I miss you while we are apart. 

I feel the urge to listen to your voice all the while,

When you are not around I feel like crying. 

You make me smile as easily as a snap,

I love lying on your shoulder and taking a nap.

So baby I am going to keep you in my soul, not my heart,

So that even after I am dead, you are alive in me."
Love,Love You More Each Day,"With each passing day,

I love you more,

The gleam of your eyes,

The beauty of your face,

The warm expression, 

The subtle hints,

The warmth that I feel with you,

You don't have a clue,

That I love you more, 

With each passing day!"
Love,One life for sure,"One life and one love for sure, 

You know you are in love and more

When you feel something from inside, 

It is like a turning tide, 

Many emotions and only one thought 

Love as a feeling that is tough to sought, 

I love you a lot!"
Love,It has a spell that binds me to you,"Your love has a spell that binds me to you 

Whenever I am there with you 

I melt in your arms my love 

When you speak to me 

I just want to listen to you
 
When you look at me with love 

My heartbeat is faster than ever 

My love will never change for you 

You and I complete each other 

A love that is pure all through 

A feeling of love being with you 

Is so awesome and so new 

Baby I want to be in your shadow of 

Love forever in my life 

Baby I love you so much

Will love you forever in life!"
Love,"Understand Love, Pick The Signs","Not everyone is able to express their feelings out loud, 

But don't miss the way they look into your eyes without a sound.

'Coz their eyes will tell you all those things that their lips cannot,

Close your ears,listen with your eyes, later don't say 'your forgot!'"
Love,Spending my days with you,"Can't think of spending a day without you, 

Can't think of my life too 

You are my smile that brighten up my day
 
And, I don't have much to say 

Apart from that I love you so much 

And, I just love your passionate touch 

Love you baby!"
Love,If I were to follow your path,"If I were to follow your path, 

I would never be lost,

Even if I were lost, such a bliss it would be

Coz baby, I love you the most. 

So lead me your way my dear,

Coz getting lost is not what I fear.

If I fear it is losing you my love,

You to me are like a star,

Fallen, from heaven above."
Love,Like a diamond on a ring,"Like a diamond on a ring,

Like gleam to bling. 

Like colors on a rainbow,

Like sugar to mash mellows.

Like light to the sun,

Like bread to brunch. 

Like honey to the honeycomb,

Like a child in a mother's womb

You seem to be the best thing in my world,

And you have made my whole life swirl."
Love,My love at first sight,"My dearest, Love at First Sight. 

I love you so with all my might. 

I have written your name on my heart,

It reminds me how much I love you when you are apart. 

I promise to forever and for always treat you right,

I promise to only have you my baby in my sight."
I Love You,Its amazing how you are,"It's amazing how each day 

We discover so many things 

Its amazing how each day 

I fall in love with you 

It's amazing how each day 

I get to know new things about you 

It's amazing how each day 

I get to love you more 

I believe that my love is 

Blissful because of you 

Baby I know well all about you 

When you and I will be one 

Baby I am so in love with you 

I truly love you!"
I Love You,Love is what you make me feel,"Without you it is hard to breathe.

I love you so like no other,

I promise to love you like this forever! 

I love you my dear."
I Love You,My love for you,"My love why I love you more each day, 

When you come in front, 

I lose my say, 

Why I feel so numb when you look at me, 

Why I can't see anything that you tell me to see,

Why I long for your touch the whole day,

With you around, I feel so good,

I feel content and gay,

My happiness knows no bounds,

Because my love for you is true,

Yes, I truly love you!"
I Love You,I really do not know how it happened,"I really do not know how it happened 

But now you are one of the most 

Important person of my life 

I came close to you slowly 

Slowly you took my heart away with you 

Can't imagine a day without talking 

Can't imagine my day without you

Looks like you have a special part 

That is the reason you have taken my heart 

Baby I am so in love with you 

Love that will stay in through 

I have a pure feeling for you 

I simply love you!"
I Love You,You have become a part of my life,"You have become a part of my existence 

You have become a part of me 

You have become my destiny 

Baby I just want you to see 

Look in my eyes and you will now 

I may not have gestures to show 

Look and you will feel so much 

As passionate as that loving touch 

You and I were meant to be 

So together in life 

You and I are forever 

That is what is destined 

Baby I am in love with you 

A love that will hold on and true!"
I Love You,Like the sunshine,"Like the sunshine you bring brightness into my life,

Like the rainbow you add color to me and make me smile. 

Like the spring you made me happy and glad,

Like the moonlight you guide me when I am sad."
I Love You,That first moment,"That first moment when I saw you 

Something just caught me 

That charming face so bright 

Made me feel that light 

The light of love that I could feel 

Getting that vibe in my heart 

I knew that was the start 

Of love and my life will change 

Baby I love you all the way 

Can't stay without you even for a day 

This love will last till the end 

It is true all the way and no pretend 

Baby I love you!"
I Love You,Each passing day,"Each passing day and night, 

Each warm and pleasant sight, 

Do you know what you mean to me, 

With you I feel all the glee, 

The magic of your love is such, 

That I feel in your every touch, 

Baby I love you so much, 

Till the end of time, 

And, I feel so good that you are all mine, 

I love you!"
I Love You,You love once,"You only live once is true, 

But, you also love once, 

In my case, you are my first love 

And hopefully the last, 

You and me make a perfect cast 

Of our movie of life! 

Baby I so love you!"
I Love You,You are my life,"You are my life, 

You are my world, 

Without you I lose my say, 

In every which way, 

With you, I feel so nice, 

With you, I feel so wise, 

We are perfect for each other,
 
Coz we are there for one another, 

I love you a lot, 

You are in my every thought!"
I Love You,When I say that,"When I say that I love you 

I also mean that 

It was there from the start 

Now, when you are apart 

I can't stay without you 

Without you I feel so blue 

Just want to tell you

That I love you!"
I Love You,Your eyes when speak to me,"Your eyes speak to me
 
Your lips have a story to tell
 
You make my heat skip a beat 

You make me feel shiver with your touch
 
That passion which I can see in you 

There is a thing that I feel for you 

Love is a core that is within me 

Love is a feeling that is left to see
 
Love is a name I want to know 

The name that is written in my heart,
 
Your love does play a part 

In my life forever 

My baby I love you so much!

So in love with your touch 

Our love will stay this way forever!"
I Love You,Feeling of desire,"That wonderful feeling of desire,

Your thoughts make me feel higher, 

If this is love, 

Then you are the one for sure,

You are the only heal of life,

You are my only cure, 

I don't know why I love you much, 

I don't know why I am sure,

But, you are the one I want to spend my life with,

Here I am, I admit, 

That I love you a lot!"
I Love You,When I saw you,"Since the time I saw you,

I am not being me, 

Wherever I go, whatever I know,

It's you that I only see, 

You are in my heart, 

You are now my life,

Can't think of a life without you, 

Love me the way I really do,

Or else I won't survive, 

Coz I really do,

Yes, I love you!"
I Love You,You Are Mine,"You are the light in the darkness, 

You are the gleam of my happiness,

You are the reason, why I breathe,

You are my life, my heart's need,

I am lost when you are not around me,

There is nothing more I can see,

I love you and will do till the end of time,

You are mine dear

You are truly mine!"
I Love You,You are Everything to Me,"You came in my life,
 
And opened up my heart,
 
With you I felt,
 
A whole new start,
 
You made me calm,

A better person in life,
 
Don't know without you,

How will I survive? 
I love you so much,
 
That it is tough to express,

No one does, as you impress,

I love you lots baby,

I truly do!"
I Love You,Have I Said I Love You?,"Have I said I love you,

Coz you are the only one for me,

Wherever I go,

It's your pretty face that I can see,

Have I said I love you?

I think I do more than me,

Till the end of universe,

To the depth of the sea,

I love you so much!"
I Love You,My days are not so bright,"My days are not so bright 

I really do not feel all right 

When you are along with me 

It's everything that I want to see 

Baby your smile gives me all the glee

Your touch entices me 

When you speak, I just want to hear

When you are so close to me and near 

I wish that the moment stops 

I wish that we look at the bright sky 

Making promises of tomorrow to come 

When our world will become one 

Baby I am so in love with you 

I truly love you!"
I Love You,It is something magical,"Love is something magical

You want that company every time 

For you that person becomes so prime

You smile without reason

You are happy in very season

That is the sign of love 

I love you!"
I Love You,I know that its love when you are,"I know that its love when you are in my life

I know that its love when I see you 

When I talk my heart to you 

When we hold our hands 

When we make plans for future 

When you always understand 

We know that we are there in time 

And know that you are mine 

I know its love when you have 

Given a promise to stay with me 

Just want to tell you baby 

That I can't stay without you 

I am so in love with you 

I love you!"
I Love You,You have made be happier,"You have made be happier than I thought I could ever be,

You have made me smile even in my dreams. 

You are the one I have been waiting for forever,

I always want us to be together!"
I Love You,You Amplify My Joys,"No tune is merrier than your words,

For you sing the sweetest.

No heart is closer than yours,

You touch me the deepest.


Pushing away the sorry times,

You carry me to the blessed lanes.

Juggling and jumbling the world around,

You amplify my joys, downgrade the pains.


I shall always love you, Sweetheart."
I Love You,Your love is true,"The yearn and that desire, 

When I am with you I feel so lost, 

When I am with you, I forget everything, 

My heart just wants to sing, 

That special song for you, 

Without you I feel so blue,

My dear I just want to tell you,

That I truly truly love you, 

I mean it, I do!"
I Love You,Your magic on me,"Your magical eyes, 

Your lips so tender, 

I love your charm

I would love to surrender 

Your heart as pure as you 

With you it feels so new 

Baby I truly love you 

Yes I do!"
I Love You,A part of me will stay with you,"A part of me will stay with you 

A part of me will stay in few 

Of feelings that are in my heart 

To being the most important part 

Your love mesmerizes me 

You play an important part to thee
 
When you smile and look in my eyes 

I get those flash in vibes 

Of love that I can see in you 

Of love that I can feel with you 

My baby you know that I love you 

I know that it is for you 

I know that it is so true 

Baby I am in love with you!"
I Love You,What You Are To Me,"There are many reasons, 

Irrespective of all the seasons,

My love for you has grown with time,

All the way, I cherished its mine,

I love you for what you are to me,

I love you coz, the real me you are able to see,

Now, with time I think I love you more,

It is an eternal thread; it's to the core,

I love you sweetheart!"
I Love You,I don't make a choice,"I don't make a choice to love you 

Because I was destined to be with you 

My love is not a want for you 

It's a need that is in through 

I do not express my love to you 

Know that I will always love you 

My love will never change for you 

Know that I am falling each day for you 

Something special that connects our soul 

You do have an important role

My love for you will remain the same 

Will start with you and end on your name 

Baby I love you!"
I Love You,Love is when I see,"Love is baby when I see in your eyes 

Love is when you talk so wise 

Love is in the depth of your being 

Love is the things that we see 

Love is when you hold my hand 

Love is when you make me understand 

Love is your passionate touch 

When you cuddle me so tight 

Love is the feeling my dear 

This makes my world so bright 

Love is a feeling that starts with you 

And it ends on you 

Baby I truly love you!"
I Love You,I Love The Way,"I love the way you make me feel,

I love the way with me you deal.

I love the way you look at me,

I love the way the way you think and see.
 
I love the way you make me so very glad,

I love the way you cheer me up when I am sad. 

I love the way you shower me with love and care,

I love the way for me that you are always there. 

I love you a lot."
I Love You,The love that I can see,"The language of love and you 

There is some connection to hue 

I have had so many questions 

You are the answer to all of them 

I spend the best time with you 

Because you always understand 

Baby know that when I am with you 

I just know that i am in love with you 

This love will never fade away 

This love will forever and ever stay 

I have never really loved anyone this way 

Like I love you all the way 

You are special and you will remain special;

To me every way,

I am so in love with you!"
I Love You,You Heal My Wounds,"Every time am hurt,

You help me heal.

I wish to tell you now

Of how, my core feels.


A hope, a faith,

You are all I crave.

You are calm and clear

Soft and tender, yet brave.


I see, live, and taste dreams

With you around.

When my soul is not with yours

I feel, am going down.



May we always stay in love."
I Love You,You are my everything,"Baby you form my whole world, you are my night and my day,

No matter how my day goes you always manage to brighten up my way. 

You make me so happy and so joyful, just with your presence,

You make me fall in love with you everyday with your fragrance. 

I want to live with you like this forever and ever my love,

Cause you are just like this beautiful angel from heaven above.
 
I've made a silent promise to myself to love you like this forever,

I will make it a point to see to it that we are always like this together."
I Love You,Once Upon A Time We Were Strangers,"Once upon a time we were strangers,

Before you took my hand.

We fell in love with each other,

And together now we stand.

With each and every passing day,

I feel more love for you in every way. 

Our souls have surely become one,

Your love is the trophy I have won. 

How fortunate are we, I can't even imagine,

Once upon a time we were strangers,

That is before you took my hand."
I Love You,Loving is the name of life,"Loving is life and life is love
 
There is a feeling that is unmatched
 
You feel that passion with touch 

You feel when you miss so much 

Love is such a wonderful feeling 

Love is a sweet thing to say 

There is a deep connection of the heart
 
When you know there is a magic in way 

Love is a sweet emotion I feel 

When I am with you my baby 

I know that this love will stay
 
I know we shall stay this way 

Together and every day 

I am so in love with you 

I feel that connection with you
 
Baby I love you!"
I Love You,You Baby Are So Special To Me,"You baby are so special to me,

You are more special than anyone else can be. 

I find myself dreaming about you every day and night,

And when I wake up in the morning I see your face 

Like a ray of sunlight."
I Love You,"Love is beautiful, love is so true","I am so lucky that it is with you! 

Love is wonderful, love is so rare. 

I'm for you, and for me you are always there! 

I love you so much."
I Love You,When you touch me this way,"When you touch me, I get those shivers 

I get that feeling so enclosed 

When you touch, I get lost in some other world 

World that is so passionate through 

When you touch, I feel that passion 

I feel that longing in my heart 

You were from the start my baby 

You will remain special as a part 

My life is complete with your name 

I always feel the same 

Love for you and all the while 

It starts with your sweet smile 

Baby I am so in love with you 

I simply love you!"
I Love You,I Love You,"I love you when you smile at me,

I love it when you frown,

I love you when you say the sweetest things, that makes my heart go up and down.



I love you when you make me angry,

I love you the way to come to say sorry.

I love you the way you make those stupid faces that makes me laugh away to glory.



I love you when you make me laugh,

And even when you make me cry,

I love you 'coz I know you'll be right there with me and help me make my tears dry.



I love it when you look at me

While I'm looking away,

I love you so much 'coz I will never ever love anyone this much ever again."
I Love You,Love you Always,"You showed me the true meaning of love,
 
You loved me,
 
As no one could do,
 
You stood by me when the time was tough,

Don't need your words, as gestures are enough,
 
And, I want to confess my love for you today,
 
It is not like any other day,
 
Today is special,

Because I want to say, I love you,

Baby I truly do!"
I Love You,You have made me feel love,"You are indeed a gift from above.

You make me rise, you make my shine,

I can't wait for the day till you are mine! 

I love you so much baby."
I Love You,Moments I Spend With You,"The moments that I spend with you,

Makes my life complete,

The time that I spend with you, makes me forget everything,

Is this love I was thinking for all this while,

When I hear your name, why do I smile?

Is this love, am I sure, 

Today let me confess, yes it is,

I love you and this is forever and true!"
I Love You,Love is that part which plays,"Love is an emotion that plays a part 

It makes you something else 

Since the time I saw you 

I have not been in rest 

I think about you the whole day
 
I think about the way you are 

It is the magic of love I guess 

That I sit and watch the shining star
 
Thinking about the love in the heart 

Thinking about a part 

You will always be there for me
 
As a part of my destiny 

I love you so much pretty 

I mean when I say its love to see

I love you baby!"
I Love You,The Sweet Three Words,"I was nothing until you came in my life,

You conquered my heart,

And showed me lovely way,

I don't know will I be able to say,

But, today is the time I really want to,

The sweet three words,

I love you!"
I Love You,One love is you,"One love I have and one life 	

I have given you my heart 

Now, without you I shall not survive 

Because I need you my love 

And, I desire you for life 

Please stay this way 

Just want to say 

That I love you!"
I Love You,Being in love,"Being in love feels so good, 

Being in love feels so warm, 

I feel like me when with you, 

To me you truly belong, 

Love is a feeling that makes my heart, 

Love is a feeling so strong, 

I love you with my passion and my soul,

You have the most important role

In life, 

I love you very much!"
I Love You,My feelings for you are,"My feelings for you are in my heart
 
You know you play that part 

I cannot stay a single day without you
 
With you, I feel that magic in hue 

With you I feel that I am so me 

There is nothing else left to see 

I want to stay in your arms forever 

I want to be with you forever 

I want to talk to you all day 

You know I want be able to say 

That passion and that love 

Gives me a reason to live 

Baby I am in love with you 

A love that is so true!"
I Love You,My pulse sets racing,"My pulse sets racing as a part

My heart also beats so fast 

When you touch me oh my dear 

There is a feeling that I feel 

All seems to be so good 

Every time when I wish to see 

A love that is a part of me 

Love that is a part of my destiny
 
I will love you till the end of time 

I will love you so much my dear 

A love that will give in to time 

A love that will not change at all 

I love you so much!

So pure as your passion, as your touch!"
I Love You,A chance to meet you,"A chance to meet you was in my fate 

In such a short time, I found my soul mate 

You understand me so well my dear 

When you are close and so near 
	
I feel so loved and feel so good 

May this love continues touchwood 

You are my love and you are my friend 

This love will always stay till the end 

I want nothing except your love 

I want nothing except your company 

True love is enough for me to see 

Baby I am in love with you 

Baby I love you!"
I Love You,I can shout and tell you,"I can shout and tell the world 

That I have found my soul mate in you 

I can tell everyone I meet 

That there is no one like you 

You made a difference in my life 

You made a difference in being me 

Baby just want to tell you 

That you are as amazing as can be 

Never really thought that 

My life could be blissful this way 

Because of you I feel so wonderful each day 

I am in love with you 

I simply love you!"
I Love You,Thinking about you,"I keep thinking of you each day, 

I keep thinking of you every night, 

When you are not in front of me,

I search for your sight, 

Looking at your smile,

My day brightens up a while,

I love you and I know that, 

The love is pure and true,

I wish that you also knew,

That I truly love you,

I want you in my life,
 
Can't imagine how I will survive!"
I Love You,I never told you,"I never told you, what you are to me,

I never told you, that you are the world to me,

I never told you that you bring a smile when I am sad,

Never told you, that you brighten up the day, when it's bad,

Never told you what you mean to me,

But, today I am being honest and true.

Three simple words,

 I love you!"
I Love You,My Special One,"I love you for so many reasons,
 
Irrespective of any season,

My love for you has grown with time,
 
It is an instant connection and chime,
 
It is your allure, which attracts me to you,

With you,I feel so special,

Everything feels so good and new,
 
I love you truly,

I really do!"
I Love You,I Will Love You Forever,"You worked your charm the first time we met,

Your face is something I could never forget.

I'm so glad that you finally love me too,

Without you I would find myself so blue. 

I love you my dearest and I always will,

My babe you are the very reason I live. 

You give me comfort, you give me love, 

Your heart is so pure, so pure like a dove."
I Love You,Baby the love that I see in your eyes,"Baby the love that I see in your heart 

Matches the love that I have for you 

We are so in love with each other 

That nothing seems to matter in few 

There is a connect that I feel 

There is something in the reel 

I cannot really stay without you 

Know that it is all so blue 

When you are not with me 

When you are not there besides me
 
Baby my love for you will never change
 
I promise this to you forever 

My love will stay as it is 

You will never see it endeavor 

A love that is from my heart 

Know that you are a part of 

Me and my life 

I love you so much!"
I Love You,In your heart,"That tender kiss on my lips, 

That slight holding of hands, 

The passionate look that you give,
 
It makes me understand,

The feeling of desire in your heart, 

Even I feel the same, 

And, I just want to admit and claim, 

That you belong to me, 

It feels like ecstasy,

I love you!"
I Love You,Things may not change,"Things may not change a while 

Things may remain the same 

It's you who will forever 

And ever be in this game 

Yes I am all to play this game 

Of love which has two players 

That is you and me 

I am willing to lose my heart 

For it is meant in my destiny 

Baby I am in love with you 

I know that it will stay forever 

It will stay in true, 

Baby I think I love you more 

Each day and night with might 

Your love makes my world bright

I love you so much!"
I Love You,I love the way you are,"I love the way you are with me 

I love the way I can see things 

I love the way you look at me 

I love the way you are there 

I love the way you always care 

I love the way you love me 

That love which only I can see 

So lucky to have you in my life 

So lucky to call you mine 

Baby I am in love with you

Pure love that is my destiny 

Baby I am in love with you!"
I Love You,Sometimes its difficult to say,"Sometimes it gets difficult to say three words 

You know that someone means a lot 

But, still you can't really go to that person 

And tell that person they mean so much 

Today I just want to confess to you 

That you are my first and last love 

I swear I never really loved anyone 

The way I love you my dear 

You stay in my heart forever 

You have a special place in my life 

Would you be all mine forever 

Would you be my wife? 

Because I love you so much!"
I Love You,Love is a game I want to play,"Love is a game I want to play 

Where if you win I will slay 

I don't mind losing my heart 

To someone as special as you are 

In the darkness of my life 

You are my only shining star 

My love for you will never change 

My love for you will only stay 

Baby I will love you all my life 

Come what may,

Surrender to the thought of loving you 

I just want to live for you 

Baby I just want to do 

Coz I am in love with you

I love you!"
I Love You,Your gestures are,"Your little gestures touch me 

It makes me feel so special 

That smile when you give,

When you look at me 

Really touches my soul 

Those winks make me feel so loved 

Have I ever expressed it all the way 

That incomplete is my day 

When I don't see you or hear you 

Baby you complete me through 

I do not know from when or how 

But I fell in love with you 

This love I promise will stay 

Because you are special every way 

Baby I am in love with you 

I love you!"
I Love You,So close we got,"So close, we got after our first meeting 

So close, we got with our thoughts 

We got connected with so many reasons 

Feeling the same through seasons 

I was sure that this is love 

I was sure coz I knew 

That there is some kind of feeling with you 

When you are not around me 

I feel something is missing 

Like a part of my life 

Baby, just want to confess today 

That without you I won't survive 

Coz you are the love of my life 

I love you so much!"
I Love You,Getting to know you,"Getting to know you was my fate 

The day when we started to date 

The more I got to know you 

The more I started loving you 

Your lips..Your eyes and your smile 

Mesmerized me all the while 

Your pretty and sweet little ways 

Brightened up my dull days 

If this is love then it is true 

My heart beats only for you 

Baby I would love to tell you 

That you are special all the way

Baby I am in love with you 

I love you!"
Romantic,You Will Always Be Mine,"You will always be mine even if we are miles apart,

You will always be mine, and occupy a huge part in my heart.

You will always be mine, even if it makes me sad and blue,

You will always be mine, well I mean, only if I keep loving you."
Romantic,You Are My Dream,"My world feels incomplete without you,

What would I ever do without you, I have no clue;

Love is not love, without you my dear,

My heart is not the same, without you here;

Get out of my dreams and get in my car,

So that I can take you away afar;

To a world filled with peace and love,

To a world where it would be just the two of us.

I love you and I always will."
Romantic,Words Are Not Enough,"Words may never be enough to express what I feel for you,

My love is so vast, that nothing ever in this world will be enough to prove.

Yet, when I say that I love you, I mean it right from the bottom of my heart,

Because you, my beloved, are sweeter than even a chocolate tart!"
Romantic,You Are Everything,"The moment when you asked me if I could be yours,

Is a moment that I can never forget even in years.

'Coz that is that time when my life changed forever,

You and I, my darling, came together.

I never ever want to lose you, now that you are mine,

You are everything my dear, my strength and my pride."
Romantic,I Want You,"Every night as I lay on my bed, 

Your thoughts begin to fill my head. 

When I fall asleep, in my dreams 

It is your pretty face that I see. 

With you my angel, life feels so right,

Your smile fills my heart with delight.

It makes me feel happy that I am alive,

I always seem to want you by my side."
Romantic,Hold My Hand,"Dearest heart, don't let me down at this hour, 

I have no time to waste, I'm totally out of power. 

Your love baby has overtaken me and my whole life,

I cannot think of anything else but you, I can't deny.

You make everyday worth looking forward to,

Without you I find myself completely lost and blue. 

So please don't make me wait any longer,

Promise to hold my hand baby, forever!"
Romantic,You Are The One Of My Dreams,"You are the one I dream about every night as I sleep,

You're the face I want to see & you're heart I wish to keep. 

Your love fills my life with radiance and perpetual glow,

You make my troubles melt away as you kiss me real slow. 

So baby take away me to a world I have never been before, 

And we will be so happy as each other's lives we explore."
Romantic,I Will Fight For You,"You will never know how much I love you my dear,

You are not far away, but deep in my heart here. 

I will fight with the whole world for you my baby,

'coz you alone have been able to drive me this crazy.

And now that fate has taken you away from me,

Don't you fear my darling, nor do you weep. 

'coz your prince will soon come to rescue you,

And together the two of us will live life all anew."
Romantic,You Are In My Heart,"It doesn't matter if you are here or else where, 

You're safe in my heart & forever you shall stay there.

Your thoughts will continue to bring a smile to my face,

And a twinkle to my eyes, till the end of my days. 

And when I miss you too much and your loving care. 

I will simply call out to you, I know you will be there."
Romantic,I Need You,"Stay with me all the time and don't leave my side,

I need you with me baby to always be my guide. 

I have relied on you, for your help all the while, 

For you my darling I can even walk for miles."
Romantic,Dance With Me,"The moment I entered my eyes caught your face, 

When you looked back, my heart was sent into a never ending chase.

Every step you take closer to me makes my heart beat so fast,

How I wish that this moment just never ever goes past!

The way you look at me sends a shiver down my spine,

Your thoughts make me crazy, they even make me rhyme.

So tonight my darling, let us kick off our shoes,

And dance with the melody, as we join in the blues. 

Tonight hold my hand and join me babe, don't say no,

Join me tonight, lets dance till dawn on the dancing floor."
Romantic,Love Is Nothing Without You,"Love is nothing without you babe, love is nothing with you, 

You manage to lift up my spirits so easily whenever I'm lost and blue.  

Your love is like a drug, I keep longing for more and more, 

I keep loving you everyday, girl you leave my heart so sore.  

Each time I see your face it is like I'm lost in transition, 

But girl little do you know, that it is you causing my reincarnation.  

I don't feel like I'm me anymore, I am a brand new person, 

I always smile these days, baby I've turned into my happier version.  

I love you!"
Romantic,Love At First Sight,"I bumped into this guy one sunny day,

He smiled at me in a very magical way.

The way he looked into my eyes felt so right,

My eyes were locked with his till the night.

We had so much in common to talk about,

I knew it was love at first sight without a doubt.

Today he is all I think about every single day,

He lives deep down in my heart, I'm not afraid to say.

I love him!"
Romantic,You And Me,"You and me are two spirits, one heart. 

We may be away, yet are never apart. 

Our love is just like a beautiful fairytale,

I 'll never be able to love anyone like this again."
Romantic,I Cannot Take My Eyes off You,"I cannot take my eyes off you,

So sweet is your beauty.

I cannot take my eyes off you,

So magnetic is your charm.

I cannot take my eyes off you,

So beautiful is your face.

I cannot take my eyes of you,

So much I am in love with you."
Romantic,So Special You Are To Me,"So special you are to me,

The greatest blessing you'll always be.

I promise to perpetually shower you 

With all my love,

Because my darling 

You're no less than a blessing from heaven above!"
Romantic,You Are The Best In The Whole World,"Baby, you are the best in the whole world,

To me, you are even more precious than a pearl.

Everything you are, is just so sweet and nice,

In my life, baby you are my sugar and my spice."
Romantic,Poems Sound Sweet Only When They are For You,"Poems sound sweet only when they are for you,

When you're not around, I cannot help but be so blue,

You have brought in my life magic, so wonderful and new,

You are one in a billion baby, people like you are very few. 

I'm so glad I found you, I love you!"
Romantic,Love is the most wonderful thing,"Love is most wonderful thing in life 

I have had that experience with you 

I get lost in your eyes 

Your talk to me when you want you 

I get lost in those gestures 

When you hug me and let me know 

That I may not be perfect for you 

But I am surely the one for you 

Baby you know that I am in love with you
 
This love will not ever change for you 

I will always love you 

I am going to declare and through 

Baby I am in love with you!"
Romantic,You are one I dream,"You are the one I dream about every night,

You are the one I love with all my might.

You are the one with whom it always feels right,

Baby don't you ever go away from my sight."
Romantic,I love you so much,"Does not matter where I met you 

Does not matter how we met 

What matters is now I am with you,

A reason enough to make me smile

Its not for a single day,

It's for my life and all the while,

I love you!"
Romantic,"My Love For You, Yesterday and Today","You and I met each other for the first time one fine day,

And something magical clicked in the most wonderful way. 

The way your hypnotizing eyes caged my sight,

Taking my eyes away from them didn't feel right. 

From that day on, I locked my eyes and my thoughts with you,

And hey look, today you have my heart too. 

And that is why I love you."
Romantic,Every breath that I take,"Every breath that I take my dear 

Every thing I do in here 

That constant thought in my mind
 
Which tells me about you oh kind 

The kind of love I am searching for 

The kind of love that brings allure 

Baby I love you is all I want to say 

I love you in my making way, 

Love that will stay in the heart in time
 
Love that is too destined 

You are my love and you are my life 

I can't think a day without you 

My dear..My sweetheart 

Know that I am so in love with you
 
Yeah...it is the love so true!"
Romantic,All the moments,"All the moments spent with you,

All the special gestures so new,

When you look at me this way,

I forget what I had to say,

Why I love you so much, I have no clue,

When you are not around,

There is a feeling of blue,

Oh I love you so much,

And, I confess it to you,

I won't be able to stay without you,

Love you!"
Romantic,That pure touch,"That first touch had a mesmerizing effect,

The first hug was so pure,

The first kiss was so magical,

The first embrace so allure,

The first love that I felt in your arms,

I forgot who I am,

The only thing that I feel now, is,

I love you so much,

My love for you is pure and such,

That pure touch!"
Romantic,Things I Adore,"The light in your eyes,

The excitement in your happy cries,

The sweetness in your voice,

The beauty in your poise,

The softness of your skin,

The cuteness of your chin.

The plum of your lips,

The slenderness of your hips,

The promise in your touch,

The contagious blush,

The warmth of your embrace,

The love in your kiss.

These are a few among the many,

Things I adore about you my honey!"
Romantic,It's that magic,"It's the magic that binds you and me in one thread 

I feel so good when I am with you, 

I feel so blessed in your company, 

There is something that gets me connected

With your heart every time 

I just want to be with you 

Just want to call you mine

I love you!"
Romantic,I do not know how I will put this,"I do not know how I will put in words
 
I do not know how I will explain 

There is a feeling so magical 

There is a feeling so good in my heart
 
From the time, you have entered my life 

To becoming an important part 

I can share with you my life 

I can share with you my joy 

I can be all bold with you 

I can also be a lot more coy 

It kind of feel so surreal with you
 
It feels so good with your love 

The magic of your touch 

Makes me blush each time 

You hold my hands my love 

I love you!"
Romantic,I love talking to you so much,"I love your company and talking to you

I love spending time with you my love 

I love the way you look at me 

I love the way you give me glee 

When I am with you 

I forget about the world
 
When I am with you, 

I forget who I am in life
 
You understand my love like no one else 

You understand my love so much 

As pure as this bond will stay 

As pure as your loving touch 

Baby I love you so much

I love you a lot!"
Romantic,You are special because...,"You, my love, are the one I dream about every night,

You are the chosen one I will always love with all my might.

You are someone I will always want to have in my sight,

Coz you, my dear, are the only one with whom I feel right.
 
I really love you."
Romantic,I love you so,"It wasn't so strong, 

When I met you first,

It wasn't so deep you know,

But, slowly, you became a part of me,

Slowly you came so close,

We are a heart and a soul my love,

And, I really love you a lot,

Slowly you captured my mind,

And now you are in each thought,

I love you a lot!"
Romantic,You take my,"You take my breath away,

With your cute ways,

Don't know from when,

Don't know how it happened, 

But you became a part of my life, 

Now, without you, I won't really survive 

Coz I will love you till the end of time!"
Romantic,I was so unaware of your love,"I was so unaware of true love 

Unaware those things that might change
 
Unaware that you are now a part of my life
 
Don't know how this happened my dear 

Don't know how you changed it all 

My feelings are not the same 

I blush when I hear your name

Some sort of magic is there in your eyes
 
This captivates my soul 

You have an amazing role 

In my life my sweetheart 

I really did not know that dear
 
That you are going to be a part

Of my life and my being 

Baby I love you so much!"
Romantic,Having You In My Life,"In the warmth of the night,

In such a pleasant sight,
 
Having you beside feels so nice,

Having you in my life,

I have all the spice,

Don't ever leave me and go,

I may not have gestures to show,

But I really love you!"
Romantic,My love will change because,"My love will change because you are in it 

My life will be different every bit 

You are a reason why I smile 	

You have always been there in while 

Baby don't change and remain the same 

Baby don't change in with that name 

My love has no condition for you 

My love will remain in time in due 

Things will be different from now on 

As we are starting this new journey of 

Life together and in time, 

Baby stay as you are and loving 

As you are all mine

I love you so much more in time!"
Romantic,When I search,"When I search my heart, 

I only find your name, 

It's the feeling so new

It's not the same, 

You are my life now,

And you are in my soul

In my life 

You play the most important role

I love you!"
Romantic,Many unsaid emotions,"There are many unsaid emotions between the two,

So many unspoken feelings,  

I know its love and it's pure

Of which I am seeing, 

Confess it that you also can't stay without me

My love for you is pure, 

It's for you to see 

I love you so much!"
Romantic,For some love is bliss,"For some love is bliss

For others it's just a reason

But, for me it's my life

The only thing to survive 

I love you a lot and that is true 

I am so in love with you 

Will love you till the end 

Without any pretend!"
Romantic,Its destiny that I met you,"Its destiny that I met you in life 

It's my destiny with things I like 

I think I am the lucky one 

To have seen you this way 

Your love is a smile that makes me happy 

Being with you makes my day 

Baby don't change for any reason 

My love will remain the same through season 

Life will not be the same 

If we are not connected by the name 

My love will remain this way forever 

Baby I love you so much!"
Romantic,Thank You For Loving Me So Much,"Your love gives me warmth,

It makes me feel like being me,

What else shall I want to see,

Your love gives me the power,

It makes me feel like a blooming flower,

Your love makes me feel like a star,

Which sparkles from far,

It really makes me feel special,

Thanks for loving me so much!"
Romantic,I am so in love with you,"I want to ask you out at a dance ball,

And I want you to be the one for whom I fall. 

I want my eyes to never part yours while we dance,

And, my feet matching every step of yours.

I want to dance with you all night long, 

While the music keeps playing a lovely romantic song. 

I am so in love with you."
Romantic,You are the reason why I smile,"You are the reason why I smile 

You are the reason I stay happy all the while 

A reason that melts my heart 

You know you are an important part 

You are the reason why I am me 

You just let me say and be 

I could not ask for anything else 

Except your love that is my destiny 

Baby I am in love with you 

It's so special and its so true 

I am so in love with you, 

Know that this will remain in time

Baby you are all mine!"
Romantic,I was not the person you see me,"I was not the person you see me today
 
I was so different you know 

You have changed me with your love
 
A love that I can show 

You have bought a positive change
 
You have made my life so good 

I feel an eternal bliss around you 

I feel that positive vibe in you 

Baby I cannot think of anyone else 

When you are besides me 

Baby I love you so much 

More than my heart can see 

I am in love with you 

I adore you and I love you
 
This love will never change!"
Romantic,Love is the only reason,"Love is the only reason that drives the world 

Love is the reason that makes you happy 

It lifts you up and makes you a better person 

Your love had the same effect on me 

Your love has an amazing effect on me 

It will remain this way forever 

Its that magic which I can forever feel 

Baby I am in love with you 

Love which is passionate and so true 

Baby I so love you.

Stay as you are so loving and true!"
Romantic,When I met you,"Meeting you in life was not a choice

Because we were destined to be this way

For each other and had to say 

That you and me are wonderful in life 

You are me are like magnet 

Shall always remain together in all the strive, 

I love you!"
Romantic,Our love is like that test,"Our love is like the test of time 

Our love is rare and so prime 

Our love will stay this way forever 

Our love will have a way in life 

Our love will stand each thing 

Our love will stay this way in time

Our love will not give in 

The rules of the world so new 

You are and will remain special for me

You are and will remain my heart forever 

I love you baby and this love is forever!"
Romantic,Everyday Feels So Different With You,"Everyday feels so different with you,

You make me feel so wonderful & new. 

When I'm sad, with your witty humor to my lips you bring a smile.

Armed with your charm you lift my spirits all the time."
Romantic,How you make me feel,"Did I ever tell you how you make me feel?

You make me happy so effortlessly like it is no big deal. 

All the excitement in my life that you bring,

Makes my heart leap in joy and sing. 

I love you so much."
Romantic,Time is the same and so is place,"Time is the same and so is place 

But our love has that grace 

It is not defined by how much time 

We give each other in this life 

It is an internal feeling and will remain 

It is a feeling of my heart 

Pure love when I say is with you 

There is something magical in this hue, 

Baby I will always remain this way 

My love for you will stay 

I am and will remain in love with you 

I so love you!"
Romantic,That passion and that kiss,"That passion and that wild kiss

When you are not around, I do miss 

All your crazy things that you do 

Your grace and that wind that blows 

Your hair look amazing that way 

I don't have any words to say 

You look so pretty my baby my dear 

You bring in my life lots of cheer 

Coz your love is the reason for my being 

Its every wish that I am seeing 

I love you so much!"
Romantic,Love At First Sight,"With you, it was love at first sight,

My mind you trapped and filled it with delight. 

I almost instantly feel head over heels,

As your love for me did the sweet tease. 

Today, you are all I think about every night and day,

I want to love you more in the best possible way."
Romantic,My Promise to you,"One promise to you I make,

My word, dear one, you can take.

That I will stand by you through bad and worse,

I will be to you, your most dependable resource.

I will bring happiness to your heart and a smile to your lips,

I will bring music to your ears and dance to your hips.

I will hold your hand and never let go,

I will love you so much my baby, and take away all your sorrow.

I love you today, tomorrow, forever!"
Romantic,Love is the only feeling,"Love is the only feeling 

That I feel with you my love 

Love is the only feeling that 

Makes me yours forever in love 

The way you look at me 

The way you stare at me 

Melt me in your arms 

I just want the time to stay this way 

I do not want this moment to end anyway 

Because my love is pure and true 

Baby I am only in love with you 

I trust you and I am in love with you!"
Romantic,Your love is like a medicine,"Your love is like the only medicine
 
That heals my heart and mind 

Your words are like the assurance
 
This makes me all kind 

When you sit beside me my love
 
I want that the time stop by 

When you hold my hand so tight 

When you hug me so tight 

I want that moment to never let go
 
I just want you to know 

That I will love you till the end of time
 
I will love you with all my heart 

You will remain a special part 

I love you so much!"
Romantic,Love is the only reason why I am,"Love is the only reason why I am with you 

Love is the only reason why I still love you 

A reason enough to make my life better 

A reason enough to give me the feels 

Love a reason enough to make me happy 

My love for you is not for a day 

I have made it my only way 

It will never ever change and that is a promise
 
That I make to you today, 

I can tell you and show you much
 
That I love you too much 

A reason enough to make me 

Who I am my dear 

It says it all with a touch
 
I love you!"
Romantic,Love is a pure feeling,"Love is such a pure emotion 

It's the feeling so special being in the same 

There is nothing that you feel in reason 

Not even the person's name 

When in love you just follow your heart 

For that right and the most wonderful start 

Feels so special being in love with you 

Feels so good that I have you 

Baby I will always love you 

And I mean it through 

Baby I will always love you!"
Romantic,Love is so gentle in life,"Love is gentle when I am with you 

Love is true when I only see you 

My heart yearns more in desire for you 

Your name is written in my heart and through 

Baby can't spend a single day without you 

Your love makes me feel special 

Just like the first fresh morning dew 

I am in love with you 

And I will always love you!"
Romantic,Since the time you came,"Since the time you came in my life 

There is a grace and that thought 

Everything has changed and I know 

That it will remain special every way 

Baby don't change the way you are 

You are special every way, 

I love you so much and you should know 

That there are things only to show 

Baby don't change and you have a reason 

To stay in my heart forever 

Because my love for you is pure 

My love for you is true..Only for you!"
Romantic,The surprise of love,"The surprise of falling in love, 

This beautiful miracle that seems like a gift from above. 

The way I am proved wrong when I think love does not exist,

By a stranger who suddenly starts teaching me how to live. 

You have got me!"
Romantic,You Live In My Heart,"You, my baby, live in my heart,

Even if you are away, you are never apart.

Our love story is like a fairytale,

I can never ever love another else this way again. 

I love you my dear."
Romantic,I Smile when I'm With You,"There is a smile on my face,

When I am with you,

I feel so happy from within,
 
You have no clue,

The passion of your love is such,

That day and night, I miss you much,

I want to be by your side all day,

I don't know how to really say,

But, living without you I will not survive,

I love you till the end of time!"
Romantic,Can't Live Without You Dear,"I loved you then,

I love you now,

There are no questions,

Don't know how,

But, now I can't live without you,

You are my life,

My love for you is true,

I love you dear!"
Romantic,Stay As You Are,"Your sweet words make me smile,

Your company for a while,

Makes me feel that I am so lucky one,

Being with you is such pleasure and fun,

Please stay as you are,

Please don't go too far,

Coz I love you!"
Romantic,You are all I ever want,"You enchanted me with your humor and wit,

You made me fall in love with you bit by bit.

Now you are all I desire and all I ever want,

You in my arm, to the entire world will I flaunt.
 
I love you my dear."
Romantic,Such a magical vibe you have,"Such a magical vibe you give my love 

Such a feeling that I have with you 

Your presence takes me to another bliss 

And that seals the passion of the kiss

The kiss that lingers the moment between us 

The kiss that makes us feel so glad 

Baby your love seals it all for me 

But a word to express and thee

That silence and that that lovely spark

Feels so special that love mark 

Baby I so love you!"
Romantic,Loving You Is Sweet And Pure,"Will I be able to tell you, that why I love you so much,

I don't know this feeling is kind of such,

That I yearn for your company each night and day,

When you come in front,

I forget what I have to say,

Is loving someone so sweet and pure,

It's the warmest of all the expressions,
 loving allure."
Romantic,You are my life,"In the darkness of life,

You light up my world making it bright,

Your serene effect on me,

Makes me feel alright,

The love and passion in your eyes,

Makes me suffice,

I don't need anything in life,

I don't need anything in time,

The only right I need,

Is to call you mine,

I love you so much!"
Romantic,Let me hug you,"I will hold you by your waist,

While your lips I taste.

I will run my fingers through your hair,

And let you hug me as if I were a teddy bear."
Romantic,Crazy about you,"I am crazy about you, you already know,

Yet I am never hesitant to show. 

You love me too, why can't you just agree,

I have overpowers your memories in the day, and also while you sleep. 

I will light up your world like a red flaming unstoppable fire,

Only I can fulfill all your desires."
Romantic,Your presence in life,"To behold the presence in my life,

You are the one I love,

You are the one I adore in time,

And, I will never shove,

Coz I loved you and will love you,

Till my last breath,

Coz I love you all the way till infinity,

You are the one, I feel the affinity,

I love you so much!"
Romantic,I Will...,"I will love you more everyday,

I will love you baby in different ways.

I will close my eyes next to you every night,

And I will wake up in the morning with your sweet face in sight.

All this and more I will...because I love you!"
Romantic,It's so magical when you,"Its magical when you touch me 

It's magical when I see you every day 

It's magical when I talk to you 

It's magical when I kiss you 

Its magical when I am with you 

It's magical when I hug you 

It's magical when I melt in your arms 

Its magical when we promise each other 

To love and to remain in love forever 

Its truly magical time my dear 

Your love is my heart's cheer!"
Boyfriend,You Make Me Feel Complete,"Baby your presence makes me feel so rich and complete,

Just by the way you hold my hand walking down the street.
 
I don't need any other person anymore by my side,

As long as you are here with me, I can face any tide.

You are not just the love of my life, you're my best friend,

Together we can face any possible day till the end."
Boyfriend,I Want To Be Your Wife,"Life feels worth living with you around, 

You make me laugh even without a sound. 

You make me smile when my eyes are filled with tears, 

You love me like no other and help me overcome all my fears. 

Everyday I spend with you, teaches me something new, 

How you manage to be so perfect, I really have no clue. 

Thank you my darling for entering my life,

I just can't wait to be called your beloved wife!"
Boyfriend,You're The Reason I Smile,"You are the reason I smile first in the morning 

& your thoughts put me to sleep every night. 

You make everyday feel like a beautiful melody,

I never want it to stop, cause it feels so right. 

I love you!"
Boyfriend,You Give Me Butterflies,"You give me butterflies in my stomach each time I see you,

My brain stops to function, I find myself without a clue. 

It like you've put me under a kind of magical spell,

but it still feels so good, I can't even tell. 

It is like I'm living a beautiful dream, I never want it to end,

I am so glad that you are my boyfriend. 

You coming into my life is such a blessing,

You my love, are my happy ending!"
Boyfriend,You Make Me Sing,"You make me sing, when I want to cry,

You make me dance, when I'm feeling too shy. 

You listen to me when I want to talk,

You hold my hand and take me for walks.

You taught me what is love all about,

You cleared my heart of any possible doubt. 

I love you baby, I love you so,

And with every passing day this love grows."
Boyfriend,I Love The Way,"I love the way you look at me,

I love the way on my shoulder you sleep.

I love the way you hold my hand,

I love the way we together make plans. 

I love the way you make me laugh,

I love the way you call me your better half.

I love the way I love you,

But even more than that,

I love the way you love me too!"
Boyfriend,I Dream About You,"I dream about you and me all the time, 

Your love makes me sing, it even makes me rhyme.  

Every single day my love for you grows, 

And I try every way for it to show. 

I love you baby!"
Boyfriend,This Is A Feeling,"This is a feeling that I have never felt before,

A warm fuzzy feeling when your name flashes on my phone.

The comfort zone we share is so pure and so strong,

Life with you by itself feels like this beautiful song."
Boyfriend,My Boyfriend,"He makes me blush like a little teenager,

And when he touches me, it makes me shiver. 

He checks me out whenever I enter the room,

He never says 'Goodbye'; it's always, 'See you darling soon!'

He brushes my cheek gently whenever he kisses me,

And he makes my heart nearly skip a beat. 

He whispers 'I love you babe' in my ear,

And that very moment all my worries just disappear. 

I love my boyfriend, and yea I always will,

Because my boyfriend is like a dream fulfilled!"
Boyfriend,My Mr. Perfect,"He's sweet like sugar, yet strong like gin,

He's the hot boy in my life, who just walked in.

He has got a smile that is \""oh-so-cute\""!

When he talks to me, the whole world around me goes mute. 

He looks at me with his eyes so deep,

It somehow manages to take always my night's sleep.

His lips are the sexiest I have ever seen,

His body is so muscular, glistening bright with sheen.

In spite of being such a stud he has a wonderful heart too,

But check out his humility, about all of the above he has no clue."
Boyfriend,I Am Madly In Love,"Hey check out that big bright sunshine smile,

It makes me dream about you all day and night.

Even thinking about you makes my heart skip a beat,

I won't get sleep at night even if I start counting sheep. 

I am madly in love with you baby, I really am,

And I try my best to show that to you in whatever way I can."
Boyfriend,I Want A Guy Who...,"I want a guy who tells me everyday that I am beautiful,

I want a guy who makes every day of mine totally wonderful.

I want a guy who holds my hand and protects me,

I want a guy who dreams about only me whenever he sleeps. 

I want a guy who can promise to always be my best friend,

I want a guy who can promise to stand with me till the end.

I want a guy who can lift up my spirits whenever I'm sad & blue,

I want a guy who is nothing different, but just like you! 

I want you to stay in my life just this way forever and ever,

I want that every morning I wake up to world where you & I are together."
Boyfriend,With You I Feel...,"With you I feel I am complete,

My love why you have to be so sweet,

With you, I feel the affection,

My love there is an instant connection,

With you, I feel my life is joyful,

Just love around, no inhibitions or rule,

I love you for what you are!"
Boyfriend,The First Love,"The first time I met you,

I experienced what is love 

The moment I spoke to you,

I experienced what is love

The first time I hugged you,

My love grew for you,

The first kiss we shared,

It made us inseparable two

I just want to say, I love you!"
Boyfriend,Confess My Feelings To You,"My love, 
The moments we spend together,

All the memories, sweet like a feather,

The joy you bring to my face,

Being with you, I have all the space,

I love you lots and will always do,

My love for you is pure and true,

Just want to confess my feelings for you,

I love you!"
Boyfriend,All The Things I Wish To Say,"All the things that I wish to say,

When you come near, you take my breath away,

You make me feel like the one for you,

I can feel your love so passionate and true,

You make my heart beat so fast,

Moments go, still time does not pass

You are the one for me I know,

I just have some words to show,

I love you more, I love you more!"
Boyfriend,"Without You, It's Hard to Survive","You are the one I was searching for so long,

You are the lyrics of my life's beautiful song,

With you around, I am not me,

There is nothing, beyond you that I can see,

All I want to say is that I love you so much,

Nothing in return, my love is such,

Thanks for being in my life,

Without you, it is hard to survive

I love you!"
Boyfriend,Feeling of love,"The feeling of love,

The purity of emotion,

I have seen it all it your eyes,

Since the day I fell in love,

I became wise,

I love you more than me you know,

May not have, 

Many words to show,

But, I love you to the core!"
Boyfriend,You Play In My Mind Every Morning,"You play in my mind every morning,

You are the one I dream about every night,

I miss your arms around you all the time,

No matter what I do I can't express my delight."
Boyfriend,Your love is like a light,"Your love is like a light my dear

It makes my world so bright 

Your love is like that sparkling star 

It takes me to be so far 

Your love is like that solace 

This gives me peace within 

Your love is a flame that melts 

Me and my heart 

Know that this love won't change ever 

Know that you will remain a special part 

Of my life and my being,

Baby I am in love with you 

A love that gives me a clue 

This bond will stay forever in time!"
Boyfriend,One love is all I can see,"One love is all I can see 

One love that change the destiny 

Your love gave me that reason to be 

Your love has changed things I know 

Your love has changed things to show 

Can't think of anything expect you 

Baby I am truly in love with you 

This love will never ever end 

I know that you never pretend

You also love me so much 

As pure as your loving touch

Baby I so love you!"
Boyfriend,My friends do get jealous,"My friends do get jealous of me 

They have their reasons so true 

Having a handsome boyfriend like you

Will make them envious and through 

I am so lucky to have you beside 

So many feelings that I don't hide 

I am clear in my mind that it's pure love 

A love that makes me realize 

That yes that is true beyond 

Things will get a little strong 

For now, I am enjoying being with you 

So lovely to have you in my life 

I love you so much!"
Boyfriend,You know I feel,"You know what I feel for you, 

You know that I truly love you 

Baby, it's not from today, 

It was from the start 

You know that you are special 

And, you stay in my heart 

I love you!"
Boyfriend,Words filled love,"Words describe perfect emotions,

I want to tell you through words,

Never felt this way before,

Your love and allure,

You are my life, can't stay without you,

With you I feel special, something new,

I love you is my only tune,

It is forever, it is so true,

I love you!"
Boyfriend,Love has no reason in life,"Love has no reason in life 

It remains the same in every season 

It all started with friendship I know 

Slowly it shifted to love emotional show 

Then we became so close together, 

Like the bond that will stay forever 

I just have something to confess

That I don't need to impress 

I love you the way you are 

I love you the way you care 

My love is not for show 

Know that it is always there 

Baby you mean a lot to me 

I simply want to say that I love you 

Yeah I do..I love you!"
Boyfriend,Your loving ways,"The small and loving gestures of yours,

Your naughty pranks on me,

I seem too irked by you,

But, you give me all the glee,

You make me happy with your impish ways,

Baby, you are my life's only say,

I love you very much!"
Boyfriend,My life starts with you,"You are my life my boy,

With you I get my every joy,

With you I am in a happy state,

You are my only destiny and fate,

I love you to the core,

You are my only adore,

I love you so much!"
Boyfriend,There is some kind of magic,"There is some kind of magic that I experience 

Whenever I talk with you my love 

I am in some another world 

When I talk with you I feel so in love 

The more I am knowing you 

The more I am well falling for you 

If I say that it is the first time that 

I know what love is 

Then I think it is only because of you 

Baby don't change and be the same 

I smile only because of your name 

Baby, know that I am in love with you 

Yes, I truly love you!"
Boyfriend,My love for you,"My love for you does not seem to stop, 

It makes me feel like I am on the top.  

This is such a beautiful and peaceful feeling, 

I am finally feeling like I am really breathing.  

I long forever to hear the sound of your voice, 

I want to be with you forever I have made my choice. 

Coz no one else can ever love me again this way, 

I want to live with you baby for the rest of my days. 

I love you so much."
Boyfriend,You know it all,"You know how to make me smile,

When I cry in vain,

You talk to me like a friend,

There is nothing to pretend,

You love me without a clause,

And, I promise there won't be any pause,

Coz I will also love you in the same way,

Just want to say,

That I love you!"
Boyfriend,You are so good,"You make me feel like a gem, 

You make me feel so good, 

As I truly desire your love in life, 

I also want a 'touch wood', 

So that our love stays this way forever in time,

Feels too awesome, because you are mine, 

I love you very much my boy,

Saying it with all the coy,

But I truly do!"
Boyfriend,What is love?,"What is true love, I know it now,

It's because of you,

What is true love, I know it now,

Coz it is very true,

I love you so much is all I want to say,

Will love you till the end of time,

And, I lovingly want to call you mine,

I love you my honey pie!"
Boyfriend,I did not know that,"I didn't know how to define love 

Love may not be so perfect for me 

But I am for sure in love 

I can read it in your eyes and see 

You love me and I know that well 

With you, all my stress does dwell 

Being with you gives me a sense of staying 

Being with you, I feel so blessed 

Love in your eyes that I can see 

With the same loving zest 

Baby I don't want you to change 

I want that you stay the same 

I love you so much!"
Boyfriend,You are my world,"Thanks for coming in my life, 

And making it so beautiful

Your presence in my life, 

Is all the more wonderful,

Because you are the reason of my smile,

All the way and all the while,

I love you so much!"
Boyfriend,When You Are Around,"It is a great feeling when you are around,

I become immune to any external thoughts or sounds.

I close my eyes and lay on your chest

It is the only place where I can find rest.

All my troubles and worries flash before my eyes,

But then your thought comes to me and I manage to smile.

It doesn't matter any more what I what's my way,

Coz when I'm on your chest, the music of your heart brightens up my day.

I love you my darling boyfriend,

So glad to have you around."
Boyfriend,I love the way you look at me,"I love the way you look at me 

I love the way you make me smile 

I love the way you get dresses for me 

You fulfill my dreams all the while 

I love the way you do things

So that I stay happy in life

Baby no one loves me the way you do 

No one can ever be like you 

You are and will remain my boy 

I am so happy with you..You can see the joy 

I will love you forever in life

That is a promise from your to be wife!"
Boyfriend,The day we met,"When I saw you,

I fell in love with you,

When I kissed you,

I felt complete and through,

When I hold your hand,

I want the world to understand,

That I truly love you,

And that you are all mine,

With you, life is more than fine,

I love you!"
Boyfriend,Just like the stars,"I want looking at the stars when you came to my mind, 

You to me are my most precious and delightful find!  

Just like stars above and plentiful and never-ending, 

You and me are perfectly blending! 

I love you so much."
Boyfriend,So lucky to have you in life,"So lucky I am, you are in my life 

So lucky I feel being with you 

With you, my world is so different 

It feels so magical and amazing too 

So lucky I feel falling in love each day 

I am so blessed to have this say 

That baby you truly stay in my heart 

And now you are an important part 

This love won't ever end in life 

Because I have given my all to you 

Baby today I want to confess it to you 

That yeah I truly love you!"
Boyfriend,Can't think of anything else,"Can't think of anything else my love 

Can't think of a life without you 

Tell me why you melt my heart 

Know that I truly love you 

There has not been a single day 

Without which I have survived

You have become my destiny my life 

I can only call you my life 

Baby don't change ever and your love 

Will remain in my life forever 

Baby all I wish to say today 

That you are mine all the way 

I love you so much baby 

Will love you forever!"
Boyfriend,With You I Have Been So Happy,"With you I have been so happy,

You never give me a chance to complain.

With your crazy wicked sense of humor,

You drive me insane.

You are not just my boyfriend, 

But my entertainment package.

Without you my life is so dull,

I need you to take away all emotional baggage.

I love you so much."
Boyfriend,Time stays forever,"Time stay forever this way 

Things may choose to be on way 

Your love has given me a reason to be

A reason enough my heart wants to see 

Your love is the reason why I stay happy 

Your love gives me a bright smile 

Your love is something which changes me 

Your love is feeling that lets me be 

Baby let the world change but my love 

Will always remain the same 

I am in love with you 

You are the best..You are one in few!"
Boyfriend,Dreams...,"I used to dream that I find a lover so sweet and true, 

I used to dream only till the day I found you. 

You made all my dreams feel alive and new, 

You made each of them come true. 

I want to be yours forever my love, 

I want you be yours like to the sky belongs the sun! 

I am totally in love with you my sweetheart!"
Boyfriend,Baby you have given me,"Baby you have given me that dream, 

That love can also be so true 

I forget about the time 

When I am sitting beside you 

That silent talk which we have 

Whose glances and enough to say 

That you make my world so bright 

You are my only way 

Thanks for giving me this love 

I want to stay with you forever 

I am so lucky to have you my boy 

I am so lucky to have you in my life!"
Boyfriend,You!,"Your strong arms,

Your smooth charm.

Your loving eyes,

Your comfortable vibes.

Your cheerful humor,

Your romance like no other.

Your protective nature,

Your thoughtful gestures,

Make me all love you more than you know,

Much more than I could ever show. 

I love you sweetie."
Boyfriend,Some say that love makes you,"Some say that love makes you weak 

Some say that love is so bleak 

Some say that love is an emotion untold 

Some say that love cannot be sold 

Some say that love changes with time 

Some say that it does not remain prime 

I say that love is forever 

It starts with your name and mine 

Yes, we will change what people think 

With the love in the eyes and blink 

Our bond is strong forever 

It's just you and me forever 

My boy, I love you so much 

As pure as your touch!"
Boyfriend,I wish to spend,"I never want to spend my days without you, 

I want to hold you tight, 

When you are not around me, 

I don't feel alright, 

Such is your charm and your effect on me, 

That everywhere it's you I can see, 

I so love you my cutie pie,

With you my life is joyful and fun,

I so love you my life, 

Would be glad to be your wife!"
Boyfriend,You stole my heart,"You stole my heart when I was very young, 

I could only walk but you taught me to run. 

The beauty in this world, through your eyes you made me see, 

You helped me live in this wonderful world, you taught me to breathe. 

I am in love with you."
Boyfriend,Life will not change for me,"Life will not change for me 

The time will stay as it is 

I have such a loving boyfriend 

You are my dream come true 

You make me smile with your love 

You express every way and through 

You have reasons to love me 

My reason is only you 

The love that I see in your eyes 

Makes me naughty and makes me wise 

My boy don't ever change 

Let the love remain this way 

I will love you forever!"
Boyfriend,I know that I am not perfect,"I know that I am not perfect 

You are not perfect too 

I know that I am not so caring 

But I can see that in you 

I annoy you at most times 

I can also shout at you 

But you understand me so well 

You bring out the best in me 

With you, I am truly carefree

With you there is all the glee

Baby never stop loving me,

Like you do love me crazy 

I can call you mine forever 

Your love is only I can see..I love you!"
Boyfriend,There is no one like you,"There is no one like you my boy 

With you, I get all the joy 

One smile of yours melts my heart 

One gesture becomes an important part

Can't think of a way without you 

I just cannot stay away from you 

Baby know that it's all the way 

I have declared my love for you 

You are so perfect I want to say 

A perfect boyfriend anyone can ask 

I love you is all I want to confess 

In my happiness that I bask 

I will always love you sweetheart!"
Boyfriend,When I think,"When I think about love,
 
I only think of you,

With you I got so much happiness 

Do you have a clue? 

That I was and I am in love with you 

Yes baby! That is true 

I love you!"
Boyfriend,If someone tells me to define,"If someone tells me to define love 

I will certainly take your name 

For me you are love 

And all the moments that I spent with you 

Is all love for me 

It's not important that you stay with me 

Or give me your time to thee 

The time that we spent together 

Makes me realize that purity 

If I ever know about love 

Then it is because of you

A love so pure and so true 

Baby don't change and know well 

That it's only in your thoughts that 

I dwell and will love you forever 

Baby you are mine forever 

I love you a lot!"
Boyfriend,If Stars Were to Talk,"If stars were to talk, they would speak about my love for you.

If the moon were to smile, it would smile at me coz it knows you love me too.

If angels were to exist, they would sing for us,

Coz even they know you for me are one in a hundred.

I'm glad a found you dearest.

I love you sweetheart."
Boyfriend,This is how you make me feel,"You make me feel like a butterfly, 

Who has just grown wings and is flying high. 

You make me feel like a gazelle, 

Who has just learnt to run.  

You make me feel like a teenager, 

Hopelessly in love with her lover. 

You make me feel so wonderful,

My darling, you make me feel beautiful. 

I love you!"
Boyfriend,When I think about you,"When I think about you, 

My mind truly goes blank, 

Why this happens I don't know,

All the words and emotions to show, 

I only feel for you from my heart, 

It's the feeling from the start, 

My life is truly incomplete without you,

Baby I do and will love you!"
Boyfriend,The first time,"The first time when you touched me,

I felt something magical,

That first kiss that we shared,

The moment was really special,

The way you hold my hand,

I never want you to let go,

I just want you to know,

That I love you so much sweetheart,

That we will never ever part!"
Boyfriend,Fell in love twice,"You are so funny, you are so nice, 

You are the boy with whom I fell in love twice. 

The first time was love at first sight, 

My heart said 'ouch' when cupid's arrow striked. 

The second time I feel for you was when I got to know you, 

I realized that this was love, because the feeling was completely new. 

Now that I have you in love with me too, 

I will never ever let you go away and leave me blue. 

I will hold your hand and stand by you forever, 

I will always be your girlfriend, will leave you never! 

I love you today and for always!"
Boyfriend,Baby have I ever told you,"Baby have I ever told you this 

That you have a special place in my heart 

I can't do with the time I spent without you 

You only give me a clue 

That is life worth living without you beside 

I simply cannot hide things in tide 

I want to declare this today to you 

That I am so in love with you 

I will forever love you is all I want to say 

So that you also have a quick way 

To tell me that you also do 

Baby yes, I truly love you 

I am so in love with you!"
Boyfriend,Can't wait to be your bride,"I really can't wait to be your bride, 

I really can't wait to have your child. 

I really can't wait to start my life with you, 

I really can't wait to have as my husband you!"
Boyfriend,My love for you,"My love for you is real

My love for you is not fake,
 
Not for the heck of it 

Not for just the sake

My love for you is pure 

And, I feel loved and allure
 
With you in life 

I love you!"
Boyfriend,You mean so much to me,"You are like water to a dehydrated person, 

You are like melody when a person is singing.  

You are the big bright sun to a long winter night, 

You are the boy I want to cling on forever with all my might. 
 
I could search and dig but never find someone like you, 

Cause boys like you are so damn few. 

Now that you are finally mine, I never want to let you go, 

I want you to know that baby, I love you so!"
Boyfriend,Cupid Struck me,"It is said that when cupid strikes, 

It is a moment when reality bites. 

You will know that this love is real, 

And when I look at you, this is exactly the way I feel. 

I think I am in love with you."
Boyfriend,My whole life,"I want to spend my life with you, 

And there is nothing else I want to do. 

I say this again and again 

Because darling it is so true. 

I have given you my mind, body and soul, 

There is nobody else whom I love and adore."
Boyfriend,Every time your name flashes on my phone,"The feelings that I have for you are so very strong, 

It feels so sweet like a melodious romantic song. 

This feeling is unusual and never experienced before, 

It's a warm fuzzy feeling, yet real and pure. 

It is like butterflies making my stomach their home, 

Each time your name flashes on my phone! 

I'm crushing on you!"
Boyfriend,You make my rhyme,"You are the boy who makes me dream all the while, 

You make my go crazy, you make my sing, even rhyme.  

This is the first time that I am feeling this way, 

I need you by my side every night every day! 

I love you so much my darling boyfriend."
Boyfriend,To my dearest Prince,"To my dearest Prince, 

This one is for you.  

I have loved you like I have loved no other, it is true. 

I have kissed you like I had never kissed before, 

I have said good bye to you longing to see you again, at the door. 

I have sung for you with all my heart and soul, 

I have dreamt for dancing Broadway with you along the street light pole. 

I have got jealous and hell lot of it when I have seen you with another girl, 

But then I have smiled to my self when you came back to me coz in the end I am your girl. 

I have held your hand like I wear wearing your wedding ring, 

It means so much to me coz your hand is the most beautiful thing that I could be wearing. 

I have spent my days with you like there is no tomorrow, 

I have laughed with you like in the world there is no sorrow. 

I have hugged you like there is no one else around, 

I have stuck you to as if to you I am bound. 

I have danced for you like I am your private doll, 

I have rested my head on your shoulder so strong. 

I have missed you like there is nothing else left, 

It is all because I have loved you baby coz I believe in you alone am I blessed."
Boyfriend,Damsel in Distress,"I am the damsel in distress, you are my hero,

You take away all my problems and sorrow.

You replace them with laughter and love,

You are not just my boyfriend, but an angel sent from heaven above.

I am in love with you."
Boyfriend,As we dance...,"As we dance and you pull me close, 

I get this unusual high, it's a crazy dose.  

I feel like I could fall asleep in your arms forever, 

I feel like letting go of your hand never. 

I wish that the music never ends, 

I wish that you always be my boyfriend. 

I love you so much baby."
Boyfriend,My love is sweet,"My love is so sweet, 

And, it starts with your wonderful name
 
My love for you is passion,
 
It is that eternal flame 

That will keep burning till the end 

Without any regret or any pretend 

I love you a lot!"
Boyfriend,The days spent,"The days I spend in your company,

Makes me forget myself,

There is something in your charm,

That binds me to you,

Something in your love,

I don't have a clue,

I think I love you more than anyone else,

Without you I feel so blue,

I love you sweetheart!"
Boyfriend,You are my most shining star,"You to me are my most shining star, 

So precious to me baby you are. 

I will love you forever whether you are near or far, 

For on my heart your name has left its sweet scar. 

I love you."
Boyfriend,The Day You Asked Me Out,"The day you asked me out ,

I had no doubt.

I knew you were perfect for me 

And only with could I set my heart a free.

But today after all the highs and lows,

I realize that I love you more.

My Love I for you is even more real,

I am finally sure about the way I feel.

I know that irrespective or what comes by way,

I want you by me, night or day.

Nothing will ever be able to take my love from you,

I would always long to hear you saying that you love me too."
Boyfriend,Sweet Is Your Kiss,"Sweet is your kiss,

Great is the way you hold me on my hips.

Loving are your eyes,

Smooth are your vibes.

Charming is your smile,

Cute are your whines.

Dear is your love,

Sensitive is your care.

I need you near me baby,

Today and everyday."
Boyfriend,Greatest Gift,"You make my laugh, you make me cry,

Yet I fall in love with you only, and I don't even know why.

You love me like no other can,

You are not just my boyfriend but the greatest gift I have.

I love you."
Boyfriend,In the world filled with people,"In a world filled with people, God introduced me to you, 

I was so amazed when I got to know you coz people like you are very few. 

Now that I have met you I don't ever want to let you go, 

My future is in your hands baby, I want you to know."
Girlfriend,You are a package,"Your beautifully seductive lips, 

Your sexy dainty hips, 

Your delightfully mesmerizing eyes, 

Your sweet adorable smile, 

Your tender loving touch, 

All of these make me love you so much!"
Girlfriend,Your beauty each day,"Your beauty enthralls me each day 

When you come near me 

I lose my say,

Baby I think I am in bliss,

Please seal my love with your tender kiss,

I love you from my heart, 

From the very start,

I love you!"
Girlfriend,My love for you,"My love for you is beyond imagination, 

It's a strange kind of addiction, 

I can't stay without you even for a moment, 

There is something which attracts me to you, 

Without you I feel so blue,

With you everything is fresh like dew, 

Baby, I just want you to know, 

That I will always love you!"
Girlfriend,You are the one,"You my angel and the one and only I don't want to breathe without,

This I say today and I say without any hesitation or doubt.

For you, are not only my girlfriend, but everything to me,

It is in you only that my heart is set alive and free. 

I love you."
Girlfriend,Not everyone in life,"Not everyone is lucky in life, 

Not everyone feels so blessed

But, having you in my life, 

It feels like pure passion

Please stay this way forever,

In my loving nest 

Love you baby!"
Girlfriend,You mean the world,"You mean the world to me 

Its everywhere you I can see 

When you are with me 

I feel like a pleasant glee, 

This is love and I am sure 

That it is really pure 

I love you so much!"
Girlfriend,I am so in love,"I am madly in love with you, 

I may never say it on your face 

But, I mean a lot when I say 

Will love you till the end of time,

Baby come what may, 

I love you so much!"
Girlfriend,Does not really matter,"Does not really matter when it started, 

But, I am sure of my feelings ahead, 

I love you and will love you till the end of time

I feel so lucky to call you mine 

Baby I so love you each day, 

You are my life's only say 

I love you!"
Girlfriend,Like you in life,"Having a girlfriend

Like you in life, 

Its like having all the love,

I know your love is pure for me

It truly feels like ecstasy,

Stay this way forever, 

Being my love that you are!

I love you!"
Girlfriend,My Love For You,"My love for you will never fade,

I will never love another girl this way again.

You are the girl for me just the way I am for you,

And together I know we make the perfect two.

Sweetheart, you got my crazy about you."
Girlfriend,Your pretty eyes,"Your eyes are so beautiful, 

You the person, so wonderful,

I don't believe that you are mine, 

And, with each passing time, 

My love for you has only grew,

It feels so special and so new, 

The moments when I am with you, 

You are truly special you know, 

And, I really love you!"
Girlfriend,There Is This Girl,"There is this Girl, with her charm, creates a sweet sensation

Takes away your mind off any sort of sensible information.

She will have you hypnotized into her charismatic beauty,

You will forget all your problems and responsibilities. 

She will cause you to walk past the area where logic dwells,

She will cage you in her addictive essence."
Girlfriend,Until I Met You,"Until I met you, 

I dint know the meaning of love,

Until I met you,

I dint know who am I,

Now, that you are in my life,

I love you more than me,

Deeper than the sea, higher than the sky

I love you so much!"
Girlfriend,The more I see,"The more I see your face, 

The more I fall in love with you

The more I talk to you 

The more I get sure 

That it is love and it means a lot 

From my most loving thought, 

It is love for sure!"
Girlfriend,Can't Wait Anymore,"Can't wait to see your face again, can't wait to kiss your lips,

Your face is prettier than a princess, your lips sweeter than honey. 

I can't wait to hold you tight into my arms, and never give you away,

Baby can't wait to love you forever and keep you with me all day."
Girlfriend,I want to make you my wife,"You are prettier than the moon and brighter than the sun, 

So lovely is your magic and charm, truly comparable to none.  

Your grace is unbeatable and smile is so contagious, 

Your body is divine, beautiful, dainty yet furious.  

To me, you my girl are the sexiest girl alive, 

Without wasting much time baby, I want to make you my life!"
Girlfriend,God sent you,"I want to thank God for bringing you into my life, 

I want to thank God for making you the girl who is perfect to be my wife. 

I want to thank God for taking all my problems away by sending you, 

But most of all I want to thank God for making me complete from one to two with you!"
Girlfriend,Can't Wait To Make You My Bride,"The first time we met, 

That moment I can never regret.

We became friends so easily; 'twas so effortless,

I look back and think how beautifully I'm blessed.

As time flew and we grew close,

You slipped into my hand a rose.

That moment made me look at you in a different light,

You were not just my friend anymore, you were someone I would always hold on tight. 

I look for you each time I'm sad and low,

Whatever would I do without you, I really don't know. 

You taught me how to be happy in life,

I just cannot wait to be your beloved wife!"
Girlfriend,You Spellbind...,"You spellbind my heart with your sweet little smile,

But even more than that it is your eyes that lock me in for a while.

Your love is enough to fill a million of ships,

You my baby are surely the one forever I will keep.

I love you my beloved."
Girlfriend,Each time I see,"Each time I kiss you, 

I can feel you from within, 

I think I am in love with you 

And, baby it is so very true 

It is love for sure you know 

May not really show 

But, yes I do 

I love you!"
Girlfriend,You are an angel,"You are not just my girlfriend you are an angel to me, 

Without hearing your voice, I can't even sleep.  

For you there is nothing that I wouldn't do,

Because my baby, you are really are one of my most precious few."
Girlfriend,A Student's Description Of Love,"Mom and Dad are sick of me thinking about you,

But little do they understand how much I love you. 

Friends think I have gone crazy and maybe I am,

I fear not meeting you, even more than exams. 

Mathematics and Science don't excite me anymore,

I long for the day, when you will enter my door. 

I have lost interest in Language and History,

All I care about is solving your mystery.

You my dear are the girl of my dreams,

You are the one for whom my hearts seeks.

Get out of my dreams and enter my life,

I need you here and for that I will strive."
Girlfriend,Your Beauty,"Your beauty shines through the night sky,

It takes me to another level and lifts me up high.

Your voice telling me that you love me makes my heart pound,

To my heart it is like the most beautiful sound."
Girlfriend,"Everything, Everyday...","Everything that has been missing before,

You have brought to me in abundance, more and more.

In my heart your love has growth into the strongest tree,

Everyday I close my eyes to dream, about you and me. 

I love you my dear."
Girlfriend,I Love You,"Your eyes, your smile,

Your ability to make my life worthwhile,

The way you hold my hand, 

The way next to me you stand,

The way you play with your hair,

The way you flood me with your loving care. 

I seem to love everything about you oh girl,

You are not just the girl from my dreams baby, 

You are my whole world."
Girlfriend,My Girlfriend,"My girlfriend's eyes are as beautiful as diamonds,

My girlfriend's lips have the smile of the morning sun. 

My girlfriend's body is fragile and delicate,

And my girlfriend's skin is pure like a swan."
Girlfriend,Your touch is,"I love you since I saw you

I loved you ever since then

Its just pure love from my side 

And, nothing to pretend 

Baby I love you so much 

Lost in your thought 

And your touch 

I love you!"
Girlfriend,What You Are To Me,"To me, you are my heart and my soul,

You are my whole, not part, but whole. 

My mind can never ever stop thinking about you,

My love for you is forever pure and true."
Girlfriend,That was special,"It all started from a hug, 

And then it was pure love, 

The moment that was special 

It was really magical,

Baby, I fell in love with you 

That very moment you know 

My love for you is true, 

I love you!"
Girlfriend,I Fell In Love With You The Very First Time We Met,"I fell in love with you the very first time we met,

Your picture deep down in my heart I had kept.

My eyes were immediately mesmerized by your angel like beauty,

& your child like innocence made me fall in love with you instantly.

Finally the day came when I confessed all that I felt about you my girl,

And when you said, you felt the same way it felt completely out of this world.

Now that you are finally mine, I don't ever want to lose you,

I always want to stick with you baby, without you I would be lost and blue. 

I love you so much!"
Girlfriend,If A Hug,"If a hug would measure the amount of love I have for you,

I would hug you my darling forever, and never would I leave you. 

If a kiss would measure the amount I care about you,

I would kiss you till the last day of my life, because girl I'm crazy about you! 

I love you!"
Girlfriend,Knight in Shining Armor,"I am your knight in shining armor, 

Who will always keep you safe from harm,

Because to me, my dear angel, 

You are no less than a magical charm."
Girlfriend,There is a Good Old Saying,"There is a good old saying that in life there is one,

Who you will meet,

Someone who will make your life complete. 

Someone who will pull you up and give you strength,

Someone who will make you neither fall, crumple nor bend.

You are that one angel that I have been looking for, 

My one and only,

Who lifts me up and makes me smile,
 
When I am sad, gloomy and lonely. 

My love, you have showered me with so much care

It has made you to me, so precious, so rare.

Meeting you my angel is a wonderful opportunity I have won,

My happy days now have begun.

Baby, I love you so so much."
Girlfriend,To The Caretaker of my Heart,"I have given you the keys to my heart,

Now looking after it is responsibility on your part.

I have put all my trust and fidelity with you,

A trust earned by only a few,

Take care of it my darling, 

Coz with my heart I have given you everything. 

I love you today, and will love you forever."
Girlfriend,Love is the only reason in life,"Love is a reason why I am with you 

And the reason is enough to prove and through 

That my life has changed because you are in it 

I feel like I am in some another world with you 

I feel so lucky and there is a Allure 

As magical as your love is so pure 

Stay in my heart forever and don't leave 

I have trust in you and that belief 

That we will stay this way forever in love 

I love you my girl 

You are and will be my world!"
Girlfriend,How I Will Survive,"I was mesmerized when I first saw you,

I thought who would be the lucky one to get you

But, you are in my life now,

Hope it's not a dream and how,

Wish to be by your side all day,

Love you forever, and ever!"
Girlfriend,You And Me,"It is a special world surrounding you and me,

It is a world baby, that only you and I can see.

In this world there is only love and no hate,

It is only us absolutely loving every bit of our fate. 

It is you and me dancing around and singing for each other,

It is you and me promising that we will always be together.

Our love goes beyond all barriers of communication,

It is beyond anybody else's contemplation. 

Because you understand me and I understand you,

And how much we love each other nobody else has a clue.

I love you my Princess."
Girlfriend,Happiness is what you make me feel,"Happiness is what you make me feel, 

When you are around my life is filled with glitter and sheen, 

You wipe away all my troubles and pain, 

My darling I cannot wait to see your sweet face again!"
Girlfriend,My Girlfriend Forever,"Her eyes look at me, and her lips give me a sweet smile,

Little does she know that she makes my heart run for miles.

I am so much in love with my girlfriend, I can hardly describe,

She is my girlfriend forever, the apple of my eye!"
Girlfriend,She Walked Into My Life,"She walked into my life like a ray of sunlight from above,

It didn't take time for me to fall in love. 

She has become the reason for me to be,

Coz it is only she who brings out the best in me. 

I love her."
Girlfriend,My heart beats only for you,"My heart beats only for you 

Whenever I see you, I feel like bliss 

When I come close to you my love 

I feel the passion of your lovely kiss 

I feel the heartbeat that grows so strong 

And I become sure to me you belong 

Coz there is nothing more to my life 

You are my smile and my reason to survive 

Feels like heaven when I am with you 

You know that I truly love you 

And will love you till the end of time 

You are forever and forever mine!"
Girlfriend,When I Was A Kid,"When I was a kid, I heard stories about Princesses,

Beautiful and fragile, innocent and charming,

You are just like that, my dear,

All around you everyday, you spread your cheer. 

Fragile as you are, still you're strong,

Innocent as you are, still you're understanding.

Girl, you are no less than an angel to me,

You fill my life with happiness and glee. 

I love you!"
Girlfriend,How I Will Survive,"There are words, and there are feelings,

But, there are some other things,

You make me feel so special,

You make me feel like a bling,

Thanks dear for coming in my life,

I don't know without you,

How I will survive?"
Girlfriend,You are so amazing,"Your cute chirpy giggle, 

The way so easily with my friends you mingle, 

Your ability to make my family love you too, 

The way you make me smile when I am blue. 

These things about me make me love you all the more, 

The trust that I already have for you only grows. 

You are amazing and I love you!"
Girlfriend,"Girl, You Are My Angel","Girl, you are my angel,

Life with you is like heaven.

Everyday my lips long for your kiss,

Cause it takes me to the state of eternal bliss.

How I wish I could perpetually get to hold you near,

How I wish I could get to watch you sleep my dear.

I would hug you in my arms so tight,

& stay up to watch you sleep 

Cause it would be such a lovely sight.

Today I just want you to know,

That I darling I will always love you so."
Girlfriend,You And I Complete The Word We,"When I first saw you, I was awestruck,

Now, you are with me, I can't believe my luck

With you around, I feel so at ease,

It feels like the cool morning breeze,

My love, you are the reason why I feel the glee,

You and I together complete the word 'we'

I love you loads my dear!"
Girlfriend,The way you look,"Your eyes so deep and beautiful,

Has made me believe that in this world exist, angels.

Your lips so supple and so red,

The thought of touching them with my lips won't seem to leave my head.

Your good looks so vivid and warm,

Can encourage me to fight against any storm.

I am in love with you."
Girlfriend,Everything About You...,"Your dove like eyes,

Has me hypnotized.

Your sweet smile,

Has me glued for a while.

Your loving voice,

Is like an enchanted melody.

Your beautiful hair,

Completes the beauty of your symphony.

I love you!"
Girlfriend,You are my only good luck in life,"You are my good luck charm you know 

There are many ways in which I can show 

That my love for you is beyond all words 

That I love you from my heart my dear 

When you are not around me my love 

All I can say is that I miss you much 

Stay in my heart and in my life forever 

Be as you are coz we are good together 

I mean what I say my love 

Be as you are the sweet ways of yours 

Coz I love you much!"
Girlfriend,A Very Special Place,"A very special place, 

Just for you and me,

It is deep down in my heart,

Where, no one else can be.

The love I have for you runs so deep,

It keeps me thinking through the day,

And even at night, I can hardly sleep."
Girlfriend,My Girlfriend,"My girlfriend is a princess, she is a doll,

Her heart is so pure, like a child so small. 

Her voice is like magic, it falls so sweet to my ears,

It takes me to a world without pain, sufferings and fears.

Her eyes are so beautiful, just like that of an angel,

I can get lost in them, & begin to feel I am in heaven. 

Her lips are so soft; I could kiss them all day long,

I could keep her safe from any harm in my arms so strong. 

She tells me she loves me, and I know it is true,

A girlfriend like mine is gifted to only a fortunate few."
Girlfriend,Look in the Mirror,"Look in the mirror,

How beautiful you are,

Your beauty gives a complex,

To every single star.

Your oh-so-very-pretty smile,

Makes my heartbeat skip for a while,

And when your eyes turn to look at me,

It kills my heart, beat by beat."
Girlfriend,Want You To Be Mine Forever,"You are the angel of my life,

Without you, I can't even survive,

When you are around, I feel so happy from within,

The gentle touch of your skin,

I feel so good, to see you smile,

What if only for a while,

I want you to be mine forever now, 

Waiting to take the wedding vow,

Love you my love!"
Girlfriend,My love you are,"You are great in whatever you do, 

You are too good to be true 

Having you in my life, 

Is like a blessing come true 

My girl I love you so much 

And, every time you touch,

Makes me feel special

I love you so much!"
Girlfriend,I think I am lucky,"I think I am so lucky

Coz I have an angel like you 

Whose love is enough! 

To make me go weak in the knees

My love I love you so much 

I keep longing for your touch 

I feel so good, 

I love you!"
Girlfriend,Be my bride,"I want to ask your father for your hand, 

I want to on your finger put my wedding band. 

I want to see you dressed up in white walk towards me, 

I want you my bride to be!"
Girlfriend,My promise to you,"I will be the knight in shining amour,

Fighting for your love and your honor.

Together we will touch the gates of heaven,

So high where no eagle has been nor raven.

Ill protect you for any harm or danger,

I'll wash away your sorrows and make them strangers.

You will be the princess ruling my heart,

Never ever shall we part!

You will be my throne, for whom I shall serve forever,

I will love you so and forget you never."
Girlfriend,You make my life perfect,"If happiness is the state of mind, you are the one controlling it,

If joyfulness belongs to the heart it is seeking your guidance bit by bit,

If romance is just a metaphor you still manage to give meaning to it,

Coz you my girl, add happiness, joy and romance into my life and make it so perfect!"
Girlfriend,Soul mates we are,"You are my soul mate and I am yours, 

In my heart your face, my angel, is already drawn. 

I always have your name on my lips, 

I will always have my hands locked on your hips. 

I will always pull you closer to me, 

You will perpetually be the one I think about before I fall asleep."
Girlfriend,I love you because you are perfect,"I have loved you for so long now, 

As every day passes by you make me go wow! 

You are so very perfect in every possible way, 

And with your perfection you brighten up my everyday."
Girlfriend,My Wish,"If I had only one wish all my life,

I would wish to make you my wife.

I would wish to wake up every morning to the smell of your skin,

I would wish to make you happier than you have ever been.

I would wish to always be there for you,

I would wish that my sweetheart is never ever left blue. 

If I had only one wish all my life to live up to,

I would only and only wish for you!"
Girlfriend,When I saw,"When I saw you, 

I fell in love with you, 

Now when you are with me, 

I love you even more, 

Love is a feeling untold 

It is so very pure, 

As my love for you 

Baby I so love you!"
Girlfriend,Marry me,"I want to get down on one knee, 

I want to ask you to marry me. 

I want to carve your name in my heart, 

I want to promise you that from now on we will never part!"
Girlfriend,The first time we met,"I still remember the first time we met, 

I was so nervous when on my cheek you gave me a peck. 

I still remember the first time we held hands, 

I was so curious to know where our stands.  

Today that you are mine I wish you stay forever, 

Coz' nothing else seems enough, I will always want you longer.  

I am in love with you my princess!"
Girlfriend,You make me happy,"So happy you make me girl, 

I feel like I am the luckiest in this whole world, 

I miss you every day and every night,

Not being around you baby, never ever feels right!"
Girlfriend,You are my desire,"My heart yearns for you each day, 

When you come in front, I lose my say,
 
You are my first and last wish in life, 

Without you I can't survive, 

Baby I love you and will love you till the end of time,

Feel so blissful coz you are all mine,

I am lucky to have you with me, 

It's everywhere you I can see, 

I love you!"
Girlfriend,You Are Everything,"Patient listener, dear friend,

You are the girl with whom I want to be,

Till the very end. 

You are the girl who helps me concur my dreams,

You make my happier than I may seem.

I love you my sweetheart."
Girlfriend,An Angel From Heaven,"Mad, crazy and absolutely insane are the times spent with you, 

Sweet, innocent and strong is the love that I feel into without a clue. 

Girl you bring magic into my life, more magic than I can even imagine,

It is you my love, who has set in my life the red carpet of celebration.

I wish I could only show you how thankful I am to you my love, 

You are the most beautiful angel I have ever seen from heaven above."
Girlfriend,Your beauty...,"I see the beauty in you like no other,

You are filled with elegance and splendor.

You have the eyes of an angel and the innocence of a dove,

All this I see, through my eyes filled with love. 

I love you."
Girlfriend,My Girlfriend Has Opened My Heart,"My girlfriend has opened my heart and cared for it so dear,

So much that I have decided to forever keep her near. 

She has lifted me up when I was low,

Today to me, she is my angel, and this I want her to know."
Girlfriend,A Sparkle With A Bling,"My heart yearns more for your love,

I cannot describe,

What I feel inside,

With you around,

I can't see anything,

It's like a sparkle with a bling,

My love I can't really express,

But, I feel to be blessed,

Yearning for your love and more,

Love you forever, to the core."
Girlfriend,I Love You,"I don't know what it is exactly about you girl,

That has me completely for you, twirled.

And there ain't no other girl in this world,

You can take your place my beloved. 

I am in love with you."
Girlfriend,I Can't Put My Love Into Words,"The love that I have for you baby can't be put into words,

Your voice is so divine, seems like all the angels of heaven are here.
 
When you tell me you love me by looking deep into my eyes,

That moment just gives me a quick glimpse of paradise. 

I don't care even if I have to end my life tomorrow,

Cause meeting you my love has taken away all my sorrow. 

I love You babe."
Girlfriend,Your Effect On Me,"Your smile makes me crazy for you,

I can see myself in your eyes and through,

Your touch so soft, 

Your voice has a mesmerizing effect on me,

Wherever I go, it's you that I see

My love I am sure I love you a lot,

I could not express much, 

But, this is my internal thought,

I love you my sweetie!"
Girlfriend,When it started,"Don't know when it started, 

Don't know, when it grew,

My love for you is unconditional,

My love for you so true,

Baby when you are not around,

There is a feeling so blue, 

I love you my sweetheart,

Please never part, 

Coz I so love you!"
Girlfriend,It's hard to explain what I feel,"It's hard to explain the feeling with you 

There is something magical in your eyes 

Which binds me in the melody of your love 

I want to be with you and spend time along 

You are like the most wonderful song 

The lyrics are pleasant and the beat is nice 

I don't know without you how I would suffice 

Coz you are the rhythm of my heart 

You were there right from the start 

A love story that I grew with 

All because you were in it 

I so love you my dear 

You are my life's only cheer!"
Short Love Poems,Love starts with a reason,"Love starts with a smile,

And grows with time, 

A kiss and bond over the time,

Finally you feel good 

To call someone yours,

Love is a feeling so pure 

Stay in love forever!"
Short Love Poems,When you smile at me,"When you smile I feel the flowers bloom

The love and your touch, which lingers loom

You were a part of my destiny 

So I wish that this love stays till eternity 

You are my only love in life 

My only reason to survive 

I love you a lot

From my most lovely thought!"
Short Love Poems,When it feels like love,"Feeling of love is like a blessing 

When I know that someone thinks about me 

When I know that someone is there to see 

Of many ways and many wishes so true 

Pure love is a blessing 

Which gets to one in few 

I am lucky to have found pure love 

Yes I am the lucky through!"
Short Love Poems,Your image in my eyes,"Your image in front of my eyes 

When I see you in my vice 

I think am I so lucky to have you 

You have made my world so new 

Since the time I fell in love with you 

My world is brightened like the hue 

Baby I just want to tell you 

That I am so in love with you!"
Short Love Poems,I forgot the pain,"I forgot the pain by your presence in life 

You have taught me how to live with love 

The way you care for me my love 

The way you are there for me 

Feels like I am in some kind of bliss

Seal your love forever with a kiss

I love you very much

So magical is your touch!"
Short Love Poems,You are the love,"You are the love I can trust in life 

You are the one I can call mine 

Can't stay a day without you 

Can't find a reason to be without you 

Just be in my arms forever 

So that I be lost in your love forever 

Forever and through 

I simply love you!"
Short Love Poems,Your eyes speak to me,"Your eyes speak to me in love 

The way you look at me with love 

Your cute gestures and that smile

You make me mad for a while 

How can you be so pretty my girl 

For you are my only world 

Baby I love you so much 

So loving is your touch!"
Short Love Poems,My love will remain the same,"My love will never change for you 

Even if reasons change 

My love will never change for you 

Let the seasons change

My heart only beats on your name

It's a wonderful feeling so same 

Of falling in love with you 

Oh my lovely, I so love you!"
Short Love Poems,It does not matter,"It does not matter who you are 

It does not matter where you are from 

What matters is your love along 

Coz to me you belong 

Your love is like a sacred thing 

Which shines in my life like a bling! 

So glad to have you beside 

You are the love of my life 

I love you!"
Short Love Poems,Your lips look,"Your soft lips look so pretty 

Your beautiful eyes speak to me 

Your smile does wonders on me 

Your one touch leaves a spell 

I may not have many things to say 

Not many things to tell 

Simply that I love you girl 

Will love you more with time!

Girl you are mine!"
Short Love Poems,Love is such a feeling,"Love is such an eternal feeling 

When you feel the connection from within 

There is a thought that runs in mind 

Being such pleasant and kind 

You want to be with that special someone 

You want to spend your life with that person 

That is pure love!"
Short Love Poems,Your love has a,"Your love has a lasting effect 

It makes me and at times 

The passion on your eyes 

The way you always stand 

The way you care for me 

The way you are there for me 

Will never forget the love 

Baby which you have given me! 

I love you!"
Short Love Poems,I love you my baby,"Each time I close my eyes, you are the face I see,

Each time I take a breath it is for you my darling I breathe.

Every time I look around my eyes search for you,

I want to live my life, baby only with you! 

I love you so much."
Short Love Poems,Love is a feeling from the heart,"Love is a feeling from my heart 

Thanks for being an important part
 
I cannot imagine my life without you 

I cannot imagine being without you 

Your love gives me a power to say 

Your love shows me a cool way 

Your love is that longing I want to see
 
I forever long in my eyes to be 

My dear I promise you that 

I will love you all my life and through
 
Yes, I will keep loving you, 

Baby my love for you is true, 

I love you and will always do!"
Short Love Poems,I Loved You Still,"I loved you once,

I love you still.

I always have,

I always will."
Short Love Poems,It's like so deep,"Love is like an ocean,

The deep you go, 

The deep it will leave an impact on you,

It leaves you all blend and brew, 

That is the power of love for you, 

Love is like an pure emotion

So strong with time!"
Short Love Poems,You are my life,"Everyday that I spend with you teaches me something new,

Every moment spent with you feels so right, so true.

You have brought romance and friendship into my life,

You make me feel so wonderful baby, you make me feel alive. 

Always love me the way you do, 

Because I will always love you too!"
Short Love Poems,True Value Of Love,"You will know my true value

When you lose me.

Now you take me as a leaf

amongst the thousands

strewn below a tree.

But that leaf is unique.

Only time will tell you that."
Short Love Poems,There is some sort of magic,"There is some sort of a magic that I feel
 
In your love that I reel 

There is some sort of allure in your eyes
 
It makes me flinch for more being wise 

I get lost in your thoughts 

I get lost in whatever you say 

That is the magic of your love I swear
 
You can see in here and there 

The love that captures me and my heart 

Making you a very special part 

Of my life and my being, baby I love you!"
Short Love Poems,Every heartbeat is mine,"Every heartbeat of mine 

Spells your name my love 

When you are not there in sight 

Things don't look so bright 

Your love gives me a power to say 

I will love you till the end of time

I will love you forever come what may! 

Coz you stay in my heart 

You have a say!"
Short Love Poems,Mad In Love,"I may be crazy,

I may be mad,

I may be nuts,

But I love you."
Short Love Poems,You are with me,"Nothing can ever go wrong when you are with me 

Nothing can ever turn bad 

I know that you are my hope 

Whenever I feel so sad 

That is the true power of love 

A person who will care for you 

You know there is no shove 

As someone is there for you! 

That is love for you!"
Short Love Poems,I will always,"I love you now and I loved you then 

I will love you forever in time 

Its so magical and its pure 

There is no pretend 

My love for you has grown with time 

Baby it feels so good that you are mine 

Love you forever my love! 

Till the end of time!"
Short Love Poems,Love Takes My Breath Away,"Whatever you say,

It takes my breath away,

When you look at me this way,

It takes my breath away,

When you hold me tight and stay,

It takes my breath away,

When you say I love you,

It really completes my day!"
Short Love Poems,When you come in front of me,"When you come in front of me

I have a big smile on my face 

There is a radiant glow with grace
 
Your love makes me who I am 

Your love gives me a reason to be
 
Your love change the way I look 

Of all the things, I want to see 

Your love is a star that makes me 

Sparkle in my world to be 

Your love is the power to say 

Your love gives me strength all the way
 
My love will never change for you 

You know that I truly love you!"
Short Love Poems,Love is a feeling felt from,"Love is a feeling felt from the heart 

A perfect as can be with the start 

When eyes understand a language 

Where there is no need of words 

A connection that binds in time 

A thing that makes to destined 

The love that I can very well see 

Of things that make a difference to me
 
The language of love and I know for sure 

That my love will never change 

My heart beats only for you 

My heart yearns only for your love
 
I am in love with you!"
Short Love Poems,Love is passion,"Love is a passion that is impossible to ignore 

It is like that side of the shore 

When it runs to infinity 

You can feel the love from your heart 

The beginning is magical and that start 

It is purely like a loving bliss

It starts with a loving kiss

I love you!"
Short Love Poems,I know that we were meant to be,"I know that we were meant 

To be destined together in life
 
The moments that I spend with you 

Give me a solace of different kind 

I want to stay in your arms 

I want to talk to you for hours 

I want you to understand life,

I want you to get along in vice 

Baby there is no one like you 

You are the one that make me blush 

You are the one who gives me the due 

I love you is all I want to say 

You are my love and you are my way!"
Short Love Poems,Treasured Love,"Your love is my life's beautiful treasure,

When I am with you,

I feel all the pleasure,

Your love is my life's sweetest dream,

Lost in your thoughts, lost in that gleam,

Love you loads my dear,

With you around, there is no fear!"
Short Love Poems,Thank You Baby,"Thank you for flooding me with all the love and care,

Thank you my darling for always being there.

Your presence feels wonderful, like a ray of hope,

And your love baby is so addictive like dope! ."
Short Love Poems,Wish to spend,"I want to spend my love with you 

Every moment of the day 

I want to create some memories 

And I want to wish and say 

That I love you so much 

And all the love I yearn for your touch 

My baby I truly love you! 

I surely do and more! 

I love you to the core!"
Short Love Poems,When I first saw you,"My baby when I first saw you 

I knew that my heart is yours 

Over the Years my love just grew 

You made a special place in my heart 

When you are not there around me 

I feel so bad 

With you there is magic in the air

Your passion and love that surrounds is there! 

I so love you!"
Short Love Poems,It's all happy with you,"My life is so happy with you 

My life has all the smile 

Its been this way all with you 

With all the while 

My love has only one thing to say 

That I will love you from the heart 

Till the world ends my baby! 

Till the end of time!

I love you so much! 

And will keep loving you!"
Short Love Poems,We are always there for you,"In high tide or in low tide I will always be by your side,

Whenever you need me I will always be there, will never hide.

I always want to be the person you can forever count on,

Whenever you are upset the person you should remember me from now on. 

I love you sweetheart, so much."
Short Love Poems,My Life's Shining Star,"I love you,

As you stay in my heart,

No one can ever make us apart,

The feeling of your love has touched my soul,

In my life, you play the most important role,

Please don't leave me, and stay as you are,

Can't imagine my life without you,

You are my life's shining star,

Love you lots my dear!"
Short Love Poems,My love for you is so true,"My love for you has only increased with time 

It feels so good to call you mine 

The days that I spend with you 

In your loving company feels so new 

Your love has taken me all through 

And I want to declare my love only for you 

Baby I truly love you!"
Short Love Poems,True love is not the matter,"True love is not the matter of time 

It is a thing of the heart and prime 

You have captured my mind 

You stay in my heart my love 

True love is all about the feeling 

The compatibility that you have 

A feeling of being so in love 

A feeling of being so with time 

True love is a feeling so good 

The one that I feel with you 

I wish that it stays with end of time
 
I wish this way touch wood 

I love you so much

So passionate like our touch!"
Short Love Poems,My love for you is,"Baby my love for you is like ocean 

It will never end till time 

From the time we were strangers 

Till the time you are all mine 

One thing has remain constant

And that is my love for you 

Its so pure and its so true!"
Short Love Poems,True Tender Love,"Love is a feeling so tender and pure,

Love is an instant connection, an allure,

True love holds nothing,

But gives so much,

The feeling of love is wonderful as such,

Love is life, 

Without it, it's tough to strive!"
Short Love Poems,Expressing My Love for You,"Thinking about you each night and day,

Looking at you,

I forget what I had to say, 

Is this love, I ask myself,

Why do I feel so restless to meet you?

I think I have no clue,

If it is love, then for sure it is true,

I just want to say, 

Honey I love you, I truly do!"
Short Love Poems,Pure passion of you,"The pure passion of your eyes, 

Your touch is enough for me,

To make me forget 

Things which I need to see 

I so love you my dear 

You are my life's only cheer! 

I love you!"
Short Love Poems,Intense Love,"I did not know about the word happiness,

It is because of you that I know,

I don't have much expressions, 

Still I want to show,

That I love you so much,
My love is intense and my love is such!"
Short Love Poems,Lost In Your Love,"I want to thank you for being in my life,

I want to thank you for all the love,

Without you, I am nothing my dear,

With you, I don't feel the fear,

I love you a lot,

Just want to be lost in your thought!"
Short Love Poems,My love will never change,"My love will never change for you 

My love will remain the same 

My love will surely grow with time 

Coz my love for you is pure 

My love for you started with allure 

And now its my life for sure 

I truly love you my sweetheart! 

Never go apart!"
Short Love Poems,How wonderful I feel,"How beautiful I feel when I am with you 

There is something that binds me to you 

How wonderful I feel with the magic of your touch 

When I feel that it is pure and such 

For soulful is your love my dear 

Makes my heart smile with cheer 

Such is a feeling of love so pure 

Starts with an instant allure!"
Short Love Poems,My life revolves around you,"My life revolves around you 

I always keep thinking about you
 
My thoughts are all so deep 

When I know that my love is the same
 
It begins with you my love 

It ends on your name 

My love for you is so pure
 
It has this magical allure 

I will love you forever in time
 
I am so blessed that you are mine

I love you forever!"
Short Love Poems,Love You Forever,"I love you so much; it's a connection of sweet emotion,

I love you deep,

There is a deep devotion,

Will do it forever and ever,

Please don't leave me, never,

Love you too much!"
Short Love Poems,The love and its effects,"The language of love can be known

The love that can be seen in the eyes
 
I knew that things would change 

It would be a matter of time

I did not know that I would fall so hard
 
Fall for you and your love 

I am in complete awe of you 

Want to tell that my love is true
 
You are the best thing happened 

To me and my life sweetheart 

You are indeed special know that 

You are an important part..I love you!"
Short Love Poems,I am in Love,"You know you are in love, 

When your heart skips a beat, 

It is a feeling so pure,

A feeling so sweet, 

You feel over the moon, 

Without any reason,

You get love lost,

With every season,

Love binds two hearts,

It is a promise to keep, a lovely start!"
Short Love Poems,When you see me,"When you see in my eyes, you will find yourself 

When you read my mind, your name will be there 

The way you look and your care 

When you look in my heart, it will be your face 

Your love has been cute with that grace 

Baby be as you are so cute as you 

You are my charm, one in few 

I so love you, yes, I do!"
Short Love Poems,I can't explain to you,"I can't explain this feeling of being in love with you 

My world has changed my dear 

I feel so lovely, there is a cheer 

All around and wherever I see 

Your touch heals me from within 

The way you are there for me 

Your love is my world 

What more I wish to see 

I love you and will always do!"
Short Love Poems,You feel things,"Hold my hand when I am low,

Keep reminding me that you love me so,

Give me a hug that will make me melt,

Say that you feel things for me that before you have never felt."
Short Love Poems,It is a true feeling,"Love is a feeling that reflects on you 

You give in to this each day 

You want to do things for someone 

You want to lose your say 

But if this is love it feels so nice 

It makes you a tad more wise 

I am in love for sure 

I know this is love!"
Short Love Poems,I am the only face that you can see,"Every single day with you feels so right,

All I want to do is hug you so tight.

All I want to do is hold you close to me,

So close, that I am the only face that you can see.

I love you."
Short Love Poems,Always together,"It is such a nice feeling being in love with you,

It is completely out of the world baby, when it is just us two.

Each time I look at you I feel I love you more every time,

I want to love you more baby, all the while.

I love you."
Short Love Poems,It makes me go so wild,"Your love makes me go all wild 

All the memories which we have compiled 

Over the years has grown for you 

Do you even have a clue 

That I can't stay a moment without you 

Coz my love for you is so true 

Just want to tell you 

That my baby I truly love you!"
Short Love Poems,Infinite True Love,"The calmness in your voice,

The sweetness in your touch,

The warm expression of your eyes,

Makes my temperature rise,

I love you so much and will always do,

My love for you is infinite and true,

I love you!"
Short Love Poems,You stole my heart,"You stole my heart and now you stay there 

Oh your sweet gestures and that care 

Your love is sugary so are you 

Lucky to really have you through 

Baby I am in love with you 

You also have to believe it through 

Baby I so love you 

And will always do!"
Short Love Poems,You matter for us,"Everything you say makes so much of sense,

You make me a better person; baby my soul you help to cleanse. 

I love everything you say to me,

Because you matter so much, can't you see?"
Short Love Poems,The more I get the more,"The more I get to know you 

The more my heart yearns for you 

For your lovely touch 

For many ways and such 

For that shining smile 

You make my day a while 

For the lovely heart that beats 

Surely its only for you 

Baby I truly love you!"
Short Love Poems,Time for love,"It is a perfect time to fall in love, 

A perfect to stay in love, 

There is no time for love, 

Because love is timeless in life 

That is the love for you 

Because you are one in few 

I so love you!"
Short Love Poems,When love is pure you know,"When love is pure you know for sure 

You know that someone is there and pure 

With the feelings that are in the heart 

Its there right from the start 

The way I feel for you 

I don't feel it for anyone you know 

Maybe I am in loss of words 

Or I don't really show 

But deep down I love you very much!"
Short Love Poems,Some things in life,"Some things effect your heart for sure 

Some things change your love and more 

But you have been there for me 

Its only you that I wish to see 

For your love has given me a super power 

There is no one except you or other 

Your love gave me a meaning so new 

Its your love which I want and through!"
Short Love Poems,It Feels So Lovely To Be In Love,"It feels so lovely to be in love,

You my darling are no less than a blessing from above. 

You lighten up, not just my day, but my whole life,

You give me strength when I feel weak with your beautiful smile."
Short Love Poems,I may not express it to you,"I many not express it each day 

I may not tell you in person 

You are the reason why I smile 

You keep me happy all the while 

You are the reason why I am me 

It is everywhere the things to see 

Just like a fish in the water 

Just like the bird in the sky 

You make me feel so good 

You make me feel that high 

I want to stay in your love forever
 
I want to be yours forever..I love you!"
Short Love Poems,True love makes you feel,"True love makes you feel so good 

True love makes you feel so special 

Like the way you did my dear,

You bought in my life reasons to cheer

Love the way you look at me 

Love the way you make me feel 

If I have another life and world 

I would take you with me 

Can't live without your love 

Can't really live without you 

Baby I am in love with you 

A love as pure as you...baby I love you!"
Friendship,Count On Your Friend,"Filling your life with joy, beauty and peace,

Like a garden full of luscious and bountiful trees.

Your best friend reaches out to you,

Whenever you need something old or new.

His soothing look or touch conveys a hundred words,

And when you are down, it fills you up like the gracious fluttering of a million birds."
Friendship,Each day looks so bright,"Each day looks bright with the company of a good friend 

Each day looks new to me 

There are many things which make this bond special 

Yes many things to thee 

If you have one true friend in your life 

Your life will truly be a bliss

Nothing less that a ecstasy 

A true friend remains with time

Glad to call you mine!"
Friendship,True friendship forever,"People often say,
 
That true friend is difficult to find,
 
But, I want the world to know,
 
That I have already found mine,
 
Proud of you my friend,
 
With you I am so me,
 
I don't need to pretend,
 
Friend you are the best,
 
With you life is like a fest!"
Friendship,A Friend Like You,"A friend so loving and caring like you,

Is so hard to find, 'coz people like you are few. 

You taught me how to chase all my dreams, 

And that my life is more beautiful than it seems. 

I owe whatever I am today to you my dear friend,

I will never ever let go of you till the very end."
Friendship,Lamp of Friendship,"You mean so much to me, 

When I think of a friend, it is you that I see,

All the good times that we had,

You were always there whether I was happy or sad,

You are the best I think you know it,

I hope and pray that the lamp of friendship will always remain lit!"
Friendship,That share and care,"That sharing and that caring way

Those memorable things per say

You make me a better person each day

You help me find my way

You are a friend I can trust on

You are a friend I can rely on

Be as you are, you are the best

Be my best friend forever

This friendship will stay forever!"
Friendship,Everlasting Friendship,"You are my best friend from the start,

And made a promise that we will never part.

A friend so powerful and true,

Is what I always see in you.

We are friends right from birth,

And will stay so until sustains this Earth."
Friendship,You are so very good,"Oh my friend we are so good together 

We can be a success story on own

We can create some new memories 

Some new things unknown

We are so good together 

Like a perfect bond of love 

Where there is happiness along the way 

And there is no shove 

Thanks for being in my life! 

You are truly awesome! 

I love you my bestie!"
Friendship,A friend should always be there,"A friend is always there in your need 

A friend is there in testing time 

A friend always stays with you 

Whatever is your time 

A true friend won't leave your side 

There is a deep connection from inside 

A friend will always stay in your life 

Will help you smile and strive 

A true friend will always stay!"
Friendship,When no one was,"You were there when no one was,
 
With you there are no reasons or cause,
 
You understand my mind in a perfect way,
 
I don't even have to say,
 
I am so lucky to have you in my life,
 
Without you in my life, I would have to strive,
 
Thanks my friend for everything,
 
Without you life is nothing!"
Friendship,I turn to you for,"I turn to my friend in hour of grief 

I turn to my friend in sorrow 

For I know she will be there with me 

Today and tomorrow 

To share all my pain 

To dry my tears in vain 

My friend will always be there 

Because I know my friend does care 

That is what friends are for!"
Friendship,Fun Never Ceases With You,"With support, with faith

And you shower me with care.

A sweet and sincere message

In your every biting stare.


Bring me up, when I fall and

Like a breeze, you sail me through.

Beat me down, when I fail,

Like a teacher you scold me too.


With a friend like you,

I know what friendship is

And for the bond we share, I swear,

Our fun flow will never cease."
Friendship,Heart of gold,"Friends have a heart of gold,
 
So many secrets kept, stories untold,
 
The emotion of friendship cannot be sold,
 
Friends are life,
 
Even if there is nothing left,
 
Their love is enough to suffice,
 
Salute to the spirit of true friendship!"
Friendship,It's like that for you,"Friendship is that emotion
 
That strives you to do things in life
 
True friendship is like an inspiration

True friends are always there to help you 

When you are down or you feel blue
 
That is true friendship for you 

Cheers to my friend!"
Friendship,Friends for Life,"My best friend makes my heart sing,

It would even fly if it had a wing.

They stay with you in times of need,

Good friends are never carried away by greed.

What would I have done?

If a friend like you had I never won."
Friendship,Power of Friendship,"A friend evolves from the strangest of life's corners,

But settles in your heart and does you the greatest honor.

Your friend lifts you up whenever you are down,

With just the strongest of shoulders you will ever find in town.

Even when your friendship observes a rift,

You will realize that your friend has been a gift."
Friendship,You are the one for me,"You are the one I can trust on you 

You are the one I can call you mine 

The way you understand me my friend 

No one else can do after pretend 

That inner connect and that soul 

You play the most important role 

I can bear my heart and my way 

The way you comfort and you say 

Lucky coz you are here with me 

With you, I have life's every glee 

Thanks for everything my bestie 

There are many things left to see 

In your sweet company!"
Friendship,What makes you best,"A true friend makes you understand 

The things you get stuck with 

A friend has the presence felt in life 

In life's every bit 

A friend will be there to listen to you 

Even if you have words so few 

A true friend will also listen to your silence 

And will maintain a balance 

So that you don't fall off for few 

That is true friend for you!"
Friendship,A true friend remains,"A true friend remains in your life forever 

And makes your life complete 

A true friend is first to find your fault 

But always the first to greet 

A true friend will stick to you 

For all the things old and new 

A true friend is an important part of life 

A true friend will help you suffice 

Enough to stay happy in your life!"
Friendship,The emotions that stay with you,"Unchanged emotions are in life 

But feelings never change with time 

When you are in the company of a true friend 

There is nothing to fake or to pretend 

A true friend like you whose so kind 

Who remembers me when unwind 

Life is so simple with your way 

I do not have to bother to say 

I pour my heart in front of you 

Leaving behind no clue 

My friend so glad that you are in my destiny 

This friendship shall remain till eternity!

Love you my bestie!"
Friendship,"Friends, Pillars of Strength","Friends are angels in disguise

And when you are with them time just flies.

They believe in you more than you do

And make you blossom very well too...

Warming you with their presence,

And loving you with all their might,

Friends you are my wall in any plight."
Friendship,Do Not Cheat A Friend,"No crime is bigger

Than cheating a friend.

Those who believe in you

should never be hurt.

If you cheat a friend,

Then hell waits for you."
Friendship,True Friends,"True friends stand by your side and don't ever leave you,

They will fill your life with love & make sure you're never left blue. 

Friends mold your life and make it so much better than it already is,

They flood your days with laughter, fun and never ending happiness.

With love in your life you may or may not have friendship,

But with friends by your side, you have both love and friendship!

Thank you for being my friend."
Friendship,People will tell you that,"People say that in this life you have to earn a friend 

I can declare that I have earned you 

You are so like me and true 

You love me for what I am 

You love me for what I care

There is rarely someone in life 

Whose so very there 

Like you are there for me my friend 

Life would not be the same without you 

Thanks for coming in my life 

Giving me impressions and feelings all new 

Thanks so much my bestie! 

Know that I love you!"
Friendship,True friend is always there for you,"True friendship does not require a stance 

It can be maintained even with distance 

A friendship between you and me 

Will last for a lifetime to see 

Nothing to tell but you understand me so well 

Nothing to resort but you get that thought 

Lucky are people who find true friends in life 

Lucy are those who willingly strive 

Our friendship will carve a new chapter in life 

True friendship does not require a stamp 

You and me forever will stay 

This friendship will never break come what may!"
Friendship,Friendship is treasure,"True friend is a treasure,
 
She gives you all the pleasure,
 
She stands by you when you need her the most,
 
She holds your hand on the coast,
 
True friends are always there for you,
 
I am glad I have my friend in you,
 
Thank you!"
Friendship,Friendship Is A Ship,"Friendship is like a ship filled with angels, 

They calm the sea whenever there is a storm.  

They help to sail across the roughest seas, 

Most of all they give you a hug,  

When you think that you're drowning.  

Thank you for being such a lovely friend to me."
Friendship,A friend like you,"A friend like you is hard to find, 

You are truly awesome
 
You are one of a kind 

Feel blessed to have you in my life 

Thanks my friend for being there
 
Our bond is truly rear 

Stay blessed in life!"
Friendship,You are so precious,"You are precious in my eyes

With you, I am a lot more wise

You are the star in my life

You shine so pretty and bright

Thanks for coming in my life

And making it more wonderful

You are and will remain my best friend forever

This bond shall stay forever!"
Friendship,True friendship,"True friendship never fades with time,
 
It forever tunes like the sweet chime,
 
Friendship is rare and true,
 
I am glad that I have you,

I can call you my true friend forever,
 
We shall never part our ways,never,
 
Glad to be your friend my dear,
 
With you I have all the cheer!"
Friendship,True friend in life,"Friendship is the purest form of emotion, 

Friendship is truly special,

A friend like you completes life
 
Helps in every strive
 
My friend you are amazing
 
Be just as you are 

My shining star, 

Love you a lot!"
Friendship,True Friendship,"You meet several people while you live,

Some manage to leave their imprints more than you can give.

Some begin when you do,

And some join in later too.

But those that stay till the end

Are the relationships you do not want to bend.

Win a great friend!"
Friendship,Friendship is that seed in life,"Friendship is that seeds which grows with time 

It nurtures with the fruit of love 

And gives shade when there is sunlight 

It has the sweetness and that grace 

It finds its way through haze 

Friendship remains when heart is pure 

There is something magical to adore 

The company of a friend seems like bliss 

It shows the things you ought to miss 

True friendship remains with time 

Like you and me are destined, 

I love you my best friend forever!"
Friendship,Friends always stay in life,"Friends never go out of your memory 

As they have a special place in life

They help you to overcome all the hurdles of life 

A friend like you is like a bliss

As I have you in my life 

You give me the strength to have my say! 

You help me find my every way! 

A friend like you is like a blessing so new

I think I am from the blessed few! 

Coz I have a wonderful friend like you!"
Friendship,Friend for Life,"Whenever my world turned gray

You have done so much more than I can say.

You've guided me through the bad and rough,

That is a job considered nightmarish and tough

My vision travels more than it can see,

I can't find another friend like you, you are my only key..."
Friendship,It is for keeps you know,"Friendship is for keeps in life 

There is no place for mistrust 

There is no need to mend your self 

There is no need to adjust 

As true friend will accept you as you are 

True friendship will last so far 

Thanks for your friendship 

It rules my life for sure 

Its life and much more!"
Friendship,Best Friend,"A shoulder to cry,

A support when you need,

Wipes your tears,

Always there for you,

And, you know whose this,

Your best friend it is!"
Friendship,What is a friend?,"A friend is someone who knows you right,

With all the sweet moments and some silly fights,

Friend is someone who is always there,

With the breeze so cool, like the fresh air,

A friend is someone who supports you through out,

Without mentioning, they overcome the doubt,

A friend is a friend for lifetime,

Sweet as honey and sound of wind chime!"
Friendship,Yellow Is the Color of Friendship,"Yellow is the color of friendship,

While red stands for the color of love. 

Love doesn't guarantee friendship,

But friendship does guarantee love. 

This is the beauty of friendship, 

That makes it stand up from the rest.

Friendship is so strong that,

It can stand any possible life's test!"
Friendship,I will be there,"I will be there when you would want to talk,

I will always open the door, whenever you knock,

I will be there to wipe your tears,

I will help you to overcome your fears,

My friend, I will always be there for you,
Coz people like you are very few!"
Friendship,Our Friendship,"With support, with faith 

you shower me with care.

A sweet and sincere message

in your every loving stare.

You bring me up, when I fall and

like a breeze, you sail me through.

Raise my spirits, when I fail,

like a teacher you scold me too.

With a friend like you,

I know what friendship is

and for the bond we share, I swear,

our fun will never cease

."
Friendship,Best Friends Forever,"I don't know when you became my friend,

But I know that this bond is never meant to end.

Love for each other dwells in our heart,

It has always been so right from the start.

Your friendship is my best gift,

Even in the worst of times it gives me a lift."
Friendship,There is nothing so fake,"There is nothing so fake about true friendship 

As its based on pure love and respect 

Your friend is there to guide you along 

Your friend is like a wonderful song 

This spreads the magical effect on life 

Friendship is true in every aspect 

Its a surely a wonderful ride 

Thanks for being my friend!"
Friendship,The Best Relationship,"There is no word that is better than the word 'friend',

Who else would stand by your side till the very end. 

Who else would sit back and wipe away all your tears,

Who else would bring a smile to your face and chase your fears.

A friend truly is a miracle and one of a kind,

It is one of the best relationships that you will ever find."
Friendship,The many things I had,"The many laughing sessions I had with you 

The many crying ways 

I know I can just be as I am 

Whether its night and day 

You listen to me when I want to talk 

You are there for me in my stress

You are the reason why I smile 

You help through distress 

Lucky to have a friend like you in life 

You are the reason why I so strive!"
Friendship,My Best Friend,"Best friends are angels sent from above,

They deserve every bit of your true love.

This relationship is beautiful and wise,

Rendering life to a spirit that never dies.

What will happen in the end?

To a life that has never had a friend."
Friendship,Words are not enough,"Words are not enough to express,
 
How much you mean to me,
 
You have been there,
 
When no one was there to see,
 
Thanks my friend for being my life's part,
 
With you, life has been good, it is a wonderful start!"
Friendship,Sunshine Friend,"You are my sunshine my dearest friend; sunshine you are to me, 

You fill my life with enthusiasm and joy, with happiness and glee.

And there has never and will never be a dull moment with you in my life, 

You fill my heart with so much love and peace that it feels like I'm flying."
Friendship,Why is friendship so real,"What makes friendship more special

Love of a true friend mixed with emotions unsaid

Many memories which make all worth 

Friend is not there from birth 

But she mixes in your life like sugar does 

Making your life so sweet and fun 

Friendship is always the number one

And will stay this way in life 

Cheers to friendship!"
Friendship,You are my strength,"You are my strength my dear friend,
 
You are so true and you don't pretend,
 
The journey of life seems beautiful with you,
 
Have I told you ever, or you knew,
 
That you hold a special place in my heart,
 
Our friendship is forever,
 
No one can make us apart!"
Friendship,My friend and my life,"My friend you are an angel

You make my world so happy

With you, I feel so awesome

With you, I feel so free

You are the light that I want to see

You are my most favorite part of destiny

Thanks for always being there

Thanks for your concern and care

I love you my best friend forever!"
Friendship,Our things that change with time,"Our things and all our pranks 

Our fights and all the tease 

But being with you I feel 

Like I am so at ease 

You are a wonderful friend in my life 

You gave me a reason enough to stay happy 

And also help me in all my strive 

You are a true friend in life! 

My super friend I love you!"
Friends,Yes I know that you are,"Yes I know that we argue a lot 

And many times we also don't talk 

But then I know that this is just a phase 

Can't keep quiet without talking 

For many and many days 

As I can't really share my secrets with anyone else 

I can't really be without you 

And I know that you are there for me
 
As I am there for you!"
Friends,Friendship Is True,"Friendship has no boundaries,

Because it's timeless, 

And effortless, 

A true friendship passes every test, 

It's difficult to find a true friend like you, 

I think I am among god's chosen few, 

Thank you my friend,

For being there, 

I know you really care!"
Friends,Life Is Nothing,"Life is nothing without friends,

When you open your eyes, everywhere is a dead end. 

No times when you laugh till your stomach hurts,

No advice and training on how to flirt. 

No one waiting for you to go for a walk, 

No slumber nights, and definitely no 3 am talks. 

No discussing brand new crushes,

No acting insane together, no arguments that are baseless. 

Life is definitely nothing without friends,

And that's why I never want this friendship to ever end."
Friends,As a friend you must know,"As a friend I know that you always want the best for me 

And you also give me guidance along the way 

So I want thank you for always being there 

Your precious advice and that silent care 

Not everyone is lucky to have a friend like you 

I know that I am truly blessed in few 

Coz I have a special and loving friend like you 

Thanks you for coming in my life 

I truly love you!"
Friends,Bit of fight and care,"Little bit of fight, 

Little bit of fun, 

Little bit of care and concern,

Little bit of habits that influence you,

You know it's special and true, 

A true friend she is for you, 

Thanks my friend,

You always understand!"
Friends,We Share Our Lives,"Not because you scold, I respect you,

Not because you hold, I am close to you.

But it is the care and concern you show,

That truly makes our friendship grow.


We share and shower, feelings from heart.

As we stayed honest from the start.

Bringing together the joys and fun,

Like our joyful talks are never done."
Friends,A Friend's Presence,"A friend's presence in your life itself is a gift, 

For a friend is always there to give your sprits a lift. 

To me you have been such a friend,

and have held on to be till the end. 

Just being there by my side,

& protecting me as if I were your child,

It made me feel so loved and cared for,

With you my friend, I never ever felt alone. 

Thank you so much."
Friends,A Little Truth about Friends,"Friends perpetually stand by each other's side,

In any dark, stormy weather or violent tide.

They never ever judge and forgive really quick,

And this is what makes nothing as special as friendship!"
Friends,Memories With You,"So many memories I had with you, 

So many stories told, 

The good times that we had, 

The bad memories so sad, 

My dear friend you have always been there for me, 

Kudos to our bond to thee!"
Friends,Make Me Smile,"You make me smile,

When I grin, 

You make me happy, 

Even if I don't win, 

You console me when I feel sad, 

You tell me the difference between good and bad, 

You have always been there, 

You always share and care, 

Thanks for making my life worthwhile!"
Friends,Having a good friend like you,"Having a good friend like you is a blessing anyone can have 

So many gestures and way to express 

So many things which you understand 

You are there when I need you 

You are there when I feel so blue 

You are there when I call you up 

You are there in my every way 

What would more I would like to say 

Apart from thanks for always being there 

The way you care!"
Friends,The moments that I spent with you,"The moments that I spend with you 

Will remain till the end of time 

The many cherished memories I made 

The many secret prayers 

I know that when everyone will leave me and go 

You will be there right beside me 

To show that you love me 

And to show that you always care 

Deep down in I  know for sure 

That your love is always there 

Cheers to our friendship!"
Friends,You Understand Me,"I don't know how you heard, 

When I didn't even said a word, 

How do you understand me more than me? 

I actually can't even see,

I am so blessed that I have you in my life, 

Without you I don't know how I will survive!"
Friends,A friend like you,"A friend like you is like a flower 

Who makes my world so fresh 

The scent of friendship is pure

And it will never ever end 

Being friends with you is not a choice 

It is the need it is my inner voice 

I respect the bond that we share 

And I promise that I will forever care 

Thanks for everything my best friend forever 

You rock my world!"
Friends,Silent ways in life,"Unknown things and silent ways 

I really miss those days 

When I used to be there for you all the time 

I know that you are my best friend 

I Know that we can't meet at the end 

But still your love will stay with me 

Though far you are still in my heart 

This love will never ever get apart 

Oh my bestie I so love you!"
Friends,You make me smile,"You make me smile in bad times 

You make me happy all the while 

When I am with you, I feel all the glee 

Want to thank my destiny 

For making you a part of me 

For being, what things are to see 

My bestie just stay as you are 

Shining bright like the star 

I love you for what you are 

Thanks for everything!"
Friends,Friends Are Like Flowers,"In the garden of life,

Friends are rose flower, 

When they are with you,

You have all the power, 

Friends give you an insight, 

They inspire you to truly fight, 

Best friends are forever!"
Friends,Each relation can be fake,"Every relation can be fake 

Every relation can be a make 

But the relation of friendship is so pure 

There is a connect from the heart and allure 

Friends you choose are chosen from heart 

There is a liking from the start 

True friends remain till the end of time 

Glad that I can call you mine 

True friends forever!"
Friends,Friendship Is Strong,"With time, our friendship has been stronger, 

The age of our friendship has been longer, 

I don't have to tell you a word, because you understand, 

Nothing is pretentious or planned, 

Our bond of friendship is so true, 

It has surpassed everything through, 

Cheers my friend!"
Friends,To My Best Friend,"A six letter word that gives a new meaning,

Has got me over you leaning.

A friend like you is a pillar of support,

For you I will hold a fort.

We are destined to be best friends forever,

Your relationship is what I will never sever."
Friends,Stand With You,"Best friends stand with you in the testing time, 

They are like the sweet rhyme, 

They are always there when you want them to, 

Best friends are really rare and few, 

I am grateful that I have you with me, 

With you around I feel so free, 

Thanks my friend, glad that you understand!"
Friends,Always There For Me,"You have always been there for me,

You care,

You share,

You understand me, 

What others can't,

You can see, 

Friend you mean a lot, 

You complete my life's missing dot, 

Thanks for everything my friend!"
Friends,What friends are for?,"What are friends for?

They care when you are not alright, 

They wipe your tears when you don't feel bright, 

They cheer up in difficult time,

They hold your hand and make you climb,

Friends are the best gift of God, 

Thanks my friend for being there, 

You are so precious and rare!"
Friends,You help me to relax,"Friends help you to relax in this stress of life 

Friends help you in your true strive 

You feel every moment is a moment of joy 

With true friends there is a thing to enjoy 

Besties stay forever in your heart 

Even if they stay far or apart 

They have a special place in your life 

A true friend like you is hard to find 

My best friend glad that you are mine

I love you so much!"
Friends,You are the Best,"True friends are hard to come by,

But when you spot one, make sure not to let him fly.

They don't abandon in times of need,

A friend in need is a friend indeed.

Friend, you are the best I could ask for,

On a scale of 100, you earn a perfect score."
Friends,Friends are for life,"You are my true friend and in my destiny 

I am so blessed to have a true friend like you 

You always understand my plight 

Your love is true like all might 

A friend like you is like a gem

You shine so bright in my life 

Be as you are the sparkling best 

With you I feel so relaxed my friend 

There is truly a loving zest with you

I love you my bestie!"
Friends,You lift my spirit,"You lift my spirit up 

You are there when I need you the most 

So, today I just want to raise a toast 

Of all the wonderful memories we have had 

Of all the times spent with you 

It's been a wonderful journey so true 

Thanks for being such a wonderful friend 

You and me are like the perfect blend 

We shall stay together my dear 

The magic of our friendship and cheer!"
Friends,Life is No Less Than a Rat Race,"Even though life is no less than a rat race,

Friendship is something cannot be sold or purchased.

It is just this wonderful priceless gift,

That we can turn to whenever our souls need an uplift. 

We can trust them when there's no one to stand by our side,

They give us confidence to face any kind of trouble and tide. 

For they are friends, and friends are forever,

No matter what happens they always stick together."
Friends,Friends Are Light,"Friends are the light in the darkness of life, 

Friends help you the most, when you strive, 

Friends are there when no one else is, 

They ease you from life's every frizz,

Dear friend thanks is a small word for you, 

Coz people like you are very few!"
Friends,My Sweetest Tree,"Beneath the shades of trust

Under the open arms of thee,

You face pain, face the earthy dust

But you are my sweetest tree.


Never ever you let a drop,

Or even the rude sun touch me.

Beneath the shades, you pour only love

And nurture me like a bee.



Some shattered hopes, some broken dreams,

All was lost until you came with glee.

And then, all was here, all forever,

Thank you, my sweetest tree."
Friends,Best Friends Forever,"Best friends are forever,

You smile with them, 

You cry with them, 

In your life,

A friend is polished gem, 

Friends are the source of gay, 

They know it all,

There is nothing much to say!"
Best Friends,Wonderful Start,"Together we had a wonderful start, 

No one can ever make us apart, 

Our friendship is pure,

When I feel lonely,

It is my only cure, 

Friend thanks for being in my life, 

Without you I don't know how I will survive!"
Best Friends,A true emotion from my heart,"A true emotion from the heart 

It's there right from the start 

Friend is there when you need her the most 

In life's every testing time 

It feels so good that you are with me 

And I can proudly call you mind 

My bestie you are my life in every way 

You are always there come what may 

And I love you for that 

Love you true my bestie!"
Best Friends,I Found You,"Thank God I have found my true friend, 

With you I just don't need to pretend, 

With you I can just be me,

With you around, life is so easy, 

Thanks for always being my pillar of strength, 

Touchwood!

With time our friendship will grow by heaps and length!"
Best Friends,A loving relation like this in life,"A loving relation that I share with you 

I do not have this with anyone else 

I can fight with you along the way 

And talk to you and have my say 

Sing songs that I like 

And do things that are alike 

I can just be as you are with me 

And share the same feeling to see 

So many shades of friendship that we have
 
So many shades of things and that care 

Life will be the same with you 

And I cherish this friendship forever that is true"
Best Friends,You've Stood By Me,"You've stood by me through thick and thin,

My whole life became easier after you walked in. 

Right from sharing tiffins in school to sharing secret crushes,

We've always stuck together, sharing our opinions.  

We're best friends and will always be,

Our friendship will perpetually reign!"
Best Friends,When I feel down and low,"When I feel down and out in life 

The first thing is, I want to talk to you 

When I feel so lonely and so blue 

It's the first thing I want to talk to you 

When I feel the sadness in my eyes 

You make me think so wise 

I do not have to often confess to you 

That you play an important part 

You have been there right from the start 

And I thank you for the same 

All the lessons of life unnamed 

I have experienced with you my 

Best friend forever!"
Best Friends,I still remember the first day,"I still remember the first day 

When I had just told you Hi 

From that time till today 

You have become a part of my life 

Can't imagine my life without you 

All the things we shared in few 

I am really thankful to God 

He gave such a pretty friend like you 

Always so loving and so caring 

Always there when I need you 

This friendship rocks in time 

Just as amazing as you!"
Best Friends,I may smile,"I may smile on face,

But, you know whether it is from my heart, 

You have helped me through,

Right from the start,

Glad that I am in your life,

Glad that you are my friend,

With you I share my emotions so true,

There is nothing to pretend, 

You are and will always remain my best friend!"
Best Friends,You can be a friend I trust in life,"You are friend I can trust on 

I can reveal so much to you in person 

I know that you also trust me 

And this bond is for everyone to see 

Whenever in sorrow or in the fear 

Whether you are far or you are near 

One thing remains is the love in the heart
 
This is the reason it plays a special part 

I thank you for coming through 

In my life and making it so awesome
 
With you I feel so wonderful 

Our friendship my dear is beautiful!"
Best Friends,No need of words with you,"No need of words when I am with you, 

You know what I will say, 

We will always stay this way, 

Any situation come what may, 

You know that you are my friend for life,

You know that it is true,

Very hard to find a,

Best friend like you, 

Love you always!"
Best Friends,It is such a magical feeling,"It's a magical feeling 

When two strangers become best of friends 

I have shared my life with you 

I have shared my old and new 

In the heart I know for sure 

That this bond is so very pure 

Having a friend like you is a blessing 

so thanks for coming in my life 

Love you my bestie!"
Best Friends,Happiness is when your best friend,"Happiness is when you see your best friend smile 

Share your thoughts all the while 

Just be there and take care along 

Happiness is when you feel so strong 

Being with you gives me a positive vibe 

My bestie this bond shall stay forever in time
 
Just want to thank you for being there 
 
And the way you show your silent care 
 
Thank you for everything 
 
And I wish this friendship stays forever 

Forever in the time to see!"
Best Friends,The melody of my life would be,"A melody and a song so pretty 

So perfect like the rain in summer
 
So amazing when you want it to be 

The relation of friendship needs no definition
 
It's so pure as it can be 

Having a friend whose so amazing
 
Having a friend whose so bright 

Talking with you my bestie 

I always feel all right 

I can't imagine a day without you 

I can't imagine a life without you 

My bestie I truly love you!"
Best Friends,I can cry and laugh with you,"I can cry my heart in front of you 

And I can truly express it all 

You have always inspired me 

To stand so tall 

You have guided me to do things that I like 

You have sacrificed for me 

To do things alike 

You have been there when everyone has left 

Without you life would be so deft 

With you life is so happy and new 

Oh my bestie I simply love you!"
Best Friends,Rare to Find,"A good friend is rare to find, 

It is a thread of emotion which binds, 

A true friend always stays with you, 

In old times and new, 	

Best friends are support for life, 

They are the ones on whom we can thrive, 

Thanks for being in my life!"
Best Friends,Whenever I need an honest advice,"Whenever I need an honest advice 

You come to me with a vice 

You show me the right way 

You are there with me 

In any situation of life 

Any situation come what may 

Having a friend like you I feel so good 

Our friendship should always remain like that 

Its a touch wood 

I love you my bestie!"
Best Friends,To You My Best Friend,"The very first time the two of us met,

We were caught in a friendship's net.


You are I, together gelled so damn well,

Every time I was in a fix I would ring your door bell, 


As time passed and we grew closer and closer,

To the world outside, you gave me an easier exposure,


You made me understand what is right and wrong, 

I have depended on your advice all my life along,


I will always be thankful for moments we shared,

They brought us closer to each other like butter and bread,


And those crazy things we did together,

Coz' they turned us into best friends forever!"
Best Friends,I may hide,"I may hide things from the world,

But I can't do that with you,

Don't know how you come to know,

From where you get the clue, 

The way you understand me, 

No one else would do,

That is why you are my best friend forever,

And I willingly accept your presence in my life,

Thank you so much my friend!"
Best Friends,You And Me,"You and me are like two peas in a pod,

We always stand by each other against all odds. 

Friends like you are so hard to find,

You're so humble, loving and kind. 

Ain't I so lucky to have found friendship in you,

I never want to lose a friend so true."
Best Friends,I have shared everything,"I have shared so many jokes with you 

And we have cried together in blue 

I have had the best time with you 

I have had the moments so new 

Oh my best friend you are always there for me 

You never leave my side to thee 

So want to thank you for all the things you do 

My bestie I truly love you!"
Best Friends,The many plans in life,"The unexpected plans in life 

The party that was and we danced all night 

The long drives that we had 

To sharing things that are sad 

The many faces of our friendship 

I want to salute you through 

You have been there to share it all 

Every emotion looks so small 

In front of our bond 

Thanks my bestie! 

As you understand!"
Best Friends,I share with you without any condition,"I share with you without any condition
 
And you know it has no reason 

If friendship starts with one spark
 
And now it's finally made a mark 

You and me are so much alike 

You and me and same inside 

It's a connection of souls I think 

The color of our friendship is also pink
 
So loving and so caring as you are 

In my life, you are my shining star 	

I love you my best friend forever 

And this will stay forever in time 

Our friendship was certainly destined!"
Best Friends,Makes Me Smile,"My best friend makes me smile, 

When I feel gloomy for a while, 

My best friend shares and cares, 

She is always there when I need her the most, 

Cheers to our friendship, 

Let's raise a toast!"
Best Friends,Its a pure tale of love,"Friendship is that tale of love 

This is written from the heart 

There is no end to friendship 

As there is just a beautiful start 

A best friend like you is hard to find 

There is some type of connection 

That helps us bind 

In this pure friendship that we share 

Love you my bestie as you are always there!"
Best Friends,You and I complete each other,"You and I complete the word we 

There is no one like you my bestie 
 
We share our dreams and passions alike 

Our dreams are one and nothing dislike 

Having you in my life is a good feeling 

Whenever I am down or I am reeling 

You have changed me and I have too 

Just as the dream would come true 

Stay as you are because you are the best 

Out of hundred others and rest 

I feel proud to have a best friend like you 

Whose always there for me in life 

Whenever in state of happiness

Or in the state of blue 

My best friend..I simply love you!"
Best Friends,You are There,"You were there, 

When I was sad,

You consoled me through tough times,

You were there when my mood was bad, 

Your guided me on what's right, 

Best friends are difficult to find, 

I am glad that I have mine, 

Thanks for being in my life,

I really cherish your presence!"
Best Friends,I Count On You My Friend,"Sometimes I feel that in this world, I'm all alone, 

Not a single person in sight to call my very own,


Then I close my eyes and your face comes in sight. 

And makes me realize that I was so not right. 


Your presence makes loneliness itself such a myth,

You my friend put my entire life perfectly in sync,


I count on you for every little piece of advice, 

'Coz it is only you who understands me and is so nice,


Best friends that we are, we will be forever,

Our hearts will be always blended together. 


And never ever go away my dearest best friend,

May this friendship that we share have no end."
Best Friends,Our Journey As Best Friends,"We may be best friends on one day, and enemies on the other.

We may act like each other parents sometimes, correcting each other.

And sometimes we behave like siblings pulling each other's legs,

While other times like colleagues helping each other out of a mess. 

I don't know what we exactly are but I do know that I need you,

You are everything my dear to me, you're the best friend from heaven."
Best Friends,It can change with time,"Things do change with time 

And every emotion takes a turn 

But a true friend like you stays forever 

There is always a concern 

That is what best friends are for 

Sharing life all happy and sad 

But having you in my life 

I feel all good and glad 

So thanks a lot my bestie I love you!"
Best Friends,To all the good times that we shared,"Here is to all the silly things we talk 

And without reason while we walk 

Discussing about many things untold 

And giving advice in the bolt 

The way we are there for one another 

The way we practically care 

Deep down you also know that 

I am always there 

When you need me, call along
 
Without you in life, nothing can ever go wrong
 
You mean so much and I am thankful to you 

For coming in my life my best friend forever 

I am happy to have you!"
Best Friends,The miracle of friendship is like,"The miracle of friendship should be known to all
 
If only things were like they had to be 

I feel so loving and so blessed in your company 

You are there in my need 

You are there when I want to talk 

You are there when I need that support in the dark 

I can never imagine being without you 

Your friendship is like a solace so true 

Having you in my life, I feel so proud 

Our friendship truly stands out of the crowd 

It is just you all the way my friend 

It's just you whom I want to be with till the end!"
Best Friends,You are the one,"The way we connected, I knew,

There is something different about you,

We share the same feelings and the same vibes,

We share everything in common and jibes,

The way you understand me, no one can do,

I think I am from the lucky few,

Who found an awesome friend in you,

To you from my heart,

Thank you my wonderful friend!"
Best Friends,Everyday With You,"Everyday with you I learn something beautiful and new,

Gem of a person that you are, people like you are very few.

I wish the two of us stay the same kind of friends forever and ever,

May we always manage to make the world around us crazier together."
Best Friends,It is like the real treasure,"Friendship Is like the real treasure in life 

You know that your friend is there for you 

When she gives you all in few

There is a sense of care from her end 

She is always there to defend 

Being a good friend that you are 

In my life you shine like a star 

And I love you for your role 

In my life 

So thank you my bestie!"
Best Friends,Those silly fights you know,"Those silly fights when we used to not talk 

Those silly ways when we used to giggle 

Looking at people and finding answers 

As experimenting with riddles 

Oh such a good time I have had with you 

With you life feels so new 

My bestie you are like a breath of fresh air

And I know that you are always there! 

That is why I so love you!"
Best Friends,Having a good friend like you,"Having a best friend like you 

There is some kind of respite you know 

Many things that we share 

Many things that we show 

I know that you are always there for me 

And you know that I also care 

I want the bond of friendship that we share 

To go on till eternity! 

Thanks for everything my bestie!"
Best Friends,Having you in my life,"Having a best friend like you 

I feel so glad and so happy 

You make me smile in any stress 

You care for me in distress

You know me so well my dear 

With you life has a new cheer 

Its you who I want to thank 

My life would have been blank 

Without you my dear 

Love you my bestie!"
Best Friends,If there are no friends in life,"If there are no best friends in life 

Life would have been incomplete 

It would be really tough to survive 

Best friends are your strength 

They guide you along the way 

They are there in life's every say 

Best friends are life for sure 

For their love is eternal and pure 

Thanks for being my friend! 

I love you my bestie!"
Best Friends,I can also compare my love,"I can compare my best friend with a shade 

Because Your love is so pure 

It will never ever fade 

I know that you are always there in need 

There is no jealousy or any greed 

Your pure heart I have seen it all 

And because of you I stand so tall

As you have played a major part in my life 

Right from the start! 

Thanks a lot my bestie!"
Best Friends,One moment and you may think,"One moment and someone becomes so important 

Becomes a part of your heart 

Your love was true and I could see

Right there from the start 

Having awesome friend like you 

It feels so lovely and new 

Coz you are the sunshine of my life 

You been there in all my strive 

So I want to say that I simply love you! 

My bestie my life!"
Best Friends,You are a true friend,"You are a true friend whose always been there 

You don't show in words 

But it can be seen in the way you care 

I know that it makes a difference 

As your love is so pure 

And I am also glad I have you in life 

Our friendship being pure and nothing deprived 

Thanks for being there my bestie!"
Best Friends,You are the world to me,"You are the world to me I know 

I may not really care or show 

But I know that our bond has been special 

I know our bond has been so strong 

There are no words to express the emotion 

Coz I know that it does belong 

The way we share our friendship 

Thank you so much my bestie! 

I love you the way you are!"
Best Friends,You don't need any ways,"You don't need many friends in life 

If you have one best friend whose true 

That should be enough for you 

For that one best friend will be 

Like an amazing shadow to you 

And will protect you from so many things 

Making some memories old and new 

My bestie I want to confess 

That I so love you!"
Best Friends,When I do fall you know,"When I fall down you pick me up 

When I cry you wipe my tears 

When I am happy you share a smile

You always give me more in life 

By going that extra mile

I am so blessed to have a friend like you 

And I just want to tell you 

That my bestie I truly love you!"
Best Friends,Real friends are gem in life,"Real friendship is like a rear gift 

A gift that time gives you 

You rely on the feelings and support 

That you don't really miss much 

The company of your friend is enough 

To make you smile all the while 

So, a special thanks to my friend 

For being so kind! 

I love you my bestie!"
Best Friends,It is a pure emotion you know,"Friendship is pure as the gold 

With so many emotions untold 

Still your best friend will understand 

That you are having a tough time

Friendship is a bliss 

It's like the sweet sound of chime 

This bails you out of the stress 

My best friend you are always there 

Whether in my happiness or distress!

I love you so much!"
Best Friends,True at Heart,"My friend you are so true at heart, 

Our friendship is so strong,

That no can make us apart, 

You are my best friend, my true buddy, 

With you in my life, I feel no fear, 

Thank you my friend my dear!"
Best Friends,Forever in time,"You are my bestie forever,

With whom I can share,

For whom I care,

Who lets me be 'me'

Who lets me see,

The truth of life on the whole,

You are my bestie forever,

You play the most special role,

In my life,

Thanks for being a part of my world,

Thanks all this while!"
Best Friends,There is no one reason in life,"There is no one reason why I love you 

You bring smile on my face each day 

With you I don't feel so blue 

Having you beside me is bliss 

There is not a single moment I want to miss 

I am so lucky to have a best friend like you 

I am so happy with the way this friendship grew 

Thanks for your love my friend! 

With you there is no pretend!"
Best Friends,You are an angel,"You are the angel of my life, 

You know me so well, 

Whenever there is loss of hope,

When bad situations dwell,

You are always there to support me, 

That is why you are my bestie, 

Love you for what you are, 

My super shining star!"
Best Friends,Like Two Nuts In A Chocolate,"Like two nuts in a chocolate, it's you & me in this lovely world,

In fun, frolic, love and lots of sweetness, our life is curled. 

And if ever the chocolate starts turning bad and bitter, 

We'll still stand against it and make it better together. 

And whoever says that we'll get separated some day? 

What the hell, we're best friends & will stay together anyway!"
Best Friends,You know it all,"All my deep desires and secrets, 

Are only known to you,

Do you even have a clue? 

That true gem like you, 

Are so very few, 

You are my best friend for life you know, 

I may not really show, 

But you are special, 

Love you my bestie!"
Best Friends,Having a friend like you in life,"A friend like you whose so hard to find
 
A friend like you whose one of a kind 

A friend like you whose like a spark 

A friend like you who is light in dark 

A friend like you whose my life 

And I mean when I say that I can't strive
 
It's just you all the way and through 

A friend like you whose so loving and true
 
So thank you for coming in my life 

A reason why I am happy all the while 

Thanks to a wonderful friend of mine!"
Best Friends,For my Bestie,"My friendship is not a two day thing,

It is not about the way we sing,

I mean when I say that you are my friend,

It's pure from heart,

There is nothing to pretend,

I am glad that I have found a best friend in you,

The feeling of glee, the feeling being new,

I am glad that I have you,

In my life,

Thanks my friend!"
Best Friends,Whenever I Was Sad And Lonely,"Whenever I was sad and lonely, I knew that I always had you, 

I knew that you would come if I called you, but I had no clue,

That before I could call out your name, you were already there,

Wiping my tears and showering me with your loving care. 

You are undoubtedly the best friend I have ever had, 

You just won't let me even for a second be sad. 

Thank you my best friend."
Best Friends,Helped Me Throughout,"No matter how worse the situation gets, 

No matter how many dark clouds are set, 

True friends will always help you through tough situation,

True friends are God's creation, 

My friend you have also helped me through thick and thin, 

With you around, I will always win, 

Thanks for coming in my life!"
Best Friends,Life is full of ups and downs,"Life is full of ups and downs

And sometimes you feel so restless 

Your best friend is there to cam you down 

Your best friend understands you so well 

You do not feel like giving up in dwell 

Your friend favors you and supports you 

Lifts your spirit up when you are out 

Thanks for a friend who made a difference 

Thanks to a friend who means to much to me 

My best friend forever, it's for you to see!"
Best Friends,The bond of friendship that we share,"A bond that started when we were small 

And now she we stand so tall 

Our friendship is still so same 

Our friendship has the most amazing name 

We grew in each other's parts of life 

Sometimes in happiness and sometimes in strive
 
So good to have a best friend like you 

Whose not only pretty from outside but inside too
 
Feeling blessed to have a friend like you!"
Best Friends,The world changes without reason,"The world changes without reason 

You feel the change in every season 

Things are not the same to know 

You have a different way to show 

A friend like you will remain in time
 
How much ever things change and forever 

You are a friend I need the most 

So today, I would love to raise a toast 

And raise a praise to our friendship 

A friendship that is sop pure as dew 

I am blessed to have a friend like you 

So understanding and so true!"
Broken Heart Poems,A lie that could have caused,"A lie that could have caused it all 

Some things in there do not stand tall 

I thought that our love was true 

You have proved me wrong this time 

I thought I had this feeling for you 

You showed that you are not mine 

I am really heartbroken because of you 

I can feel the pain within 

I never expected this from you 

All the pretty moments I had with you 

Will haunt me forever in my life 

Will haunt me in ways to see 

The love that was not in my destiny 

The love that was forbidden for me!"
Broken Heart Poems,I can't think beyond your thoughts,"I cannot think beyond you 

When I sit alone 

I see your face in front of me 

All the reasons that I have 

Of all the moments that I spent with you 

Your smile still haunts me 

Your eyes still speak to me 

There is not much I can do about 

Nothing much left to see 

Baby I have loved you, you know 

It's your choice to accept me 

Love me or leave me to core 

My heart is broken I know 

It won't ever stop loving you 

And that is for sure 

My heart still beats for you!"
Broken Heart Poems,I know that I cannot make,"I loved you so much you know 

I left everything for you 

I gave my all to please you 

What you gave only broke my heart 

Today you can see the thousand parts 

You took away my trust 

You did not respect my feelings 

You took away my soul 

Leaving me gasping for my role 

A love that gave me my life 

It had passion to survive 

But you broke my heart 

And left me with so much pain 

I am still reeling in vain!"
Broken Heart Poems,I loved the way you used to,"I loved the way you used to love 

Now left with only shove 

I loved the way you used to stare 

Now your sparkling eyes are not there 

I loved the way you teased Mr. right 

It's all darkness and there is nothing so bright 

I loved the way you loved me dear 

You took away my life's only cheer 

Only to leave me in pain 

Only with some silent tears in vain 

Love lost for sure!"
Broken Heart Poems,A Painful Love Story,"I was waiting for you below the Eiffel Tower,

You were standing down there, so very far. 

""Hey here I am baby, come to me"", I said. 

Before your father came, took you away and fled.

Ever since I have been waiting to see your face,

But I guess you have gone to a different place. 

Now your memories is all that I have with me,

My heart is broken into tiny pieces underneath. 

But I will wait for that time to finally come,

When I will meet you, take you with me and run.

Till then my heart will long for you my dear,

Everyday I will pray that you come back to me here."
Broken Heart Poems,My heart is not the same,"My heart is not the same 

I have forever lost a name 

I was searching for that smile 

I was longing for your love all the while 

Things have really changed now 

Times have always changed 

You have left me in state so bad 

You have left me estranged 

Can't ask for anything else from you 

Expect from the memories that are mine 

I am very heartbroken today 

There is not even a smile...on my face!"
Broken Heart Poems,You were so perfect you know,"You were so perfect for me in every way 

And I could have endlessly said all day 

That I loved you and my love was pure 

There was a connection and allure 

There was a magic in your eyes 

That made me to suffice 

The way you left me and went 

Just there standing to pretend 

I could not believe you did that with me 

There is nothing left to see!"
Broken Heart Poems,I'm Glad You're Not In My Life,"I'm glad that you are no more in my life,

I'm glad because you never let me feel alive. 

I'm glad that you broke up with me, 

I'm glad because finally I feel so free."
Broken Heart Poems,I Am Longing For You,"I gave up on you,

It has been so long,

You messed up the lyrics of my beautiful song,

I gave up on you the hope is departed,

It is all over,before it could be started,

I gave up on you; I know I am right,

All the time, all the way,
 it was just fight,

Now you are no more a part of my life,

I am left all alone to strive!"
Broken Heart Poems,I loved you so much my dear,"I loved you from every beat of my heart 

You were indeed a special part, 

I was in awe of you know 

But that skipped things in show 

I don't have any feelings left 

My mind is still numb 

The way you broke my heart 

I do not know how I will succumb 

I know for sure the love I have 

I can't see it in your eyes 

A love that took away all from me 

And left me with no choice 

A love lost in the whale of time 

A love lost is all I know 

A feeling which is deprived!"
Broken Heart Poems,You Are My World,"I looked up to you for answers in life,

You were one of my reasons to survive,

Your words now hurt my heart and soul,

You had a part to play, an important role,

What went wrong, what happened to us?

I am trashed like a flower in a broken vase,

Now I don't find rhythm in the word love,

All the way, it is just sadness and shove!"
Broken Heart Poems,My heart lies with you,"Just give me back my tears in vain 

Just unbreak my heart my love 

And all the things that caused the pain 

Come back and give me back your hug 

Come back and give my love to me 

I can't live a single day without you 

You were my destiny 

You left me broken in thousand pieces 

And it reflects nothing to see 

I can't love again in life 

With all that is left is pain!"
Broken Heart Poems,Second Chance,"Crying takes your sadness away,

So cry my heart and let it sway.

Forgetting is tough but learn to forget,

For life offers several second chances that you will get.

Time will show a way to live,

Life will of happiness to you give."
Broken Heart Poems,I was so happy when we,"I was so happy when we first met 

Life was easy going since then, 

When I came to know about your face 

I was in total disgrace 

You used me and my emotions so well 

You left me in a state to dwell 

I can't think beyond you 

I can't think about the pain in through 

Why you loved me if you had to leave 

Why you cheated me all the way 

My heart is shattered all in pieces 

Of things that caused to dismay 

I don't believe in love anymore!"
Broken Heart Poems,My heart is in pieces,"My heart is in pieces since you left 

Leaving me in a state of deft 

I hardly can speak in this state 

I hardly can react in this phase 

I believed that true love is true 

I believed I have a heart only for you 

You broke it so bad that now 

I do not trust on the word love anymore 

You broke my heart and left me in pain 

I am crying all the tears in vain 

So bad that I can hardly react 

So bad that you don't understand 

Don't do this I want to tell you 

My love for you was only true 

I am heartbroken in blue!"
Broken Heart Poems,Pick Me Up,"A broken heart feels like death,

Like you are taking your last breath.

But life is bigger and more meaningful,

So I pull myself together although it's frightful.

Time has the power to heal a broken heart,

But persevere to make sure you don't feel apart."
Broken Heart Poems,When the heart is tough,"When the heart breaks there is surely no noise 

You are stunned with life and there is no choice 

You get hassled on the things you did 

And all the past decisions you made 

Well time does heal everything 

But there is no cure for broken heart 

Everything looks in to pieces 

Everything is just so apart 

The lost love is full of pain 

With tears of crying in vain"
Broken Heart Poems,Those moments of love,"What happened to your promise to love me till end of time,

All the moments when I called you mine, 

The moments that were spend with love, 

The moments that were filled with care,

Now, everything lost with the word,

I feel so bad, no I feel absurd,

Why did I love you at first? 

When you did not take a minute to break my trust, 

Will not forgive my heart for loving you,

Feeling all dark and blue!"
Broken Heart Poems,I gave my all to you,"I gave my all being in love 

I gave my all to you 

I simply cannot imagine 

That my love was not so true 

You accused me so much 

I lost that solace and touch 

I lost the love and that feel for you 

Nothing seems so good since then 

Everything is lost in due 

I do not feel for you any more 

I do not have any feelings left 

I am all broken from inside 

Myriad emotions I have to hide 

Of the lost love in my heart 

A broken and bruised heart!"
Broken Heart Poems,I Hate You,"Words are not enough to describe how much I hate you, 

Ever since you entered my life I have always been sad and blue. 

With your malicious plan you took all my friends away from me,

Now I have no one else but hatred for you in my heart beneath. 

I promise to bring magic in my life alive once again,

I will not let you ruin it more and give me so much pain. 

My life is only mine, and you ruining it for me is not your right,

I will fight you out of my heart till the day you're out of sight."
Broken Heart Poems,Broken are many pieces,"Broken are so many pieces of my heart 

Broken are my reasons to live 

I loved someone from the very start

He broke my heart in vain 

Left me all sad and blue 

Feelings not left to see or new 

Love is such an emotion I know 

There are many things to show 

But why did you leave me and go 

I so very well want to know 

Coz I so loved you you know! 

And I missed you for sure!"
Broken Heart Poems,Love is in the purest form,"Love is the purest emotion they say 

Love helps you find a way 

It was other way around for me 

As my vision was blurred to see

You left me broken and in bruises 

Your heart was so cold you know 

After leaving me so bad in life 

You also had no remorse to show 

You have been like a cheater 

Broken my heart so into pieces 

I won't ever love again in life 

This is not in my stride, 

I am not in this state 

To love someone and to date, 

My life is all in a mess and broken!"
Broken Heart Poems,The pain has seeped in,"The pain has seeped in within me 

The tears are flowing all the way 

I could not imagine a single day 

Living without you my love 

But some things are just not 

Meant to be forever, 

Our love was just one of the reason 

Why my heart broke so bad in this season 

I can't except the reality so soon

I guess it will take some time 

To realize that love is just not meant 

Not meant forever in my life!"
Broken Heart Poems,My Heart is Bleeding,"I know the pieces, which are broken fit,

Because I had seen them fall apart,

I had no role or part to play,

I didn't have anything to say,

You left me all shattered and sad,

Was my love so untrue, was it that bad,

You have no answers in life,

Don't know without you how will I survive!"
Broken Heart Poems,The value of your tears,"The value of every tear that I shed for you 

Could have easily given a vain 

That my love was so pure for you 

My love was so real you knew 

The way you broke my heart 

I felt so much apart 

The way you broke my trust 

I could not believe it much 

I will not love anyone in life 

And I know that for sure!"
Broken Heart Poems,You left me in a state of,"You left me in a state so dark 

I have lost all my life's spark 

I have lost all the things to see 

My heart is not letting me be 

I don't believe in love anymore 

I don't want to believe in it 

It has left me shattered all the way 

It has left me blank all the way 

Love that I knew was for me 

Love that was not in my fate to be 

I have lost that love, 

I am all heartbroken now 

Will not believe in love any more!"
Broken Heart Poems,Please Come Back,"My whole world came to a painful and shocking halt

The day you decided to give my heart a drop. 

You are no more in my life, it is such a shame,

The love that I have for you is making me insane. 

So please baby, please come back into my life,

For your absence is more painful than a knife."
Broken Heart Poems,Deep down in love,"Deep down I am sad and feeling the gloom,

Smiling in front and hiding my pain,

Why did we part our ways, can't get through,

Can't control my tears but in vain,

Don't tell me to stop, as I won't be able to,

Can't express my pain in any other form,

All the games of love and blame, 

It's not surreal; it's not the same, 	

I have emotions, and it feels a lot,

Please think once more,

Please give it a thought!"
Broken Heart Poems,Dealing with a Broken Heart,"Tears know no day and night,

Life has begun to give me a fight.

It is not easy to deal with a broken heart,

I don't believe that you could with me part.

I can never be the same again around you,

But I will pick up and begin life anew."
Broken Heart Poems,Love is such a wonderful thing,"Love is such a wonderful thing 

Love is a feeling so good 

I would like to love you 

That would be a state in too 

You broke my heart to many pieces 

The voice I could not hear 

You bought tears in my eyes 

Not feeling so good and so wise 

A broken heart that I know 

Is forever this way to be 

I am reeling under the pain 

Of a broken relationship too 

A heart so broken into pieces 

A heart all that was you!"
Good Morning,A New Day is Here,"Look, the sun is up,

With the clear blue sky,

Smile because it's a new day,

As all the wishes in the mind you lay,

Don't think about yesterday,
 its gone,
 
Think about today, because its today that matters,

Have a wonderful start this morning,

A very pleasant good morning!"
Good Morning,A day so cool for you,"Good morning to you, 

For a day so cool and new,

Make new plans for the day, 

Go out there to find a way, 

Reach where you wish for today, 

Wish you a lovely morning for the day, 

Have a nice day!"
Good Morning,Morning brings in a new light,"Morning brings in a new glory 

When your heart speaks in matters to say 

There is a feeling so vibrant in the air 

Everything feels so fresh per say 

It's a start of another awesome day 

Start of new dreams for that day 

Morning time is such a pleasant time 

You feel really good like sound of chime 

The spark of that morning sun 

Feel the fresh air and the fun 

Today is a new start for you 

Just like that pleasant dew 

Morning is truly wonderful 

Embrace it your way with smile 

Wishing you a lovely morning!"
Good Morning,The best way to greet,"The best way to greet the morning is 

By smiling early in the day 

With the sun shining at its might 

Ending the darkness and the night 

Morning is truly a special time 

When you can just be 

Morning is the time to start 

Things so new for the day 

So, wishing you a very good morning 

Have a lovely day!"
Good Morning,Beautiful morning,"Beautiful morning, 

And another day so bright,

The light of the sun,

Brings a calmness on sight, 

Mornings are for some new hopes,

Mornings are for new beginnings per say, 

So, start your day afresh and new, 

Be prepared for the day,

As I wish you a, 

Happy good morning today!"
Good Morning,Welcome the Sunshine,"Good morning my dear,

The day is here,

Forget all your stress and fear,

Start this day with a bright cheer,

Life is not stressful as it appears,

So best wishes for a new start,
 
Have a good day to play your part,

Good morning!"
Good Morning,As bright as you can,"As bright as the sun is shining so high 

As bright as your lovely smile 

The morning brings in a new cheer 

This is one of a kind 

When you think ahead for the day 

and say bye to yesterday

Morning is a time to be all happy and gay 

Good morning and have a nice day!"
Good Morning,Sleeping In The Mornings,"Catching up sleep during the sun's first rays,

Is a bliss that should not be missed in any ways.

Your bed is your best companion,

With sound sleep undisturbed by even the loudest canyon.

You wish you could sleep longer,

But unfortunately, you have a life that summons you stronger.

It is Morning!"
Good Morning,Beautiful Morning,"Gentle breeze flows in,

And brushes past my cheek.

Blows away traces of sleepy night

And the breathtaking sight of moon so white.

The morning sights and lovely chirping of birds

Cannot be expressed in simple words."
Good Morning,Start your day with,"Start your day with some happy thoughts in mind, 

So that your day goes well, 

Don't fear the shadows of yesterday and dwell,

Because new day is for you, 

It is all pleasant and new,

So embrace it with a smile on your face,

And you would each ahead in this race,

Wish you a lovely morning,

Have a nice day!"
Good Morning,Get up and look outside the window,"Get up and look outside the window, 

Such a beautiful morning it is, 

Feel the lovely breeze on the face, 

Feel the hue and fizz, 

Good morning as I wish you today my dear, 

To start your day with a brightest cheer, 

Good morning!"
Good Morning,New Beginning,"New day brings in new hopes,

New day brings in new scopes,

You can do what you wished for with a fresh mind,

May you get everything you wish to find,

It's a new day to spread the joy,

Wish you a bright and sunny good morning!"
Good Morning,Life is too short you know,"Life is short and you know it right 

So make the most of this morning bright 

Sip your tea and mark your plan 

It will be easy to understand 

Of all the things that you need to do 

Many tasks and some quite few 

Morning is the time to decide 

What you really need to do! 

Wishing a good morning to you! 

Have a lovely day oh new!"
Good Morning,The Nature Talking To Me,"The birds are singing on the trees,

The big bright sun is smiling at me. 

The breeze is asking me to come and play,

The dew drops are wishing me a good day."
Good Morning,Have a good morning,"Remove all stress from your mind, 

Because its start of another beautiful day,

So close your eyes with divinity,

As you make a short pray,

Pray that your day just goes good from your heart,

For making that very perfect start, 

Wish you a very good morning!

Have a nice day!"
Good Morning,Morning cheer,"Sweet seems the morning glory,

Sweet seems the sunlight, 

Sweet seems the clear blue sky, 

Sweet seems the day so bright, 

So make your thoughts sweet,

As you start another day, 

If you have the will you can, 

So start with a pray, 

As I wish you have a lovely day, 

A very good morning for today!"
Good Morning,The colors of morning,"The vibrant colors of the morning, 

That freshness and the hue, 

There is something magical in the air, 

It feels so good and new, 

Embrace the day with your might,

Pretty is every sight,

Because it's a very beautiful day, 

So, go ahead and make your way,

More special this day, 

Good morning to you!"
Good Morning,Morning light,"When the first morning light, 
Comes to brighten the life,

There are many thoughts that ponder in mind,

There are many reasons to find, 

Mornings give us the clue, 

That everything is pleasant and new, 

You just need to find a way, 

You just need to do,

Wishing you a lovely morning, 

A wish from me to you, 

Good morning!"
Good Morning,Welcome the Rays!,"A new sunrise and a new day,
 
Get up from your bed,

Do what you feel and have your say,

Forget what happened tomorrow,

That was your past,

A new day has a new story and cast,

My lovely morning wishes to you,

May you stay blessed with this day so new!"
Good Morning,A new dawn,"A new dawn brings new light for the day, 

A new dawn brings many new hopes 

You can have a wishful life 

When you have that scope 

A new dawn brings a positive vibe 

With things that are gone 

There may be a new strive 

But with the cheer and on 

A new dawn brings a new light
 
To make things so bright

Have a lovely day!

Good morning!"
Good Morning,A chirpy morning,"What a chirpy morning it is,

What an awesome day,

So thought of wishing you my friend
, 
Coz it's a wonderful feeling today, 

Make the most of this day

Is my only prayer for you!

May you stay happy and you get all new,

Wish you a good morning!"
Good Morning,Fresh morning,"The freshness in the air,

That first Morning Prayer, 

The breezy air on the face, 

Another new chase, 

As you look out of the window,

You feel the dew,

Everything is special this day,

Everything is new, 

It is a special wish from me to you,

Have a lovely morning!"
Good Morning,A Wake-up call,"It's a wakeup call from me to you,

So that you see the day so new, 

Smell that coffee and brew, 

The breezy air just for you. 

Wakeup my dear as the day has started, 

Get off and make a new start, 

Good morning to you!"
Good Morning,It is a great time,"It's the time to plan ahead with the first sunlight 

Morning is a pleasant time that gets a good vibe 

It peps you to do things you want 

So that you can start your day with grace 

In this first morning day and race 

Simply be happy with a smile 

You have to go that extra mile
 
Have a super morning today! 

Good morning and have a lovely day!"
Good Morning,The Alarm Has Rung Again,"The alarm has rung again,

The day is about to begin my friend.

So stretch your muscles and wash your face,

Put on your clothes and fasten your pace.

Start the day with liveliness and energy,

May luck and joy shine on you in synergy."
Good Morning,The day has just started,"The day has just begun,

With positive vibes and fun, 

So smile and embrace the same, 

Reach out to your aim, 

Because each day gives a fair chance to play, 

So, go ahead and have a nice day, 

Good morning to you,

For everything relaxed and new!"
Good Morning,Hope of the day,"A new day is here,

And a new quest,

There are new dreams in the eyes,

Hoping for it to be filled with wise, 

The path is far, but the spirit is there,

As the sunshine will brighten up the day, 

It's a new day, a new way, 

So, have a lovely day today!

Good morning!"
Good Morning,Morning Brings Hope,"A day, however good or bad, has gone by,

Now it is the time to look at the bright blue sky.


The sea that gleams with the light of the shining sun,

and birds that chirp with pride, ask us to join in the fun. 


Morning is a God's way of reminding all of us,

That love and hope still exists in the world.


Good morning dear. Have a lovely day!"
Good Morning,Day so bright,"The night has passed,

Another day so bright, 

You have all the reasons to stay happy and cheer, 

Morning brings in new freshness in the air,

Morning gives you some new reasons to swear, 

So, get up and brighten up your day, 

Get up because you would say, 

That this day is so beautiful, 

Wish you a lovely morning, 

Good morning!"
Good Morning,Today,"Make the most of today,

Do your part in every way.

Live your day with a smile,

May it stay with you all the while."
Good Morning,Darkness Has Long Gone,"The darkness has long gone,

The day is singing you a welcome song. 

A brand new day awaits your welcome,

So wake up soon before time runs."
Good Morning,Early Morning Sights,"The lovely yellowish orange form of the early morning sun,

Signifies a lovely day that has just begun.

Take in the sounds of little birds chirping,

Which can only be heard when the world is resting.

Not too crowded, yet not deserted.

The roads are a sight of a busy city that is converted.

Have a Pleasant Day!"
Good Morning,It's time for cheer,"Morning is the time to cheer,

Oh my lovely, oh my dear,

So I want you to smile a lot, 

With cheering with positive thought,

Coz your day will be awesome, 

So, be ready for some fun,

Have a nice day, 

Wish you a lovely morning for today!"
Good Morning,Look at this day,"Look the day is so bright, 

To make you feel alright, 

Have you read the paper today? 

Had your tea cup for the day?

So be prepared for this wonderful day, 

Where you would find all happiness and gay,

Have a nice day, 

Wish you good morning for today!"
Good Morning,Give yourself a break in life,"Give yourself a break in life 

You deserve to take a lot more 

Give yourself some respite 

By walking through the morning chore 

Make a list of things you will do 

Make a lot of things in hew 

Feel good as it's just the start
 
Feel good as you have chance ahead 

Morning is such a great time 

Morning time brings in a new cheer
 
Morning time is really bright 

Makes you feel so awesome and right 

Wishing you a lovely morning!"
Good Morning,"Get up, its time","A very good morning to you,

Still in your bed, rubbing your eyes,

I thought you were all wise, 

Get up and get going my friend,

Sun and coffee make a perfect blend, 

For you to get active for the day, 

So, be positive and make your way, 

Do your best and have your say,

Wish you a lovely morning,

Good morning!"
Good Morning,Morning fun,"Good morning,

It's time to have a sip,

From your first coffee dip,

Morning is here and so is new hope, 

A lot of new scope, 

As you have a paper in hand, 

It's time for you to understand, 

That morning is finally here,

With lots of new things to cheer, 

So, have a lovely morning my dear!"
Good Morning,A Brand New Day,"Leave back all your troubles of yesterday,

Look, God has sent a brand new day your way!

So enjoy it to the fullest and be happy all the while,

Make others happy too as and when you get the time."
Good Morning,The sun that shines so bright,"The birds there up the sky,

Looking lovely flying high, 

The sun that shines so bright, 

Makes you forget that fright,

Because new day brings in a lot,

So, start with a positive thought,

Wish you a lovely morning, 

Good morning!"
Good Morning,Its the time to make a start,"It's the time to make a new start 

It's the time to start afresh 

For all the things you want to do 

To reduce all your stress 

Morning is a time to cheer 

so mark the most of it my dear 

Its the time to set all task 

Setting in things and in the bask 

Morning is the time to smile 

In the day and while! 

Good morning to you!"
Good Morning,Good Day for You,"The beautiful morning signifies a new day,

To shower you with happiness along the way.

Hope sunshine wipes your worries away,

And lets you in pleasure sway.

As the sun's rays break through your home,

A ray of new hope and bliss begins to foam."
Good Morning,A New Hope,"Here is a good morning wish from me,

So that you have an awesome day,

Have a peaceful day ahead,

But, before that you have to leave that bed,

Keep smiling, because the day is so bright,

Face the world with a new confidence,

Without any fright,

Good morning!"
Good Morning,Best time of the day,"Mornings are the best time, 

To forget things and move on,

Mornings just feel so good, 

As its start of a new dawn,

Wish you a lovely morning and I will pray, 

That you get everything you wish for today,

Wish you a lovely morning, 

Have a great day!"
Good Morning,"Wake up, It's Morning","The sun over head is shinning out bright,

The birds are chirping a lot in the light. 

It is time to wave sayonara to your bed,

And 'Wake up my dearest friend' I said!

Have a good morning!"
Good Morning,May You Wake Up,"May you wake up to the sweet sound of the chirping birds,

May the morning sweet and fresh breeze hit your ears. 

May you have someone you love, serve you morning tea. 

May dreams come true, 

and may nightmares stay under the bed sheet underneath!"
Good Morning,The Outside Air,"Step outside in the air so fresh,

May with happiness your day mesh. 

Dance with joy in the sun,

Against the cool breeze run."
Good Morning,It is a pleasant morning to see,"It's a pleasant morning, see out of the window 

You will feel brighter in the day 

Make all your wishes come true 

The sun is shining at the bay 

The flowers are blooming for you 

That sparrow on your window 

Giving you the light of the day 

Your spirit is up so get up high 

Look at the bright and wonderful sky 

Things will go according to you 

You will not feel bad and blue 

Everything will be playful according to you 

Because its wonderful day and new 

Wishing you a lovely morning 

Good morning to you!"
Good Morning,The Morning Nature,"Let your face be touched by the sun,

With your hair, let the breeze play the fun.

Start your day with a clear mind,

Focus on being joyful all the time."
Good Morning,It is easy to let go of things,"It's easy to let go of things in life 

Its east to come out of strive 

It's easy to do things you like 

Be the change you want to be 

Live your life with a new zest 	

Think about the days to come 

If life gives you reasons to impress 

A wonderful time is waiting for you 

For that reason in the new 

Good morning to you my friend 

Do the things you wish to do 

Wishing a lovely day to you 

Keep smiling all through!"
Good Morning,A beautiful day,"A beautiful sunrise and a new day, 

Where you can have your say,

Take this day as a start, 

Of another bright day, 

Wish you have a lovely morning, 

Wish you have a lovely day, 

Good morning for today!"
Good Morning,It is truly special,"Mornings are special,
 
As they bring in a new cheer in life, 

Every which way and every strive, 

Mornings are just perfect way 

To do what you wish for or say 

Mornings give a new cheer 

So that you feel good oh dear 

So embrace this morning with a smile 

All the day and while

Have a lovely day!

Good morning!"
Good Morning,Happy morning,"A very good morning to the most important person I know, 

Don't have many words to show,

But, just know that I care a lot, 

You are always in my prayers and thought, 

So wish you a good day ahead, 

Be prepared for a super day, 

Wish you a super good morning for today!"
Good Morning,Hey morning is as fresh as you are,"Hey good morning is my wish for today 

May you have a pretty pleasant day 

May you keep smiling the while

Do things that you want to do in life 

May you never have to strive 

Morning brings in a new energy 

It brings in a new charm to say 

Makes way for things you want per say 

Morning is truly special my friend 

It will bring in a lot my dear 

So have a nice day with cheer 

Wishing you a lovely morning dear 

Good morning to you!"
Good Morning,Good Day Ahead,"What a lovely morning it is,

My wishes for you to rise and shine,

Be relaxed and your day will be fine,

What a lovely morning it is,

A start to a fantastic day,

Stay confident and have your say,

Good morning!"
Good Morning,Fresh Morning,"When the first rays of the sun barge into your room,

And you get to see the tiny dewdrops on flowers that bloom.

You know the day is fresh and new,

Giving you all that is for that day due.

Savour in the freshness of the morning,

Else it may not be much time before you get longing.

Good Morning!"
Good Morning,Rise and shine,"Rise and shine on this new day today,

Make the most of this day, 

New hopes and new approach, 

Stay firm and have your say, 

As I wish a very good morning to you, 

A very good morning today!"
Good Morning,This is the time,"The lovely morning is here 

Look the sun is shining so bright, 

Embrace this new day with a smile 

As things will be alright 

Morning comes to end all darkness in the life 

It gives a new hope to survive 

Have a great morning this day 

A very good morning for today!"
Good Morning,Chirping of birds,"Cuckoo, cuckoo chirping so loud, 

Watch that bright blue cloud, 

Morning is here again my friend, 

So start with your morning trend, 

Of smiling all through the day, 

Coz that is the best way,

To stay happy for today and every day, 

So wish you a very good morning!"
Good Morning,It is so special,"Mornings are special with your smile 

Early in the day and the while 

The brightness of the day which sparks up your face 

Gets to another lovely grace 

Morning is the time so well

When all the worries get so dwell

Morning is a special time 

With all the glory and all the brim

Have a lovely day! 

Good morning for today!"
Good Morning,Each morning is new,"Every morning brings in new energy for the day,

To get more smiles for the day, 

Mornings are a lot about to cheer, 

So, let go of that unknown fear, 

Embrace the day with a smile on your face, 

Accept everything with a grace, 

Have a lovely morning, 

Good morning!"
Good Morning,Each morning for me,"Each morning reminds me 

Of the lovely creation of Lord 

With the sunlight passing by 

With the clear blue lovely sky 

There is something to cheer for sure
 
There is something around 

Each morning has a pleasant vibe 

Of the cheerfulness that surrounds 

Good morning to you!"
Good Morning,Early in the morning,"Early morning is the time, 

So sending you lots of hugs and kisses, 

Early morning this day, 

May you have your say! 

Have a great day ahead today, 

Is what I will only pray! 

Because, it's such an awesome day, 

Wish you a very good morning for today!"
Good Morning,Welcome Your Day,"I go to bed thinking of what to do the next day,

A constant thought that keeps me at bay.

Rises the sun and reminds me of my duty,

For the day ahead I fail to see the beauty.

Life will be so much more wonderful,

If you are not so distressful.

Have a Good Morning!"
Good Morning,Dew-kissed Morning,"A bright morning is always a blessing,

It can be sunny or can be cloudy,

But,it stands for new hopes each day,

Where you can do so much and have your say,

So wish you a wonderful morning so new,
 
Just like the fresh morning dew!"
Good Morning,A warm prayer,"Begin this day with a warm prayer, 

May you get everything that you wish for today, 

Look at the bright sunshine, 

This gives a positive cheer, 

May your day be fun filled, 

Is my wish for you oh dear, 

Wish you a lovely morning!"
Good Morning,Look the sun is here,"Look the sun has already risen 

You also get up you sleepy head 

Forget what happened yesterday 

Because that was the day you had 

Be prepared for the day so bright 

With all your cheer and might 

The chirpy sun shining in the sky 

Will make you feel alright 

Good morning and have a nice day!"
Good Morning,Time for some fun,"Morning is the time for some fun,

To show that you have the will,

To be the number one, 

Morning gives you another chance,

To prove your life,

With lots of smile and little strive, 

So stay happy, 

Wish you a lovely morning!"
Good Morning,Bright New Day,"The bright new sun,

To welcome you

To a day full of fun,

And all the happiness,

That were dew.

The fresh new blossoms,

To make you smile.

Filling you all and leaving no room,

And loving you in the meanwhile.

Good morning!"
Good Morning,The sun that shines,"The shine that sparkles up the sky, 

The beautiful birds flying high, 

You know for sure that morning is here,

And you know that it is so bright, 

So, open your wings for another day, 

Let go of the fright, 

Live this day with all your might,

Coz pretty looks every sight, 

A very good morning to you!

Feel good and new!"
Good Morning,Don't regret the time,"Don't regret this day 

Don't regret this time 

Its start of another day 

And end of the night time 

Morning time is the time to think 

About your task for the day 

You have to prepare for it now 

To make the most of the day 

Have a super bright time today 

Good morning and have nice day!"
Good Morning,Pray for a Good Morning,"Saying good morning is the best way,

To begin a hopeful and beautiful day.

A silent prayer for a day so good,

Asking the Lord to bless your day as He would.

Every day of happiness and health

Is the world's greatest wealth."
Good Morning,Freshen Up Your Mind,"Freshen up your mind,

Cause it is morning time.

It is a chance for a brand new start,

So work hard and do your part."
Good Morning,Bright spark in morning,"Cuckoo singing at the bay, 

Wind flowing all the way, 

The bright spark on your face,

Get up now to run the race,

Mornings are to cheer up and light,

Mornings are to feel all bright, 

As we get ready for another fight, 

Mornings are to think positive about life, 

With new energy to strive, 

A very bright and lovely morning to you!"
Good Morning,The birds that sing,"The birds sing in the morning, 

To pep up your day and make you feel so good, 

The clear blue skies and the wind, 

I wish I could, 

Just come to you and hug you tight, 

Then you would feel all bright, 

For now, good morning wish from me, 

May you be able to see, 

All the wonderful glee, 

Good morning to you!"
Good Morning,A lovely day,"What a lovely and bright day it is,

Look out and feel the air, 

You would feel the air so fresh, 

A ray of hope everywhere,

Coz new day brings in new light, 

This makes your day a tad more bright, 

Wish you a very good morning!

Have a nice day!"
Good Morning,Sweet Morning,"Enough of rest,

Now it is time to work.

Get up and start your day with a zest,

Reflect a hearty laughter,

To world's all smirks.

Commence this new shine,

With bright new ideas,

Letting no aim, no wish to lurk.

May happiness and smile always cling,

And with this,

Wish you a happy sweet morning."
Good Morning,The sun that shines,"The radiance of the sun, 

The spark of this day so new, 

Wish I could feel this way all through, 

Because everything looks true, 

The day is so good today, 

Wish it stays this way, 

Wish you a lovely morning my dear, 

Smile and also spread that cheer!

Good morning!"
Good Morning,Rise and Shine,"The lovely cuckoo sings the most beautiful song,

Waking up for its voice is where I always belong.

My day does not begin without walking past the grass,

That smell so nice and feel so soft.

Mornings are the best part of the day,

When your mind and body are the freshest to play."
Good Morning,When I wish you,"When I say its morning time,

You need to get up from that bed, 

Yes no reasons or logic now, 

Because I told you enough said, 

Let go of your sleep for once, 

To embrace this day so new, 

Feel all good and awesome my dear, 

Coz it's another super day, 

Good morning to you for today, 

Have a nice day!"
Good Morning,Look at the sun,"Look the sun is shining so bright 

In its glory and might 

Telling you to get of your bed 

And make plans for the day 

Telling you to do sometime 

Go and have your way 

Morning is like an inspiration 

Which sets out for the day 

So, wishing a very good morning for today!"
Good Morning,A day for you,"It is important to start your day with a smile, 

Look outside the window for a while, 

Look at the clear blue sky, 

The birds are also flying high, 

So, freshen up a bit for today, 

As its start of a bright day, 

Good morning to you, 

Have a nice day!"
Good Morning,The radiance of morning,"The radiance of the shining sun,
 
The brightness of the day 

The chirping of the birds 

Oh it is a lovely day 

So thought of wishing you 

Much happiness and smile this day 

Have a lovely morning 

Wish you Good morning!"
Good Morning,The Big Bright Sun Shines,"The big bright sun shines through the grey clouds,

It makes me so happy that I wanna sing & shout. 

The birds in the sky grant a sweet melody to my ears,

They make me forget all my problems and fears.

May this morning bring happiness to you as well,

May good news come to you today ringing your door bell.

Good morning!"
Good Morning,Wake Up On Your Toes,"Morning bells are ringing,

Have you heard it yet?
Come on stop lazing,
 
And,get down from the bed,

A new day awaits you,
 
With opportunities so new,

So start your day with a morning pray,

To have a bright and cheerful day! 
Good morning!"
Good Morning,What a lovely day it is,"Aha! What a lovely day it is,

Have you looked outside the window? 

Look at the clear blue sky, 

Feel the fresh and breezy air,

That ray of light which is right there, 

Dew on that leaf looks like a tear, 

All the things which miss and near, 

Morning is to cheer, 

So, start your day with a smile my dear, 

Wish you have a lovely day,
 
A very good morning to you!"
Good Morning,A Pleasant Day Awaits,"Here is my morning wish for you my friend,

It will stay with you till day's end,

May you get everything you wish for today,

May you stay all hearty and gay,

Have a nice day,

Just a sweet good morning wish for today!"
Good Morning,A Peaceful Morning,"A very good morning to you,

My wish is you rise and shine,

Without any complain or whine,

Get what you want this new day,

Forget what happened yesterday,

Look forward to the day so new,

My lovely morning wish to you,

Good morning!"
Good Morning,Wish you a pleasant morning,"It's time to start afresh,

As the day is so new,

Lovely blue sky,

And fresh morning dew,

Its time to start afresh,

As the new day unfolds,

To play your part with dedication,

To know your role,

Morning is good, as you can start new,
 
Good morning to you my dear,

You are among God's chosen few!"
Good Morning,You don't have many,"You don't have many choices, 

You don't have all the day 

You have to make a start 

You have to have a say 

So today when you get up 

Thinking about your day 

You have to make it special 

You have to work your way 

Wishing you a super morning! 

Have a nice day!"
Good Morning,New dreams,"New day gives birth to new dreams, 

A new day brings lots of new expectations, 

I also wish the same for you, 

I also want that you get everything new, 

A very good morning to you my dear, 

A lovely morning to you!"
Good Morning,Morning lifts up your soul,"Morning lifts up your spirit 

Makes you feel so right in light 
	
Morning has a new charm 

To make you feel so bright 

The sun when shines all out 

Brings a message of happiness around 

For all the wok left undone yesterday 

For all the reasons of being strong 

Morning brings in a new phase 

Where you can do what you wish for
 
Morning cheer brings in smile 

Feel its vibe and feel all right 

Wishing you a bright morning for the day 

Good morning for today!"
Good Morning,May you have no regrets in life,"You may have your own regrets in life 

But you have your own way to see 

Things beyond the reasons 

Reasons that let you be 

You may have a voice of your own 

That will take you ahead in life 

You may have that confidence 

To get ahead of the strive 

Today is a new day my dear 

So start it being with a cheer 

You will feel that positive vibe 

This will make things so bright 

Good morning to you my dear!"
Good Morning,The day is so bright,"The day is so bright and lovely 

Smile and embrace this new day 

New things and new aspirations 

To make a new way 

Morning is a time that sparks up a cheer 

Wishing you an early morning my dear 

Have an awesome day ahead
 
With a lovely smile of yours and set,

Good morning!"
Good Morning,New Morning,"Every morning rings in a new day,

Every day rings in new hopes,

Every hope rings in new desires,

And every desire rings in a new life.

Every such thought renders a new feeling,

And a good feeling defines a newer YOU.

Good Morning!"
Good Morning,Best time of the day,"Mornings are the time to rejoice, 

Because mornings bring in new joys,

A new way to travel the path, 

A brand new start,

Morning is the best time of the day,

Where you can just have your say,

So, here is my wish for the day 

Good morning and have a nice day!"
Good Morning,Nature's Bliss Shines Upon Us,"The chirping of the birds,

The clear blue sky,

The sunny day is here,

You are still in bed,

May I ask why?

Its time for a new start a new dawn,

Stay confident, that will be an add on,

Have a wonderful day ahead,

Good morning!"
Good Morning,A new day,"There is nothing left now,

As it's a new day today,

All the things of night are away, 

Everything just faded in dark,

Today is a new start with a new spark,

Birds are singing in their tone,

Some things known and some unknown, 

Will have to find a new way,

As it's another day, 

Good morning!"
Good Morning,Another day has come,"Another day has come, 

With giving you a new hope, 

Another day has come, 

With giving you a new scope, 

Plan ahead and make your day, 

Get going to have your say, 

This day will be good for you, 

Is my only prayer, 

Good morning!"
Good Morning,Feel the Freshness,"Good morning my dear,

Have no stress or fear,

Look outside the window,

To feel the fresh air,

Start your day on a bright note,

With a peaceful morning prayer,

May you have a great day,

A very pleasant good morning for today!"
Good Morning,Lovely morning,"The lovely morning dew on the pretty flower,

The chirping of birds in the sky,

The sound of the wind so clear, 

In the midst of clear blue sky, 

Morning is so beautiful, 

Mornings are so bright, 

The sun shining to its glory, 

With that first ray of light,

Have a lovely day, 

As I wish you today,

A very good morning!"
Good Morning,Wish you a lovely day,"Good morning,

A day full of joy and happiness, 

Is my only wish for you!

May you smile all day, 

May you get everything bright and new!

Focus on the good,

And forget about the bad,

Just keep your spirit high,

With taking a cue from the bright clear sky, 

Wish you have a wonderful day,

Good morning!"
Good Morning,The Big Bright Sun,"I woke up in the morning with 

the brightness of the sun on my face,

I glanced at my watch and to my bathroom

I did the race,

For mornings are meant to hurry, 

mornings are meant to run,

They don't even grant you a moment 

to sit back and admire the beautiful sun. 

Don't let your morning be like this 

try to make it a special one, 

For not every morning will you get 
a chance to wake up to the big bright sun."
Good Morning,Time To Wake Up,"It is time to wake up cause morning is here,

It is time to add to the day's happiness and cheer.

May you pass on joy to all who you met,

To all may you utter words that are kind and sweet."
Good Morning,Good Morning Friend,"Good morning to you my friend,

May delight be yours without an end.

May all your desires come true,

May you never find yourself blue."
Good Morning,Enjoy The Sunshine,"Morning brings a new freshness,

In thoughts,

In actions,
 
In things to do,

It feels like everything is so pleasant and new,
 
My good morning wishes for you,

Even if you have no clue,

May you have the brightest day,

Good morning and have a nice day!"
Good Morning,It's a new journey,"Morning is like a journey,

That takes you far and how, 

You have many options on your way, 

Through happiness and the day, 

Explore the best you desire, 

And reach for that star and higher,

Wish you a lovely morning! 

Have a great day!"
Good Morning,The sheer sunlight,"The sheer sunlight on your face 

The morning glory so new 

Face the world with your charm 

For it's the first morning dew 

Make it special with your smile

All the day and all the while 

Feel the freshness in the air 

It's in your house and everywhere 

Good morning to you! 

Have a lovely day!"
Good Morning,A Special Morning,"Wake up to the pleasant day so bright,

Hope your day goes great and everything is just right,

The morning brings in new hopes each day,

It has a special way today,

That what has gone will never return,

The day is yours,it's a new turn,

Good morning!"
Good Morning,The Morning Sun,"The morning sun brings about new hope for today,

It is a promise that troubles are washed away with yesterday. 

Today is a brand new day so make the most of it,

Live as if it were your last and enjoy every minute.

For every single day is a gift from God up in heaven,

Waste it, and you'll only be pleasing the devil. 

Good Morning!"
Good Morning,Its a bright and a sunny day,"It is a bright and sunny morning today 

Feel that energy in the day 

Look beyond the things you want 

All the wishes you need to flaunt 

Take this as a new day in life 

Where you would smile all through the strive 

Thank the God for this wonderful life 

And all the gifts that you get 

Morning is the time to reflect on 

All the things that you want 

Spread the message of love early this day 

It is a super morning today 

Wish you good morning!"
Good Morning,If you dream big you will achieve big,"If you dream big you will aim higher
 
If you aim higher you will reach your goal
 
If you reach your goal, you will be content 	
	
Content reaching a position that you intent 

Happiness will always remain in your stride
 
You will never ever feel deprived 

Think about all the things in life 

Which you always wanted but in spite 

You did not get those 

So start your day with a smile 

Start your day with a positive dose
 
Live your life and dream along 

A wonderful time is waiting for you
 
Good morning to you!"
Good Morning,New start for the day,"The start of a new day,

Brings many new opportunities your way, 

Choose the best you can this day, 

Begin your day with special pray,

And reach where you desire, 

Coz you have what is required,

To be number one, 

Wish you a lovely morning, 

Have an awesome day!"
Good Morning,Its morning time,"Knock Knock,

Did you get up from your sleep? 

Sure, your sleep must be deep,

But, its morning time,

The time to cheer,

It is the start of another day, 

So, in a very beautiful way, 

Let me wish you a lovely morning, 

Start your day with a new might, 

And, things will just be all right,

Have a lovely day ahead,

Good morning!"
Good Morning,It's A Brand New Day,"Leave back all your worries and troubles of yesterday,

Make yourself a silent promise to make today a better day. 

Now my dear friend, a brand new day lays ahead of you,

Face it with pride, because it is a gift and is totally new. 

May all your goals and ambitions for the day be set,

I wish you have an amazing day and a night without regrets.

Good morning buddy. Have a grand day!"
Good Morning,Good Morning Sunshine,"As the morning clouds gently wake you up,

And your favourite steaming coffee beside you in a cup.

So blissful and serene is the morning,

The breeze and the sights leave you admiring.

Today is fresh and new,

Just like the early morning dew."
Good Morning,Make a wish on this lovely day,"Make a wish on this lovely morning 

There is a charming glory in the air 

You feel so fresh all through the day 

You know you would simply make a way 

Morning cheer peps you up 

Like the chirping of the birds
 
When the sun sparkles through so bright 

Makes the things alright 

Morning is fun you must know 

When you have that energy to show
 
So for that perfect start of the day 

Smile all through today 

Because it's a lovely morning to say!"
Good Morning,Something to cheer,"The morning brings in something to cheer, 

So, get up you sleepy head oh! my dear, 

Drink that sip of tea to rise, 

This day you will get all wise,

Because you know that everything is new, 

So, don't feel all blue, 

Make your mark on this new day, 

Wish you a lovely morning for today, 

Have a nice day!"
Good Morning,Get up and smell,"Get up to the lovely smell of coffee 

Get up to this day so bright 

Do what you want to do 

Get ready with all your might 

Morning is a special time 

When you can decide 

Of all the things that you want to do 

A time so pleasant, a time so new

Good morning to you! 

Have a lovely day!"
Good Morning,The first thing today,"The first thing in the morning 

You must get up and look in the mirror 

Smile with a loving grace my dear 

And you will make your morning fun and cheer
 
For your smile has the innocence 

This will make your day perfect as can be, 

Morning time is special 

It's the morning time to see 

Good morning to you!
 
For a say so new!"
Good Morning,The sun that is bright,"The sun is shining all bright and new, 

There is something fresh in the dew, 

Something which states the feeling of the heart, 

For getting that perfect start, 

For the day so bright and new, 

Get up and get going for today, 

Coz it's just another wonderful day, 

Good morning to you!"
Good Morning,What a lovely day,"Ah! What a lovely morning it is 

Open your window and see 

The clear blue sky 

And the cool wind on your face 

Telling you that you have that grace
 
And confidence to win over anything you want 

So start your day with confidence 

So that you can flaunt 

Anything that you want to 

Have a lovely day

Good morning!"
Good Morning,A New charm each day,"Mornings bring in a new charm, 

Something so fresh, 

Something in the air, 

So, start your day with a silent prayer,

So that you have an awesome day today, 

It's just the good morning I must say, 

Good morning!"
Good Morning,First ray of hope,"The first thing in the morning, 

Is that you look in the mirror and smile, 

It will brighten up your day,

To make a path of cheerful way,

As you hold the cup of tea, 

There are many things to see, 

So, get all charged up for this super day,

As the vivid morning is here today,

Good morning!"
Good Morning,On your will,"Success depends on your will, 

Success depends on your stay, 

It all starts with a new day, 

When you choose your own way, 

So, have a good day is my only wish for you, 

Stay all good this day and true, 

Wish you a very good morning, 

Have a nice day!"
Good Night,Forget The Pain,"My only wish for you this night,

Is you forget all your stress,

Sleep well is all I want,

Without the mess,

Forget everything what happened today,

And focus on tomorrow,

A new day is waiting for you, without any sorrow,

Good night!"
Good Night,Leave all your worries at side,"Leave all your tensions on side 

Night is indeed so bright 

You do not have to worry about things 

You don't have to worry about the time 

You have some thoughts in your mind 

Leave them and sleep tonight 

As you sleep, you will have a reason 

To leave behind things that don't matter 

Leave behind everything that 

Gives you a reason to stress 

Smile and feel that calmness

That this night has bought for you 

Feel so good tonight,

Wishing you a lovely night 

Good night!"
Good Night,Too many days and night,"There are many unkempt secrets that are there 

Coz night is dark and it's there 

So sleep with your eyes closed and you will know 

That the shadows of the past will go 

Night is the time to be at peace 

When all your worries will get ceased

Wish you good night 

Remember to sleep tight!"
Good Night,The day just turned to night,"The day just turned to night, 

Oh what a lovely sight, 

The silence of the stars,

The brightness of the moon,
 
Brings in the new attune, 

Wishing you a lovely night, 

Stay blessed and sleep tight!"
Good Night,A sweet wish just for you,"The sweetest wish is for you,

The silent night to stay, 

May you sleep well at night!

Leaving aside your fright,

May you relax this pleasant night! 

Wish you a good night, 

Don't forget to sleep tight!"
Good Night,When the moon,"When the moon shines bright at your window, 

I remember your pretty face, 

The radiance of the moon, 

Sparks up your face with grace, 

You look more pretty with the helm of the night,

It is such a beautiful sight, 

Kiss you a lovely good night, 

Oh my sweetie do sleep tight! 

Good night!"
Good Night,Night gives you a sense to be,"Night gives you a sense to be
 
Night gives you a reason to see 

Night gives you a dream as well 

You forget about every dwell 

Night gives you a reason to stay at peace
 
When you think about the bright day 

A day filled with cheer every way 

Night time is the best time of the day
 
You can just relax and be at bay 

A time that you can spend with family 

Do things that really make you happy 

So embrace this lovely night today 

As it's the most memorable day 

Good night to you 

Sleep tight my dear today!"
Good Night,There is the time for peace,"There is no time in the day 

Like it's the time in the night 

There is peace everywhere in the sight 

There is peace in the mind 

When you can relax and unwind 

There is a solace of different kind 

Night time is here and yes 

So wishing you a lovely night! 

Good night and sleep tight!"
Good Night,Goodbye To The Day,"A silent breeze that just went by,

Those numerous stars in the sky.

Are giving you a message.

A message to bid goodbye,

To the day just passed,

And let your consciousness fly,

In your dreams for some time,

Away from this hot and dry.

Let the cozy sleep be a sweet visitor,

That slowly makes you enter,

The world called wonderland,

Resting your mind and your hands,

That worked and worked the whole day,

Keeping your worries at a bay.

It is getting too dark now,

It is the perfect time to say,

Good night and dream sweet,

And calmly lay,

In the arms of your bed.

In a tight sleep when you lie,

a silent breeze that just went by,

Those numerous stars in the sky

Are giving you a message.

A message to bid good bye,

To the day just passed,

And let your consciousness fly."
Good Night,Dream away at night,"It's the time to dream away in the glory of the night 

It's the time to stay alright 

It's the time to refresh your thoughts 

For another day so bright 

Night is the time to relax and lay 

For an upcoming and bright new day 

Good night and do sleep tight!"
Good Night,The night is silent and quiet,"The night is silent and quiet 

The night has an aura so right 

Nothing feels so tough through this time
 
There is no stress or no fear 

It is just the calmness of the night
 	
That makes things all bright 

Night is the time to feel good 

A time when you feel so fine 

There is brightness all around 

Just like the radiance of the moon 

The night takes away all the pain 

Gives a promise of a better tomorrow 

Good night for this lovely day 

Feel fresh, as it will be a new day!"
Good Night,The wind that blows,"The cool winds of the night,

The moon that shines so bright, 

That feeling of silence in the air, 

Know that someone really cares,

I am wishing you a good night,

Because I want you to sleep tight, 

Good night my dear!"
Good Night,Night and delight,"Night is here and in much delight, 

Many thoughts that ponder the mind, 

Deep is the feeling, deep is the way

But, in silence and nothing to say,

The magic of night will take you over,

Will make you forget everything per say, 

Night is here, so you need to unwind, 

As there will be a new day tomorrow,

That will be kind,

To you,

Good night and sleep tight!"
Good Night,Lovely night for a lovely person,"Lovely things to lovely person 

Lovely will be your every night 

When you will forget about the day 

And surrender to the dark of the night 

Feel that you are in the night 

Just embrace the darkness my dear 

You will feel no fear 

The night gives you a reason to be 

It gives you all the reason to see 

Things that change with time 

And things that are to be 

Good night and feel all bright
 
Because it's a lovely night 

Good night to you!"
Good Night,The night is slow,"Sure, your day must be good,

But now it's the night, 

So forget what happened through,
 
Forget with all your might,

Because tomorrow is a new sunrise,

When you will get higher and rise,

So, wishing you a lovely night, 

Good night!"
Good Night,Stars Play Hide and Seek,"Stars twinkling in the night sky,

Playing hide and seek with my watchful eye.

The pretty clouds moving left and right,

And covering the stars away from my sight.

I light up when I see them once again,

Only to realize that my desire to see them all the time will be in vain.

Good Night!"
Good Night,It is the time to,"It's time to switch off the light 

It's time to snuggle in your sheet,

It's time to get lost in the world of dream,

Of all the situations that deem, 

It's time to say goodbye to another day,
 
To make a memorable way, 

For other day to come, 

It's time to say goodnight, 

Goodnight my dear!"
Good Night,Close your eyes,"Close your eyes as the day is about the to end,
 
Mixed emotions are such a perfect blend, 

Feel the silence of the night, 

Feel the calmness of the sight 

Forget everything and sleep tight 

Its end of another day of the year 

Its end of another might 

Wish you a very good night!"
Good Night,A Peaceful Slumber,"We may be miles apart,

But you always stay in my heart,

The night is here,
 
So accept my loving good night wish,

Leave aside everything and have a sound sleep,

As the night gets more deep,

Tomorrow will be a wonderful day,

Good night!"
Good Night,Dreamy Night,"In the darkness of the night,

There are so many thoughts in mind,

The only way to unwind,

Is to sleep tight and dream,
 
Relax and sleep and everything will be fine,

Wait for  a new day,
 when sun will shine,

Good night!"
Good Night,A Night Full of Dreams,"A good night wish and sweet dreams to you,

Coz people like you are so few,
 
Forget what happened today,

As the day is over,

Think about a better tomorrow,

Where there would be peace happiness and no sorrow,

Good night and sleep tight!"
Good Night,Close Your Eyes,"The sun is set,

Yet another day has come to an end,

Sweet good night wishes from me,

For dreams for you to see,

Close your eyes and sleep tight,

Forget all your fright,

Wait for another beautiful day,

To make your night peaceful today,

Good night baby!"
Good Night,Bye Bye Worries,"Good night wishes for you,

Sleep well and forget all the pain,

Life is nothing but lose and gain,

Don't bother,because the day is over,

Then why hold on and still rover,

Good night my dear,

Relax and there will be no fear!"
Good Night,A Warm Prayer,"The night is here,

The stars shining bright,

Say a good night prayer,

And forget your fright,

The night is here,

So embrace it with ease,

There would be no worries to cease,

Good night!"
Good Night,Good Night! My Beloved,"Good night my dear,

Good night from me,

I wish you were there with me,

There is no one I can see,

Good night my love,
 
See some amazing dreams,

A better day awaits you,

Where everything will be new,
 
Good night!"
Good Night,The Good Night Song,"As the day into the night fades,

Your worries too find a better place.

Let the stars shower you hope,

And give you the strength to cope.

Night is the time your mind and body sleeps,

For a brand new day that simply leaps."
Good Night,Sweet Dreams,"Rest your little head on your pillow

And drift off to dreams so mellow.

The sky is not too far away,

Just take a step and let your mind play.

The heavenliest of sleep and sweetest of dreams

Will only add on to a smile that beams."
Good Night,The Night Story,"The glowing stars and the moon so white,

Make all your worries feel so light.

It may be dark in the night,

But these natural stars make it so bright.

Night has a lesson to teach,

To forget worries and of happiness reach."
Good Night,Beauty Sleep,"Every night is different,

For it blooms into a morning so affluent

With the beauty of dewdrops

And the smell of freshness that does not just stop.

From evening to early morning,

Night is the only time you will ever be resting."
Good Night,Beautiful Night,"The setting sun and the fading light

Gives way to the moon so white.

The night does not last for too long,

And when it lasts,
 dance to the moon's song.

Let the most lovely dreams

Bring a smile on your sleeping face that gleams."
Good Night,Embrace the Night,"Sweet dreams,

Have a wonderful night,
 
The night is so calm,

Oh! What a pleasing sight,
 
As you lie down in your bed,

Think about a better tomorrow,

Where there would be happiness,

And no sorrow,

So good night and sleep tight!"
Good Night,A Dreamy Night,"Wishing you a lovely night,

Wait for tomorrow for day so bright,

See pleasant dreams for another day,
 
As on your bed you lay,
 
Wait for a new dawn,
 a new day,
 
Don't forget to say your pray,
 
Good night and sleep tight!"
Good Night,Snuggle up Tight,"The calmness of the night,

Every thing around is so tranquil and quiet,

Serenity of the mind is all you want today,
 
Keep all your tensions and stress at bay,
 
Surrender to the night,

Good night and sleep tight!"
Good Night,Relax! Night is here,"As you lie on your bed tonight,
 
Thinking about the day,
 
Forget everything,

Because the day has gone,

Wait for another day so bright,

As you sleep tonight,
 
Here is wishing you a pleasant good night!"
Good Night,What a bliss!,"Look the moon is here,

And,its pleasant rays are all over the place,
 
Feel the passion of tonight,

As it gently touches your face,

See some dreams and wait for a better tomorrow,

When everything will be new,
 
Wait for the first morning dew,
 
Until then, have a good night,
 
And yes! Do sleep tight!"
Good Night,Darkness is here,"Darkness will linger as night is here,

Shadows of the day and fear, 

Forget everything and surrender for the day,

As night will make you forget everything,

Surrender to the calmness of night, 

Forget all your stress and fright, 

A new dawn will be good to you,

Where everything will be new, 

Night is here so close your eyes,

Being so wise,

Good night and sleep tight!"
Good Night,Calm night,"Sky has a different charm tonight,

It's so blue and so calm,

The moon has a different glow tonight,

Stars that are on the show,

So deep are the thoughts,

So deep the feelings,

Nights is here, so embrace it in your arms,

Feel the peace within,

Tomorrow will be the day so bright,

So smile and don't you grin,

Wishing you a lovely night, sleep tight!"
Good Night,And the day is,"As this beautiful day turns into the night, 

Focus on what is going to come 

Forget about things that are over 

Forget about the old, 

See dreams that can take you far, 

As high as the sparkling star 

Wishing you a lovely night! 

As I wish you good night!

And, yes do sleep tight!"
Good Night,A time to forget,"Night is the time to forget about your worries 

About all the tensions in your mind 

About things being unkind 

Don't think much and put your mind to rest 

As you will start your new day with a new zest 

And a day filled with happiness along 

Wish you good night! 

Do sleep tight!"
Good Night,The dreams of night,"Sweetest dreams come in the night,

Yeah! The time is perfect and right, 

Just relax and give in to this time, 

Like the sweet sound of the chime, 

The calmness of the night and peaceful pace 

Will make you ready for yet another chase 

Of tomorrow to come, 

Good night and sleep tight!"
Good Night,Bright Night,"No wonder how bright,

The moon is tonight.

With surroundings so quiet,

In stars' dim breezy light.

I see the moon closing its eyes,

Letting its shine to rest,

From brilliant to dull white.

So it is a time for we too,

To say good night and sleep tight."
Good Night,It is the time to forget,"Night is the time to forget all through 

It's the time to give in and brew 

All the thoughts that are in mind 

Just by relax and do unwind 

Think about the joyful tomorrow 

Where there will be happiness in life 

And not a sign of sorrow 

So wish you a blissful night 

Good night!"
Good Night,Blissful Sleep,"A day full of hard work to do,

You wait for the night and slip into your night shoe.

The faintest of music from far away,

And your tiredness escapes astray.

In comes the moon streaming through your window,

And caresses you while you sleep through the night.

Good Night!"
Good Night,With the tint of,"Good night with the tint of the darkness 

Sleep well and close your eyes 

Forget what happened in the day 

And think about a new day 

A new day will get you many surprises, 

Night is the pleasant time to reflect 

So, make the most it it 

Wishing you a lovely night, 

Good night!"
Good Night,I wish that,"I wish that you have the sweetest dream tonight 

I wish that when you open your eyes

You see a day which is filled with happiness and hope 

I wish that you get all the scope 

To prove yourself so right 

So here is wishing you a wonderful Goodnight 

Keep your worries at bay and sleep tight!"
Good Night,Every night is cool,"Every night is beautiful if you sleep good 

Every night is pleasant if you stay at peace 

Night is the time to forget all your stress 

A time when you know about the rest 

A time to give in to your dreams 

And see a happy reflection of a day to come 

So sleep well this night 

As I am wishing you a lovely night 

Good night!"
Good Night,Night Is Time,"Night is time to say goodbye to the past,

It is the time to wish for sleep all night that lasts.

It is time to under the blanket get curled,

It is time to get lost in a dream world. 

Good Night to you."
Good Night,The warmth of the night,"The warmth of the night, 

The sparkle of the moon, 

It's just a beautiful night,

Such a pleasant sight,

As you close your eyes and sleep,

Ponder on the thoughts so deep,

And dream like there is no tomorrow, 

Without any sorrow,

Good night and sleep tight!"
Good Night,Blissful Sweet Dreams,"Blissful sleep sweeps me through,

And a dream as beautiful as it can be within me grew.

Butterflies fluttering and birds singing,

In my heart, happiness and excitement springing.

I wake up suddenly in the wee hours of the night,

Thanks to my ringing alarm that gave my dream a good bite.

But off to sleep I go again, Good Night!"
Good Night,Lovely night,"Lovely night as the moon shines bright,

Lovely scenic view, 

Everything looks perfect in the night, 

Pictorial black and blue, 

Let me wish you a lovely night,

As I want to wish you a good night,

Sleep tight!"
Good Night,Have you slept today,"Knock knock have you slept or you are still awake 

Its the time to hit the bed 

So close your eyes and relax a bit 

And you will have a good night sleep 

Say goodbye to the day which is gone

Say hello to the day to come! 

Wishing you a lovely night 

Do sleep tight!"
Good Night,Cozy sleep for you,"I wish that you have a cozy sleep 

With thoughts in your mind so deep 

Don't think about the day to come 

Don't think about the dawn 

Sleep for the moment and keep aside 

All your worries and frown

Have a peaceful night tonight 

Wish you a loving good night!"
Good Night,So deep in your thoughts,"So deep in the thoughts that you seep 

So deep in the thoughts that take 

Night is the time to reflect 

Of all the things so deep 

So as you close your eyes tonight 

Think about the pleasant day to come 

Don't think about the fright 

As I wish you good night! 

Do sleep tight!"
Good Night,The world is fast asleep,"The world has slept to the glory of night 

Look it is such a pretty sight 

Night gives some kind of peace 

Where you can just be and cease 

Night time lets you think about 
	
The pleasant day that is going to come 

Reflect on things of the past 

Dreams of times which are going to last 

Night is indeed pretty and nice 

It lets you be yourself and wise
 
Give in to the warmth of night 

Give in to this wonderful sight 

Wishing you a good night 

Don't forget to sleep tight!"
Good Night,It is a lovely night with a feel,"It's a lovely night with a good feel 

So forget whatever happened today 

You just have to think about 

The day that is going to come 

Feel that silence in the air 

Graceful heart that wants to care 

Good night and feel so good 

As it's a lovely night today 

The moon that sparkles bright 

You have a reason to feel all right 

The night and its charming way 

Will surely make your day 

For a day that will bring more light 

Wishing you a lovely Good night!"
Good Night,Its that start,"Its start of a lovely night 

And some cozy sleep tonight 

Night brings in a new hope 

Gives you a new charm that you must know 

Night is a time to be at peace 

A time when all your stress will cease 

A night time with silence all around
 
Love of the time that surrounds! 

Its the time for you only you! 

Wish you a good night! 

Do sleep tight!"
Good Night,Night is so dark today,"Night is so real when it's dark 

There is something magical within

Like a real spark

All your emotions and all the reasons 

Get into your head and you think 

About the day which is going to come

Embrace the night and sleep tight 

Wishing you a good night!"
Good Night,When you will close your eyes,"When you will close your eyes 

You will see the dreams of tomorrow 

When there will be just happiness around 

And there will be no sorrow 

So have a peaceful night today 

I just wanted to say 

That sleep in a peaceful way 

In the hopes of tomorrow to come 

Good night and sleep tight!"
Good Night,Beautiful Dreams,"The lovely blooms in the wild,

Gently closing their eyes.

Waiting for the sun to,

Smile again and again rise.

To freshen the world with,

The warm light so bright.

Dreaming of a beautiful tomorrow,

Lets sleep happy and sleep tight.

No wonder nights scare us,

No worry they are dark.

The day will again come,

Full of fun and spark.

So take your warm,

and cozy pillow beside.

Take a deep breath,

And close your eyes.

Get ready to take rest and,

Say a very good night."
Good Night,Another night is here,"Another night is here, 

With the dreams of a bright day, 

So much to do in life, 

So much is there to say 

The night is going to end 

Of all the messages to send 

So that the day begins with a new cheer

A very good night to you my dear!"
Good Night,It is the best time for me,"Night time is the best time when you can reprise

You can feel your real emotions inside 

Capture what is going in your heat 

So that you are able to make the right start 

On the blissful day that will come 

Wishing you a lovely night 

Wishing you good night 

Do sleep tight!"
Good Night,Time To Say Good Night,"Burying all 'day fights'

Far deep beneath,

The earth's crest,

Letting peace to reside,

In the world's chest.

This sweet moonlight,

Dipping the world in,

Happy and cheerful fest,

Of peace, silence and rest.

Telling us all to be quiet,

It is time to sleep and say,

Good Night."
Good Night,Dreamy night,"As I wish you a dreamy night,

Wait for tomorrow a day so bright,

Wait for the dream of a new day, 

On the bed as you lay, 

Forget everything that went away, 

Look forward to have your say, 

Embrace the night with your charm,

Feel relaxed, there is no harm,

Give it up on this silent night, 

Wish you a good night!"
Good Night,The wind is blowing,"So quietly the wind is blowing 

So shiny is the moon 

Look outside the window and see 

There are shining stars to see 

Feel the peace in this night 

As I wish you a loving good night 

Sleep well and dream tonight 

As its a lovely night! 

Good night!"
Good Night,In the very night,"Good night to you my friend, 

With hopes of a new day to come 

Have a pleasant sleep as you lay 

For tomorrow is a new day 

With new aspirations in life 

You will go ahead with your say 

Sleep good as you sleep tonight 

Night is dark and bright!"
Good Night,A Shiny Good Night,"Feel your heart,

As you shut your eyes,

Sleep more tight,

As I say good night,

All the stars which are so bright,

Forget all the worries and fright,

Stay calm,because its night,

A very sweet good night!"
Good Night,The brightness of night,"The radiance of the illuminating stars,

The brightness of the moon

There is a essence of peace in the air 

You can feel it everywhere, 

Just feel the calmness of the night 

When everything looks so peaceful and bright 

Sleep well is my wish for you 

For tomorrow will be a day so new 

Good night to you!"
Good Night,The shining of the radiant moon,"The shining of the radiant moon 

The pretty and dark blue sky 

Just stand at the window and see 

You will feel the air so high 

Say thanks for the day that is gone

As you welcome a new dawn 

So have a peaceful night tonight 

As I wish you a lovely night 

Good night!"
Good Night,All your worries are there,"Leave all your worries besides as the day is over 

Think what is going to come ahead 

Are you prepared to grace a new day 

And have the will to make your way 

The day has ended so you sleep tight 

A silent and tranquil night is here 

So sleep in peace without any fear 

Wish you a lovely night 

Wish you good night!"
Good Night,Waiting for that start,"Twinkling of the stars, 

Moon shining bright, 

Peace in the heart,

Waiting for a new start, 

Night and the darkness,

Thought are not far apart, 

Thousand stories untold, 

As the events will unfold, 

For tomorrow will be a new day, 

Where there will be a new way, 

Good night, 

Wish you peace tonight!"
Good Night,The stars are shining,"The stars are shining in the sky, 

The moon so pretty and white, 

As I wanna tell you good night,

Let me also wish you sleep tight, 

Surrender to the night this day, 

For tomorrow is a day so bright, 

Good night!"
Good Night,All through your mind,"The imagination runs through mind 

You are sensible and so kind 

In the night when you are alone 

You think about the days to come 

In the night when you are alone 

You have many thoughts in your mind 

A reason enough will let you find 

Things that make you special 

Things that will change in for you 

Night is indeed a lovely time 

To make it special and through 

It's indeed a lovely night 

So embrace it through 

It's a special night for you 

Good night to you!"
Good Night,Look the stars are shining,"Look the stars are shining so bright 

Look around and see that light 

The radiance and that spark 

Will make a difference in your life 

Look the moon is glowing for you 

So that you have a mile on your face 

Night is indeed so special 

It has that very calm grace 

Surrender to this wonderful night 

When you will feel so lovely and bright 

Give in to this night 

And you will feel so right 

Good night to you oh dear 

Sleep good without any fear 

On this wonderful night!"
Good Night,I hope that your dreams come true,"I hope your sweet dream come true
 
I hope that you find a reason so new 

May you never regret the day 

May you find the most amazing way
 
But now give in to this lovely night 

It's dark everywhere in sight 

Wait for a new sunrise coming through 

Where you would feel so awesome and new 

Night will make a way for the sun so bright 

Make you feel all cheerful and right 

Surrender to the night today 

Wait for another lovely day 

Wishing you a lovely night 

Good night to you!"
Good Night,Thank the lord,"Thank the lord, 

For this lovely night,

The day was filled with stress and chores, 

Now enjoy this tranquility to the core, 

Thank the lord for this wonderful night, 

Where you can lie in peace, 

Good night my dear, 

May the new day bring in lots of cheer!"
Good Night,The moon is shining,"The moon shining in its glory,

The night is dark and calm, 

Peace lies within the mind, 

It is the perfect time to unwind, 

So, sleep well is my only wish for you,

For tomorrow will be a day so new,

For today, good night,

And, yes sleep tight!"
Good Night,Another night is here,"As relaxed on your bed you lay, 

In silence and not much to say, 

Waiting for another dawn,

As you twist and yawn,

Yes, the day will be good tomorrow,

There will be only happiness and no sorrow,

So sleep on a positive thought, 

As you embrace this night, 

Good night and sleep tight!"
Good Night,Dream World,"Night is the time to say goodbye to the past,

It is the time to wish for sleep, all night that lasts.

It is the time to forget all your worries and troubles,

It is the time to allow your dreams to bubble. 

So lay your head on your pillow tonight,

And don't you forget to hug your blanket really tight. 

I wish you a very very good night!"
Good Night,Good night my friend,"Good night my friend,

The night is here to stay, 

Sleep in peace as you will,

Wait for another bright day,

Forget everything that is on your mind,

Because night is the time to unwind,

Goodnight my friend and so sleep tight,

Close your eyes and sleep with might,

Good night my friend!"
Good Night,It's time for the night,"It's the time to go to bed, 

It's the time to relax and unwind,

Just think about your life and day,

If it has been so kind,

So, thank the lord for the day, 

And sleep well tonight, 

As I am wishing you a lovely night,

Good night!"
Good Night,Let the darkness behold you,"Let the darkness of the night settle through 

Let the radiance of the moon get to you 

Feel the silence in the air 

A feeling so quiet everywhere 

A time when you can just be with yourself 

A time when you can just dwell

Sleep good is my only wish for you 

A very good night to you!"
Good Night,Close your eyes and do not,"Close your eyes and don't you think 

What is gone is gone in life 

You have a reason to strive 

And all the things that you sacrifice 

You have many ways to state in life 

You have many lessons to learn 

So sleep good on this lovely night 

I wish that tomorrow your day be 

More wonderful as you are 

And like the sun so bright 

Forget everything that happened today 

Its indeed a wonderful night 

Wishing you Good night 

Do sleep tight!"
Good Night,Choose your dreams wisely,"Chose your dreams tonight 

Your time is perfect and right
 
Choose the way you want to be 

Choose the wishes that you want to fulfill
 
Night is the time to reflect everything 

Night is the time when you would think 

It's just another time of the day 

When you will be with yourself 

Thinking about many things in life 

Getting ready for another strive 

Night is the time to just be 

The peace that you want to feel 

Just let the moment be 

Good night to you!"
Good Night,Time to relax,"There is a sense of contentment, 

When the night finally comes,

All the worries and tensions go away, 

Making way for another new day, 

Night is the time to feel relaxed,

Sleep well this night is my only wish for you,

To all the stress bid adieu,

Good night and sleep tight, 

Feel calm; there will not be any fright!"
Good Night,Sleep Well Tonight,"Night is come by, so set your bed and go to sleep,

What lies ahead of you, are lovely dreams.

May all your problems and worries melt away,

For tomorrow is going to be a brand new day!

Good night!"
Good Night,A Very Good Night,"Still moon rays,

soothing everyone in this world,

Letting worries to rest than swirl.

Giving the sea its tides so high,

Allowing the birds to gather their strength,

To fly high and touch the sky.

Forever have been these nights,

Given respite to all sights.

Let yourself rest now,

And say a very good night."
Good Night,As the passage of time will go,"As the passage of time will 

Take you to another world of 

Night and make you embrace 

The other side of life 

In the day you will know 

About all the things that 

You want to do in your life 

The passage of night will let you do 

Everything that makes you through 

So feel so good and you close 

Your eyes and see dreams of tomorrow

To come in your life, 

It's indeed a beautiful night 

Wishing you Good night!"
Good Night,The moon has a radiance of own,"The moon has a language of its own 

When it shines to the realm of night 

The sparkling stars take you to another 

World full of bright and light 	

Feel something as you close your eyes 

All the things you want to do 

Feel pleasant, as this day has left 

Some lessons for you to learn 

Think ahead as tomorrow is another day
 
And it will surely be your turn 

Don't forget to reflect deep on the day
 
And think what it gave you today 

You will feel so good each day 

Good night for today!"
Good Night,Where you are at peace,"Enter the zone where you can be at peace, 

All your tensions and worries will cease 

You can think and reflect for the day, 

You can just be calm and have your say 

It's the time to dream big and think ahead, 

You can unwind and be prepared, 

Close your eyes and sleep well,

All your worries will naturally dwell!

Good night to you!"
Good Night,Night brings in an aura so cool,"Night brings an aura you can't imagine
 
It's the peaceful vibe in the air 

You can be so tranquil with the world 

You can just dream about and be there 

Night gives you a vision 

So that you achieve many things to come
 
You can make plans for future 

Do the things that you like 

Night is the time to decide 

All the things you want to do in life
 
Take this moment and think 

Sleep peacefully and wait for a new dawn
 
Night is a moment to capture it all 

Good night to you!"
Good Night,The night that is dark,"The night gives in and the day at its end 

There is a feeling of silence within 

There is a great feeling of being alone

And thinking about your day 

Thank god for the lovely night 

That makes way for a pleasant day 

Stay at peace and rest quietly in the night 

Wishing you a peaceful goodnight! 

Do sleep tight!"
Easter,It is a day to be happy along,"It is a day when the Lord had 

Risen from the dead and dark 

Today is the cheer and a day 

To light up that spark

With colorful eggs in the basket 

And a silent prayer in your heart 

Make peace and happiness 

The most important part about 

Easter with a smile,

You will have a reason to be 

Happy all the way and while 

Have a blessed Easter!"
Easter,All dressed up in time,"Get all dressed up for the prayer 

It's the Easter time and rear 

With those cute eggs in the basket 

And all those goodies which are there 

It's the super Easter time 

It's the time to spread the smile

All the day and while

It's the Easter day!"
Easter,Sing Out Praises,"It is a great day to be happy,

It is a great day to be glad,

It is a great day to sing out praises,

To our dearest, Almighty Dad!



For the blessings that we have received,

And many more that are to come, 

We will forever be thankful to God,

And promise to keep our hearts pure as a dove.

Happy Easter to you and your family."
Easter,Sweet jelly and Easter eggs,"Sweet jellybeans and Easter eggs 

The spring season that blooms so fresh 

It starts with a smile on your face 

With faith in the Lord and that grace 

Easter is a time to begin so new 

Easter is the time to spread love 

Feel special every way, 

As you will spend this loving day 

In the company of your friends 

And your family,

Have an amazing Easter time 

With happiness all the way 

Wishing you Happy Easter!"
Easter,Hot cross buns this day,"Hot cross buns and chocolates galore 

Hunting game is so much fun and more 

When loved ones are besides to cheer 

You feel so special oh my dear 

But don't forget to bow in front of the Lord 

For he has given you the reason to cheer 

May happiness and good luck find a way 

On this happy and goody Easter day 

Color your eggs for the day..

Coz it's the super Easter day!"
Easter,Jesus Teaches Us About Hope,"Now he's finally come back into my life again,

On Easter Sunday, I realized my sorrow was in vain.

For in Jesus, hope should never die,

For my dearest best friend Jesus, never lies. 

Happy Easter to all of you."
Easter,On Easter Day,"Easter at home reminds me of all the fun,

Of games and my mom's very special hot cross bun.

Decorating eggs and hiding them

Seeking and finding like a lost gem.

Yet we don't forget the importance of this day

When the lord came back after being taken away."
Easter,Reckoning Easter,"It's no longer cold or the time to snow,

At those places, Easter flowers have begun to show.

Lovely blooms adorning the hills,

Not too far away from the dancing daffodils.

Spring in here and also lets us know,

The ever so important Easter Day will very soon show..."
Easter,One bunny and two bunnies,"One bunny on the window 

One at my door 

It's the super Easter time

A time to eat some more 

Spread the cheer of the Lord 

It's the day of winning over 

Easter is a pleasant time 

Glad I can call you mine! 

On this day!"
Easter,The Significance of Easter,"Little do the children understand the day,

But make sure they enjoy in every way.

The Lord bestows his mercy upon us,

And gives man chances to confess.

So people, remember on Easter day,

That God fought for you in every way!"
Easter,Easter is so special,"Easter is so special this way 

When there is a special treat 

All along the way, 

Look there are surprises galore 

There is love in the air and much more 

There is something so good 

About the love that spreads along 

With the company of your loved ones 

Easter is a special time to thank 

Almighty for everything 

That he gave in life, 

Easter is a special time to pray 

For your blessed life!

Wishing you a Happy Easter!"
Easter,Where is your Easter Bunny?,"Easter bunny at your home,

The most pleasant egg, 

Time to spread some magic in the air 

Of all the things that are there 

Thank the Lord for this day 

It's the magical Easter day 

Spread the Easter cheer today!"
Easter,It stands for hope,"Easter stands for hope in your life 

Easter stands for love in your heart 

Easter is such a graceful part 

Easter stands for peace and will 

Easter stands for celebration in life 

This Easter as you pray to Almighty 

Also ask for happiness in your life 

With the bright colors of the eggs 

With that vibrant spirit 

Easter is such a good time,

Wishing you a Happy Easter!"
Easter,Holy time is Easter time,"A time to welcome the spring 

With Easter eggs everywhere 

You know that the Lord's mercy 

Is always there 

So celebrate the day of goodness 

With all your might 

There are cute eggs 

Everywhere in sight 

It's the Easter time!"
Easter,City Of Sins,"Once upon a time there was a city of sins,

where mean and brash people had their inns.

Murders, robbery and theft was what they did,

In their evil world was where they finally hid. 

One fine day, God decided to pay them a visit,

He finally took the form of a child and did it. 

The moment they saw God's face, they were ashamed,

On each other they decided to put the blame.

For each of them was afraid to go to hell,

They were so scared as the church began ringing bells. 

Guilt and shame, the murderers were afraid to show,

So they finally decided to kill God to get rid of this blow. 

They caught hold of him and poked nails in his hands,

They put a crown on his head and threw him on the land.

All that was not enough, so they hung him on a cross,

After he died, they realized that it was they own loss. 

They had killed the God who had loved them so,

Much more than the sinners could ever know. 

God didn't mind if his suffering and death was arranged,

For the pain would be worth it, if his children changed. 

After his death the people realized their mistake,

They wept and cried as their minds finally were awake. 

They begged God for forgiveness with every honest tear they shed. 

God listened to their prayers, Easter came by and God rose from the dead.

May this Easter bring about a change in your life."
Easter,The Gift of Hope,"Easter is the gift of hope,

Glimpses of faith for us to cope.

With life and its myriad struggles

Gets beautiful as long as you gracefully juggle.

All sins and wrongs your heart forgave

And so good Lord, you are the hope we save."
Easter,The Message of Easter,"Easter shows us God's eternal pain

To make us happy and not lead our lives in pain.

It reminds us of the cross

And the miraculous resurrection.

Easter shows that He is worthy of praise and worship

And that man should engage in the best of humanity and friendship."
Easter,The rebirth of the Lord,"Easter is the time when you celebrate with your family 

The rebirth of the Lord 

With happiness galore 

Eggs, bunnies and much more 

So wear that pleasant smile

For it's the Easter while 

Have a good day!"
Easter,It's that time of the year,"The little bunny on the cupcake,

Of all the eggs you bake 

Easter is the time to cheer 

With all your near and dear 

A time to remember the Almighty 

For his goodness being pure 

It's the Easter time!"
Easter,On Easter Day,"Angels sing from above,

As the Lord showers down on us his pure love.

The warm sun and happy sights,

Extends joyously through the nights.

Easter eggs and a whole lot of games,

Are one for the pictures and its many frames."
Easter,The Easter bunny,"The Easter bunny and cheer in the air 

Look the colorful eggs are everywhere 

It's the start of the spring season so new 

Just as pure as the sight of dew 

So have fun with happiness your way 

As it's the loving Easter day 

Celebrate with the company of your loved ones around 

And dedicate the day to Easter fun that surrounds 

Wishing you a Happy Easter this day!"
Easter,There are many smiles,"The many smiles on your face 

Like the pretty and wishful spring grace 

The bunnies and the chocolate cookies 

With colorful eggs in the basket to be 

Easter is so much fun with family 

Take some time out this day 

And also pray to the Almighty 

To thank him for everything for the day 

Wishing you a happy Easter day 

Easter is on the way!"
Easter,This is just the start,"This is just the beginning of the wonderful spring time 

All the colorful eggs and bunnies around 

It's the time to thank the Lord for all his compassion 

A time when you can just be surrounded 

By your family and friends alike 

It's the super Easter time my dear 

A time when you can celebrate and spread the cheer 

Wishing you a super Easter day

Coz Easter is here!"
Easter,A Time to celebrate this time,"That time of the Year 

When children will find the hidden egg 

Under the table and behind the fence 

A time to celebrate the love of humanity 

A time to remember the Christ 

A good time is Easter day 

So have an amazing day today!"
Easter,Jesus Is Back,"My dearest best friend Jesus had died and gone,

I wept and wept all night, to sorrow, my heart was drawn.

But deep down in my heart I already knew,

That he would be back again and make me feel alive and new.

Happy Easter to you."
Mothers Day,I love you for many things,"I appreciate small things that you do 
 
I know that I am the chosen few 

Because I have you in my life 

Because I have a loving Angel like you 
 
You are the solace in the chaos 

You are the spark in the dark 

You are my world and my inspiration 

Till the time is there in clock 
	
Your love resonates in my life 

Your smile gives me a will to strive 
 
Thanks for everything mom 

Because of you I stand so strong 
 
Happy Mother's day to you!"
Mothers Day,A loving smile in life,"A loving smile and tender heart 

You know about each part 

You are the sunshine of my life 

When you motivate me in strive 

You understand me so well 

You are there when I always dwell 

You are as amazing as your name 

Your love always remains the same 

My loving Mom!

Happy Mother's day to you!"
Mothers Day,A mother is a blessing,"A mother is a blessing in this life 

Forever to help in strive, 

She stays only for others sake

So many reasons that just makes 

A mother will remain true 

In everything she does for you 

Salute to a great mother 

Whose always been there for me 

Mom you are and will remain 

Forever and ever to see, 

You are the best mother 

Ever and I simply love you to thee 

Happy Mother's day to you!"
Mothers Day,Her Love For You,"All your loved ones in your life have their own place,

But the love your mother has for you cannot be raced.

She will love you even if she whole world falls apart. 

She will love you because you are so precious to her heart."
Mothers Day,The word is 'Thanks',"Mom is the most sacred word in the world,

Because she sacrifices her existence to raise her child,

Mom, I want to thank you for everything you did for me,

I know one thanks won't be enough,

Coz nothing can compare your love to see,

But, still, you have made my life wonderful,

With you, life is a little more beautiful,

Thanks mom,

Happy Mother's Day!"
Mothers Day,Life starts with you,"Tender smile on the face,

Hiding the tears for me,

She would be in pain, 

But makes sure I don't see, 

Her life would be in a mess,

But, she doesn't let me suppress,

She will give me her bite to eat,

Even if she is not feeling good,

She will greet,

She is the best in the world,

Her name is 'mom'

Happy Mother's Day mom!"
Mothers Day,You wipe my tears,"You wiped my tears in vain 

You supported me along in pain 

You made me smile in the darkest hour 

Your love always shines like the star 

You are there when all leave 

You are there to hold my hand 

Mom I know you are so great 

You always do understand 

So I want to thank you today 

For it's a special day 

Happy mother's day!"
Mothers Day,Beyond Awesomeoness,"Through the childhood, teenage and adulthood

she held your heart from getting hurt.

She is simply beyond awesomeness.

Your guardian angel with a heart made of pure gold.

A very happy mother's day to all moms out there,

Especially mine, for being with me always.

You are the best."
Mothers Day,A Little Advice,"Children, love your mothers and hug them tight,

Show them your are grateful and hold them upright.

Make them feel special, even if it's in your own little way,

And your mother will shower you with love every single day."
Mothers Day,Nothing can replace your love,"Nothing can ever replace your love 

You take away my every fear 

You wipe away my every tear 

You make me smile in the grim 

You shine bright in the dim 

Your love is as kind as a blessing 

Your love gives me peace within 

You take away my plight all through 

I simply want to thank you 

For always being there for me 

For that concern and care 

I know you will be there 

I love you so much Mom 

Happy Mother's day to you!"
Mothers Day,You Are A Gift,"You are the most beautiful miracle of God,

You are a gift from heavenly abode,

I not only care for you but I love you dear,

For at the end of the day, you are my mother. 

Happy Mother's day, dear Mom."
Mothers Day,"Mom, You're An Angel","Your love dear mommy, goes beyond everything else,

You shape up my life and make up for the mess.

You make my life complete with your loving touch,

I could never forget you 'coz I love you so much. 

Mom, you are no less than an angel to me,

I have placed your picture within my heart beneath."
Mothers Day,For 9 Months You Held Me Safe,"For 9 months you held me safe in your womb,

You nurtured me till I learnt how to eat in a spoon. 

You held my tiny hand and taught me how to walk,

One word after another, you taught me how to talk. 

All that I am, I owe to you dearest Mother,

You are so special to me, like no other. 

A very Happy Mother's day to you!"
Mothers Day,To my lovely mom,"To the most beautiful soul on earth,

You are the reason why I smile,

You are the reason why I am happy all the while, 

You are the reason why I give my best,

You are the inspiration for every test, 

You are my world, you mean a lot, 

You are in my prayer and thought, 

You are the most beautiful soul,

In my life, you have the most important role,

I love you mom,

Happy Mother's Day!"
Mothers Day,You,"For you, your world always started and end with me.

I thought I would live without you.

But now that I am miles away from my angel,

it's a lot difficult to even survive without you.

You are the fire inside me, my motivating factor.

Happy Mother's day, mommy dearest."
Mothers Day,She Loves You,"There will never come a time when your mother will leave your side. 

She will hold your hand and walk with you even across the Nile. 

The love that she has for you is so very unconditional and rare,

She will fight against the world for you with bravery and snare."
Mothers Day,"Beauty Personified, Love in Abundance,","Beauty personified, love in abundance,

You gave us everything, by your mere presence. 

Fragile is your heart, yet you are strong,

Courageously you defend your children even when they are wrong. 

You taught us how to take the right decisions,

And how to believe in ourselves and our ambitions. 

We wish to thank you with all of hearts today,

Dearest Mother, may you have a brilliant day!

Happy Mother's day!"
Mothers Day,From the moment,"From the moment you held my hand 

To the moment I grew so big 

Not a single day I remember 

When you were not there beside me 

You always made sure that 

I have that loving smile 

Your love is a reason why I 

Stay happy all the while 

You gave your all to see 

Me the way I wish to be 

A salute to you mom 

For being so amazing, as can be 

I love you a lot 

Happy mother's day to you!"
Mothers Day,My Mother,"She has been by my side all through thick and thin, 

She has washed away my painful wounds and my heart within. 

She has showered me with so much love and care,

She taught me how to dress up, even combed my hair. 

She loved me unconditionally and even when I hurt her,

She hugged me tight when I was low and made me feel secure.

I will never be able to thank her for all that she has done for me,

The love for my mother goes deeper than even the deepest sea."
Mothers Day,All that love in your eyes for me,"All that you have done for me 

And all that you do my dear mom 

Can't repay my love for you I know 

Can't do that very well along 

I can just tell you what you mean to me
 
Just tell you mean so much to me 

It's you that in life I wish to see 

Spreading your magic in my life 

Mom you are my world and my life 

Can't imagine my life without you 

I so love you 

Happy Mother's day to you 
 
Feel so blessed to have you!"
Mothers Day,You are my Angel,"You have guided me all the way in life,

You comfort me when I am sad,

You care for me, when I am feeling blue, 

You make sure I get everything new, 

Mom you are the true angel of my life, 

You are the reason for my strive, 

You give me strength in everything I do,

Mom I love you so much, 

You had a clue?

On this special day of yours,

Wishing a very Happy Mother's Day to you!"
Mothers Day,For all the good things you do,"For all the things that you do in life 

For all the things that you say 

For all the lessons that you make me learn 
 
For everything this way 

The compassion is always there in your heart 
 
You always want to be a special part 

You always want to see me smile 

You want to change my world a while 

A big thank you for being that you are 

My life is truly incomplete without you 

Mom you are my brightest star 

Wishing you a very happy Mother's day!"
Mothers Day,You are a gem,"You are the gem that shines so bright, 

You taught me the difference of wrong and right,

Words won't be enough to express gratitude to you,

I think I am amongst the God's chosen few,

Coz I have such an amazing mom like you, 

Mom you are special and I love you, 

A very Happy Mother's Day to you!"
Mothers Day,Sweet And Compassionate Mother,"Sweet and compassionate, loving and tender,

You are everything to me dearest Mother. 

A beautiful lady with and even more beautiful heart,

Without you my whole world will fall apart. 

Happy Mother's day to you!"
Mothers Day,When you hold me,"Small little things make me upset, 

You hold my hand and make me realize, 

That be strong and you will suffice, 

Mom you have always been there for me, 

Without you, there would be nothing to see,
 
Because you are my meaning of life,

Without you, I won't survive, 

Mom I want to confess today,

That I love you a lot,

Wish you a very Happy Mother's Day!"
Mothers Day,No one can come close,"No one can come close to a mother's love 

The second it is to the Almighty 

A mother's love is so pure 

It has a magical allure 

Thank you mom for all that you gave 
 
Thank you for your love so brave 

One life is not enough to thank you 

One life is not enough to repay your love 

You are the source of my smile 

You make my world so bright
 
Mom know that you are the best
 
In everything you do in life 

Wishing you a happy Mother's day!"
Mothers Day,I am Thankful,"So thankful I am that I am in your life,

So much you gave and willingly strived,

Mom, there are thousand things you do for me,

And you don't complain,

There are times, when you hide your pain,

Just to entertain,

Mom, I am so blessed that you are with me, 

There is nothing beyond you I can see,

Because I truly love you,

A very Happy Mother's Day to you!"
Mothers Day,Mother,"M is for the magic you spin everywhere you go

O is for outstandingly looking after everyone

T is for the treasure of knowledge you've always been

H is for the heart of yours made of gold

E is for the enigma of your being

R is for the respect I have for you

Happy mother's day, mommy.

I love you!"
Mothers Day,Some silent care from your side,"Some silent cares and silent blessings 

Something that you can relate 

Some prayers for you day and night
 
Some sacrifices to make your world bright 
 
Some tears down for that smile 

Some reasons behind that while 

Your love is worth each moment of life 

And I am glad that I can call you mine

You are the best mom in life 

You are the best amidst all the strive 
 
In the darkness, you are the light 

Wishing you a happy Mother's day!"
Mothers Day,A Mother Is A Gift,"There cannot be a better gift than a mother to a child,

Her heart is so clean, beautiful and strong, yet so very mild. 

The love that a mother has is so unique and so very rare, 

No matter how much time passes it will just never wear."
Mothers Day,You are my grace in life,"You have so much of grace in life 
 
In spite of all your struggle and strive 
 
Your love always remains the same 

Your love has a reason for your name 

Mom you are special in every way 

Sometimes I may not...but sometimes I may say 
 
You make my world complete mom 

You are a reason for all the happiness 
 
A reason enough to take my pain 

Thanks for your wonderful love 

I love you so much mom 

Happy Mother's day to you!"
Mothers Day,You are the shade in my life,"You are the shade in hot summer heat 

You are the solace in the fleet 

You are the kindness that reflect in eyes 
 
You are the lesson of being so wise 

You are that glow in the dark 

You have that radiance of the spark 
 
You make the world complete in life 

You are an ideal for every strive 

There can't be completion without your role 

You are my life and inspiration for my goal 

Mom I love you so much 

So caring as your touch 

Wishing you a happy Mother's day!"
Mothers Day,You gave your part to me,"You gave your part to me 

You sacrificed a lot 

Wherever you go in life

You always keep me in your thought 

You make me smile in pain

Wipe my tears so in vain 

You support me when I don't ask 

You are there when things remain 

Mom, know that you are the best 

I owe you my life my happiness 

I owe you this wonderful life 

Thanks a lot mom 

Happy mother's day to you!"
Mothers Day,Ding Dong,"Ding dong ding, dear Mommy's smiling.

And when she does, she looks so pretty,

Prettier than even Hello Kitty.

Happy Mother's day."
Mothers Day,There is no one as caring,"There is no one as caring as you are 
 
There is no one as calm as you are 

You make things work for me 

You make me smile in the blue 

How can someone be so giving in life 

Like the love that you give me through 

On this special day my mom 

I want to spread the word to you 

That you mean so much in my life 

And I simply love you 

Happy Mother's day to you 
	
Be as loving all through!"
Mothers Day,The word 'mom',"A special word it is, the hidden meaning it has, 

The word is mom, 

The meaning of mom is true,

There is no feeling of blue, 

Mom makes you feel like you are the best, 

She makes you forget the rest, 

She holds your hand, when you are about to fall,

She makes sure that you stand tall, 

The word of mom means true,

She is and will be there for you,

Happy Mother's Day!"
Mothers Day,Twinkle Twinkle Stars,"Twinkle twinkle little stars,

Here they're right shining in your eyes

You, my Mamma, are so beautiful and dear

Cooler than winter and warmer than summer.

Happy Mother's day, dear Mamma."
Mothers Day,You Are My Upper Hand,"You taught me the right from the wrong.

You sat up with me through the nights so long,

On the days when I was sick and bad.

Today, I just want to tell you

Mother, it is only you who understands.

I love you so much.

Happy Mother's day to you."
Mothers Day,So amazing as you are,"It's so amazing to call you out 

A piece of my heart you are 

You always shine in my horizon 

Like a diamond and star 

Mom you are and will remain 

Special in my life, 

Your love can't be replaced 

Nothing at all in wise

I will forever love you 

You will remain awesome too 

You are the best mom in 

This world, 

And I so love you 

Happy mother's day to you!"
Mother,From my heart,"Mom, I am writing this from my heart,

As you play a special part,

You guide me through,

When I need you,

You are a friend,

When I need a confidant,

You are a teacher,

When my exams are near,

You are inspiration,

When I need to achieve, 

Thank you for every role you play,

I love you so much is all I want to say!"
Mother,What is more true than you,"What is more true than your love in life 

What is more true than you can ever say 

What is more true than the love in your eyes
 
What is more true than your wisdom and wise 

What is more true than your love I can see 

With your presence only I get all the glee

What is so true..it's just your name 

Mom you never change..You are still the same,

So loving and so caring each way 

You make my life easy each day 

I love you so much mom!"
Mother,The way you care,"My mom will always care,

If I wish to say something and share,

My mother prays for me,

When the situation gets tough,

She supports me in the rough,

I am so blessed because she is my only sunshine,

So let me raise a toast with her favorite wine,

And declare that she is the best,

Mom, I love you so much,

Your magical love is such!"
Mother,Mom,"She is to me my own,

In her love and care I have grown.

Mom is such a beautiful word

That spreads love and warmth every time it's heard.

She loves me like no other,

I am thankful I get to call her mother."
Mother,My treasured Mother,"The epitome of sacrifice, 

Kindness of heart, 

You taught me the value of the right start, 

The many compromises which you made for me, 

No one could see, but I had to see, 

A perfect role which you played in my life, 

Helped me with my struggle and strive, 

Mom you are only second to god, 

Having you in my life, I can't thank enough to lord, 

Love you mom!"
Mother,Your love has a role in life,"Your love has no date or do 

You know I love you to the core 

Mom you are the angel in my life 

You are my support in all the strive 

One single day when you are not around 

I so miss your love that surrounds 

Mom you are the one I want to thank 

You are the one I can bank 

Upon in my life 

Thank you so much for your love 

A love which I can't repay back in life 

Mom amidst all the things you do 

Your love has always shined so bright,

You are the heart that beats in me
 
Thank you so much mom!"
Mother,Mom I love you,"You left your work to raise me well,

All the past things that dwell,

Wiped my nose and tears in vain,

You did everything, though nothing to gain,

Got me some most wonderful toys,

Gave me some tips on boys,

Mom, over the years,

we bonded so well,

I want to confess in a nutshell,

That you are the best mom, I could ever ask,

You made my life a simple task!"
Mother,A mom like you can never be,"My mother you are the care I need 

You are my peace in my heart

You guide me through a perfect start 

You cry with me my tears of vain 

You understand my every pain 

No one can be like you in life 

No one can ever have that pretty smile
 
I am blessed to have you in my life 

I am blessed to be besides you 

I owe you many things in life 

But the most special is your love 

Which I can't repay you back 

which i simply can't give back 

Because it is till infinity!"
Mother,Your reflection is enough for me,"Your reflection is enough for me to know 

Your love is silent when you show 

The many things that you do for me 

Gives me all the worldly glee 

I think I can never be like you 

You are so giving in the blue 

Mom I just want to tell you 

That your love matters the most for me

Stay as you are..You are wonderful 

You make my life truly beautiful 

Mom you are the best 

So filled with love and zest!"
Mother,Lost,"You are like a red velvet cupcake, mum,

ever so sweet.

Like a pebble in the ocean, strong and experienced.

Like a butterfly, full of colors.

Like an angel, pure and pristine.

Oh how more shall I describe you, mother

because every time I see you, I am lost in your beauty."
Mother,A salute to you for,"A salute to you for all your love 

The patience that you have in life 

For helping me in my every strive 

For being there when I need you 

For giving me, solace in the blue 

For taking my pain away with smile, 

For being there in every while 

You gave your life for me 

I can just hug you with glee

And tell you thank you for everything 

Mom I love you so much 

More than you can ever see 

I love you mom!"
Mother,When an unknown fear grips me,"When an unknown fear grips me 

I hold your hand to let go of fear
 
I feel so calm and I feel at peace 

Whenever you are near 

Mom you understand me so well 

You understand all my emotions in life
 
You don't care about your life 

Even while you struggle and strive 

You always protect me with your shade 

Of love and longing in life 

Just want to thank you for all the love 

Thanks for being so kind 

I love you mom!"
Mother,Be Entertaining Mom,"She is so innocent like Tom ,

And yet so cute like Jerry.

She makes me laugh like Flintstones

Yet she's understanding like Wilma. 

She is beautiful like Morticia Adams,

And loving like Gomes,

She is caring like Granny,

Yet witty like Tweety.

She's not just my Mother,

But my best friend."
Mother,A world full of love and you,"A mother fills your world with smile
 
A mother fills your world with happiness

A mother understands your plight 

Consoles you when you are in a mood to fight 

A mother is there in every need 

It's like the precious seed 

This grows out to be a tree 

Giving us shade and fruits alike
 
Mother there is no one like you 

Your love is just awesome and true 

Mom I love you so much 

There is purity in your touch!"
Mother,I won't Fail to See You Mom,"There is only one soul that walks with you,

Even when you fail to see the truth.

She does only what is best for you,

Even when you fail to realize the truth.

We often don't see the greatness of this soul,

That has lived, compromised and sacrificed for you as her only goal"
Mother,The purity of your soul,"That purity of your soul I can see 

That patience to approach everything 

No way life can be complete without you 

No way there can be perfection to being 

Life can change and people also change 

But no one will ever be like you 

You are so pure in your way of giving
 
As pure as things can be 

Mom no one can ever replace your love 

No one can ever be like you 

You are a source of smile for me
 
You are an angel in my life 

Thanks for being the way you are
 
Thanks for all the care!"
Mother,Mom is the word so pure,"Mom is a word that is so pure 

It has a magical grace and allure 

Mom you are the light that I can see 

With you, there is so much glee 

Can't really get through without you
 
With you, it feels so amazing and new 

Mom know that you are my friend 

Your love is true...There is no pretend
 
Stay this way forever with me 

With you, I have life I can see 

Much happiness and much delight 

You make my world so very bright!"
Mother,My Beloved Mom,"The word 'mom' is such, 

That she gives you so much, 

Without you telling her a word, 

She understands how and what you feel, 

With her around, you can feel the zeal, 

'Mom' is the other word for dedication in life, 

Without her, it is most difficult to survive! 

I love you mom!"
Mother,To My Mother,"There are a hundred emotions that engulf me,

Whenever, of my mom, I think and feel.

I thank God for this best gift,

Her smile makes my sadness lift.

I love you from the deepest portion of my heart,

Affection and warmth loaded in infinite carts."
Mother,Mother's Love,"Love and care, 

Stays in her heart, 

Beautifully sealed, 

With a ribbon of trust, 

Soft and tender, 

It's warm and calm, 

Peacefully resting, 

In her treasured mind."
Mother,Beautiful person,"As long as I can remember

you are the most beautiful person have I seen ever

Singing and Cuddling me to sleep

You would stay awake until I was asleep.

The memories we've made are so fun

something I shall remember forever.

To the most beautiful person ever!"
Mother,The every tear,"The every tear that you shed for me,

The pain that you bear for me,

And the smile which you give me,

To make me feel alright, 

I can't thank you enough for everything that you have done,

But, I want to express my feelings to you,

Mom, it is this simple and true,

Words just few,

I truly love you,

You are the best mom I could ask!"
Mother,My Mommy Dearest,"Happy in my happiness,

And sad in my sorrow,

You told me,

Don't worry you will have a better tomorrow, 

You taught me the difference between good and dire, 

You supported me to get what I truly desired, 

Mom thanks for being a true angel in my life, 

I don't know without you how I will survive!"
Mother,It's your guidance that I seek,"It is your guidance that takes me a long way 

It's your support that I can make my day 

All the preaching and lessons of life 

Smiling through all my strive 

Giving me that patience when the going is tough 

Standing with me when situation is rough 

Mom know that you are the best in everything 

Know that things will be fine with you 

It's your reason I can tell you 

You make my world so perfect 

You are and will remain special forever!"
Mother,Things may go wrong in life,"Things may go wrong in life 

But you stand so firm to protect me 

When I don't see a way out in life 

You find a reason to let me be 

You are there when I call you out 

Though I know that why you shout 

You want me to do better each day 

So that I find my own way 

A hundred ways to thank you mom 

A hundred ways to make me smile 

I know you are special for me 

You will remain this way all the while 

Thank you so much mom!"
Mother,Seasons,"You've been my summer when I felt cold

My shade when it was monsoon

The cool air when I would sweat

Spring when I wanted to play. 

And autumn when I wanted to think.

How could I forget, you were as perfect

as seasons of the year, natural and heavenly."
Mother,Mother-mother,"I would play 'mother-mother' when I was small

holding my doll the way you would hold me.

Now that I myself am a mother

I understand the real joy of being a mother. 

I hope to be a mother, the way you were to me.

kind, loving and perfect!"
Mother,Mother,"Lady of love,

Care and compassion,

A woman so thoughtful,

To share your problems,

Someone whose heart,

Makes memories of gold,

An ocean of secrets,

Which are never told."
Mother,You Made Me Strong,"Every time I fell, you pushed me up.

Shedding tears, you never let me drop one. 


With my soul, and all my heart

I wish you are there, to support

Till the end, as you did, in the start. 


With all the screaming love that you poured,

I believe, you carved me stronger through my core."
Mother,Nothing to gain,"Not measured by the things you do,

Not measured by the pain,

You do everything with a smile, 

Though there is nothing to gain,

Mom, your love is so pure and it heals the soul,

In life, you play the most incredible role,

I am blessed to have you as my mom,

Thanks a lot,

I love you so much!"
Mother,You deal with me with kindness,"You deal with patience the things so tough 
 
You have that effect on people 

You have that calmness to approach things
 
You have that evenness to see everything 

Life would not be the same without the word mom 

A word so strong it means a lot 

There are many things that I wish to sort 

There are many things in my life you bought 

Life is so good with your name around 

Your magical and pure love that surrounds 

You mean so much to me 

It's your love that I can see mom!"
Mother,When in the darkness I see,"When there is darkness in the life 

When difficult seems the strive 

Your advice makes me move on 

It inspires me to be so strong 

You sacrifice to see me smile 

You give your all every while 

Not wanting anything in return 

Not waiting for your turn 

You believe in selfless love 

You believe in love so strong 

To you my life my mom 

To you I owe many things 

And I feel proud to belong 

I just love you for what you are!"
Mother,Glory,"She's got hands like cotton, tender and soft

with which she holds me in her arms.

Her love is as big as an ocean,

infinity is the limit.

Working for free every night and day,

she looks always fresh.

Such is the glory of you, mother."
Mother,God's Angel to You,"God wanted to take care of you,

And sent his loveliest angel whose love is always true.

She holds you close to her,

And you curl up like a ball of fur.

Her love is the most pristine of all,

Your mother can never be replaced at all."
Mother,Mom you are my shadow,"Mom you are my shadow in the darkness 
 
You are my light in the sun 

You are a reflection of who I am
 
You are to me what I want to be in life 

It would not be possible without you 

It would not be so true 

I am what I am because you are there 
 
I know about the ways and your silent care 

I know that you love me so much 

So gentle and caring is your touch 

I love you so much mom!"
Mother,When I close my eyes,"When I close my eyes and do not see you 

I feel that I have lost in all 

Today it's because of your love 

Because of your love, I stand so tall 

Mom your love and your longing in life 

It's a thing that I want all mine 

It will never change I promise you 

It will remain the same in hue 

Mom you are an inspiration in my life 

Know that I so love you 

And respect for what you are
 
In my life, you are my star!"
Mother,When you are my everything,"You are my everything in life 

You give me so much of happiness 

So many thoughts in my mind 

I know that you are so kind 

You are the shade in the sun 

With you, life is all the more fun 

You are the name for perfection mom 

You teach me lessons to be so strong 

A fighter and a  winner that you are 

I can call you my brightest star 

This shines in the horizon so far

Mom you are so perfect and I love you!"
Mother,You are never really selfish,"You are never selfish in life 

You give me your share too 

You are never angry on silly things
 
You make me smile in the blue 

You have the patience to deal with me
 
You have that charm and that grace 

I feel so dull my mom..My dear 

The day I don't see your face 

Can't imagine living a life without you
 
Know that I am in love with you 

I love you so much 

So pure as your touch!"
Mother,A thousand Splendid moments,"A thousand splendid moments with you 

That innocence in your eyes 

Of all the lessons, you have given me
 
Of being so cool and wise 

Mom I can't thank you enough 

For always being there 

You have given your all in life 

And in the way as you care 

Mom you have given me so much 

That I cant really repay 

Just want to confess it to you 

Just want to say

That you are the best mom

I love you for everything 

Mom you are the best!"
Graduation,You are a graduate now,"You are a graduate now 

I simply can't believe this 

You have achieved it big 

With your wit and skill 

Can't believe that you are going far 

To make a name for yourself 

I still remember you small and sweet 

It's a big day for you oh dear 

You have achieved it big with cheer 

There should be a celebration on this part 

For there is going to be a powerful start 

After this, 

Congrats on your graduation!"
Graduation,Things To Cherish,"Years of education, 

Years of hard work,

Years of learning,

Years of beautiful memories,

Years of unforgettable days,

enough to cherish for

all the years coming by.

Happy Graduation."
Graduation,Time really moves fast in life,"Time really moves so fast 

Today is the day when you have 

Officially became a graduate my child 

I have seen your hard work over time 

I have seen the talent you have

So happy that you made me proud today 

You passed out with flying colors 

Happy to see you achieve this big 

With smiles and success coming along 

Go where your true calling is in life 

And to where you truly belong 

Today is the day to celebrate with cheer 

Because you are a graduate my dear 

Many congrats to you on being one!"
Graduation,Life's about to change,"Our lives may change,

but our friendship will not,

Today we may part ways

But you will be in my heart today and always,

Best of luck for your future.

Happy Graduation."
Graduation,With so much,"With so much dedication,

With so much patience,

With so much hard work,

With so much perseverance,

You have finally achieved your way

And, I just want to say, 

That congrats to you! 

On your graduation day!"
Graduation,This day comes,"This day comes once in life,

Do cherish the moment,

Do enjoy this time

I am so proud of you,

Proud to call you mine 

Of all your great achievements, 

Of all your things ahead,

Congrats on your graduation day! 

Wish you well!"
Graduation,It is actually a new day,"Graduation is actually a new beginning 

Where you look ahead to see 

All the possibilities waiting for you 

Congrats as you are a graduate today 

Congrats as it's a really happy day 

It's time to say adieu to friends 

Who were always there beside 

Take away many new memories 

You will lead a new life from here 

You will have a happy time with cheer 

Today is your big day to celebrate 

Have a good time as you are a graduate 

All the best for your future!"
Graduation,Its a day when you would,"It's a day when you can take pride 

Its all happy in your stride 

Your hard work and your discipline has a role to play 

And I just want to say 

That you deserve the best in life 

Congrats on your graduation day 

May you have an awesome day 

And a bright future ahead!"
Graduation,You are now so wise,"Being a graduate also brings a sense of pride 

You know that you have to be wise now 

You know your future will be bright 

Still there is some nervousness inside
 
You are finally a graduate and you made every one so proud 

You have truly proved yourself 

And you stand out of the crowd

Congrats on being a graduate! 

Stay blessed in life!"
Graduation,It is the time to be happy,"It's the time when you are happy 

It's the time to spread the joy 

Graduation is a special time 

When you know that you are wise 

You have proved it again with your grade 

That you are truly the best 

Its so good to see you 

Pass this amazing test 

So, you are finally a graduate now! 

Many congrats to you!"
Graduation,The many things in life,"The many things you get in life,

With lots of struggle and strive,

The day you achieve things, 

From all the beings,

You know that you are someone,

And you move ahead

To be the number one 

Congrats on your graduation!"
Graduation,Learning was never so easy,"Learning is a never ending process in life 

This was just your first step you took 

Life is filled with many chapters 

And you have to fill your book

So today on your graduation day 

You just filled a chapter 

Stay blessed on your this special day! 

You are finally a graduate today!"
Graduation,Your life now,"Your goal in life is now achieved 

With your will and determination,

So, would like to congratulate you 

On this day of graduation,

Look forward and don't look back,

Because you never did lack, 

You are and will remain the best 

In life's every test! 

Congrats on your graduation!"
Graduation,So happy that you are happy,"So happy that you are happy today 

So happy as you are a graduate now 

So happy to see you smile today 

You are big now and you can decide 

Whatever is in your mind 

You have many choices your way 

To find what will suit you fine 

Go in search for things 

That will make your future bright 

Today the time is just right 

So have a happy time my dear 

It's the time to look ahead and cheer 

Many congrats on being a graduate!"
Graduation,It is a big degree,"Graduation is a big degree 

So along comes many responsibilities on the way 

But if you are determined to have your say 

You go to any length come what may 

So wishing you congrats on your super day 

Yes it's your graduation day! 

Have a fun filled day!"
Graduation,Its a joy filled day,"It's a joy filled day for you today 

It's like a tradition of sort 

When you have played your role so right 

And looks like your future will be bright 

So let me wish you all the success for things to come
 
Wishing you congrats on your graduation day! 

It is indeed a super happy day today! 

And we are proud of you!"
Graduation,Your time in life,"Your will paid off in life, 

Your ambition in all 

May you always reach new heights! 

May you always stand tall, 

Today on your graduation day, 

Wish you congrats, 

Reach new path, 

With all your might!"
Graduation,It is indeed a happy time,"It's an happy time for you 

As it's the blank canvas

As you are a graduate now 

You have many choices to fill 

In to become what you dreamt of 

You have choices which will give 

You a boost in life, so happy 

To see you smile this way 

May you have an amazing day 

Feel proud that you have completed 

It's your super graduation day 

So you are now a graduate

Feel proud and stay happy 

As it's your super achievement day 

Wishing you success all the way!"
Graduation,It is not the end of the road,"It's not an end of a road as you are graduate 

But, every end marks the beginning of something new 

Look ahead and see for things 

That will take you to the path of success 

As you have achieved it big this time 

It will be a happy time 

You have that will to excel in life 

Your determination is also strong 

Know where you truly belong 

Where is the real calling in your life? 

Congrats that you are a graduate now 

And we are all proud of you!"
Graduation,It is a big day for you oh dear,"Graduation is certainly a big day 

Now, you can have your say 

May all your dreams come true in time 

A cool future is waiting for you 

Graduation is a day to be proud 

As you have achieved it big and through 

Congrats that you are a graduate

Congrats for passing out with good grades 

This journey has just began for you 

There will be many opportunities your way 

Waiting for you for a chance 

Where you can have your way 

You are a graduate today 

So be proud of being one!"
Graduation,Where there are dreams,"Where there are dreams all the way 

You find your calling in the day 

If you have a hope to excel 

You truly prove your worth 

You did that with a smile 

You went through that extra mile 

Super congrats that you are a graduate now 

Super congrats on this big achievement 

May you find new roads to success 

This will take you ahead in your life 

You have truly made everyone proud 

You stand out of the crowd!"
Graduation,Throw All Your Books,"Hey hey, it's Graduation day,

Time to throw all the books away,

Happy Graduation.

Wishing you a successful life."
Farewell,I just want to tell you that,"I just want you to stay 

I want you to never leave 

I know that this is not possible 

But still I am just hoping 

Today on your farewell 

I want to wish you well 

May you always look ahead in life 

And may you never have to dwell! 

Just stay happy where you go in life!"
Farewell,Sometimes words are just,"Sometimes words are not needed
 
It's just emotions that work for you 

Well I had such a great time with you 

That it's hard to forget you 

It's hard to forget the time I spent with you 

it's hard to forget the moments so true 

Just wishing you well on this day 

It's a final goodbye from me to you!"
Farewell,Goodbyes Are Never Easy,"Goodbyes are never easy, they are always painful,

It gets even harder when meeting again is doubtful. 

However life is a journey, people come and go,

Just when you begin to like someone's company, you have to let go. 

But memories are yours and they will stay yours forever,

Whether people are there so not, memories will bind you together."
Farewell,It should always end,"A farewell should always end with a smile 

As it takes some time to settle a while

Farewell is a sad time 

But with a promise of good to come 

That this moment will never stay forever 

We will meet again till the next time 

So happy farewell to you! 

And all the best too!"
Farewell,Some things just get on you,"Some situations just get out of turn 

And some of them happen so sudden 

I never thought you would leave so soon 

You have surely made an impact on me 

You have surely given me a way to see 

But when you will leave I will cry 

Will surely hold back and try 

Its painful to let you go 

With a final goodbye!"
Farewell,I Hope That We Meet Again,"Nothing in this world is meant forever to stay,

Something new always keeps coming by on our way. 

All we have to do is embrace the future with open arms,

And forget the past for we have already given it a fair chance. 

You might be going far miles and miles away from me,

But little do you know that you are deep down in my memories. 

So now that the time has come to bid farewell to you my friend,

With our eyes filled with tears & a hope that we will meet again."
Farewell,With time,"Memories remain with time,
 
As time goes so soon,

We often have to adjust or attune, 

But, some situations are not in our hands,

Its density's plan,

Goodbye from me to you,
 
A happy farewell, may you get everything new!"
Farewell,Bid you farewell,"On this day, 

As I bid you farewell,

I want to wish the best for you, 

I want you to get everything perfect and new, 

I want you to get what you desire, 

I want you to go even higher, 

Goodbye from me to you!"
Farewell,You know I am going to,"Hey you know that I am going to miss you 

You know that I will do for sure 

You were my luck in life 

You were the reason for my strive 

Now that you are going far from me 

I don't have anything left to see 

Just the way that you cared 

I will remember to thee! 

A happy farewell to you! 

A happy goodbye!"
Farewell,About to go,"Farewell to you as you are about to go, 

I want everyone to know, 

That had a great time with you, 

It was a journey so new, 

I want you to stay happy till the end of time, 

May you get everything you wish for 

Stay blessed and goodbye!"
Farewell,I always looked at other side,"I always took you as an important part of my life 

Yes I never told you but you were there for me 

Now that you are leaving and going from here 

I have that feeling it's kind of some fear 

What will I do when I do not see you every day 

How will I really find my way 

I will not stop you coz you have to go 

I will try and surely know 

That life will not be the same without you 

My friend I bless you that you stay happy through 

Wherever the journey of life takes you through 

Farewell from me to you!"
Farewell,It is not about happy ending,"Its not about the happy ending 

Its all about the happy days 

As you are going to make your worth 

So I would want to say 

That you stay blessed wherever you go in life 

May you never have to strive 

So wishing a happy farewell to you 

All the best to you!"
Farewell,It is for you to see my friend,"It's not so easy for me to see you go 

It's not easy for me to see you this way 

We always had a great time 

And I always meant to say 

That life would be so tough without you 

Without you what would I do 

Baby I just want to tell you 

That I am so going to miss you! 

Biding you goodbye!"
Farewell,It is a tough time for me,"It is a tough time for me I know 

And it is surely the toughest day 

Its not simple to tell a goodbye 

To a person who is so important to you 

Any hint or any clue 

Don't know how would I live without you 

Without even talking to you 

Please think once more before you leave today 

Think once more before you have a say 

Life will be tough for me I know 

But I want to tell you think once more 

Goodbye from me to you 

A final farewell to you!"
Farewell,It is not so easy to say bye,"The world is a small place my friend 

But dreams are really big 

When one leaf falls from the tree 

Another one replaces it to see 

Nothing is permanent in this world 

Not even our heart beat 

If you think, you can get that way 

Then I will also be happy this day 

Happy to let you go of my life 

Happy to tell you that I will suffice 

Change is must and you shall see 

It's life that gives us all the glee

So farewell to you and all the best 

For life and every coming test!"
Farewell,Things do change a lot,"Things change a lot when someone goes from your life 

Things change when there is no strife 

For every hour you remember the person 

For every moment you cry 

You will be remembered my friend 

And from my side there is no pretend 

You will be remembered my friend 

As I bid you goodbye!"
Farewell,You and your ways are nice,"You are and will always remain special in my eyes 

So many lessons we had of being wise 

We spent our days in a good cheer 

But the news of your going dear 

Has saddened and also made me sad 

Yes I am feeling a little bad 

But then I think that the only thing which matter 

Is your smile that I want to see 

I wish that you get what you desire and be

Yes we will not meet but surely stay in touch 

As I wish you a farewell from my side 

Thanks for everything and a final goodbye!"
Farewell,Life will continue,"The journey of life shall continue forever, 

But, people leave and go, 

Don't know how to react then, 

Life just becomes so slow, 

So farewell my friend to you, 

As I bid you goodbye, 

May you get everything in life and reach a new high!"
Farewell,Happy days are never there,"Happy days are tough to have 

Happy days don't last forever 

Yesterday you were sitting with me 

And today I can see you leave 

Why this happened I don't know 

But its really tough to show 

That the things that will happen 

Will sway away with time! 

Its a time to say goodbye! 

To a lovely friend like you!"
Farewell,I will remember,"I will remember the time that I spent with you, 

I will remember all the memories old and new,

I will remember everything my dear, 

Amidst the gloom and cheer, 

Farewell to you as you are leaving today, 

May you get everything today and each day, 

Goodbye!"
Farewell,A memory which lasts with time,"A memory always lasts till the life time 

You can't take my memory away 

With all the things that happen with me 

And many more to say 

I know the days will be tough ahead 

And time will take it all I know

Don't have many words to even out and show 

But I just want to tell you 

That my dear I will surely miss you!"
Farewell,So you are going,"I am happy that you going to do what you wanted to, 

But, I am also sad, 

Happy that you are getting what you want, 

But I am also feeling bad, 

I guess word parting is such, 

It just leaves the pain too much, 

Goodbye my friend!"
Farewell,So many moments in life,"So many moments and happy ones 

So many memories untold 

But now that you are leaving 

I have nothing back to hold 

I had a great time with you 

And I will miss you for sure 

For you mean much to me 

For there are things left to see

Of all the fun behold! 

Goodbye to you!"
Farewell,Parting is always tough,"Parting is always a tough time 

When you know that someone is leaving 

Parting does not seems nice 

You feel so bad from inside 

But with no option left 

You also have to smile 

As I am bidding you a goodbye 

On your farewell today!"
Farewell,Goodbye to you,"I promise I won't cry, 

As I bid you good bye, 

I promise I won't feel bad,
 
As you are going I may feel sad,
 
But, you also have a reason to leave, 

So, a final goodbye from my side, 

Go and see the brighter side!"
Farewell,It is important for you to know,"It is important for you I know 

It will make a difference 

So for you I am also putting up a smile 

Its a matter of a while

I know that you also care 

And I know that you will always be there 

When I will call or need you 

For now a happy farewell to you! 

All the best to you!"
Farewell,Will you remember me,"Will you remember the time we shared 

Will you remember the way I cared 

Will you remember my memories per say 

Will you remember the things I made 

Will you remember me from the heart 

As you are going apart 

I will remember you I promise 

And never lose my say 

Goodbye to you my friend!"
Farewell,Saying Goodbye,"Saying goodbye doesn't mean you are no more my friend,

Saying goodbye doesn't mean our relationship is dead. 

Saying goodbye doesn't mean it is forever,

Saying goodbye doesn't mean that it is the end. 

Saying goodbye simply means that I will really miss you,

Till the time comes when the two of us meet up again."
Farewell,It is so tough to see you go,"It is so tough to see you go 

So tough to see you this way 

On this moment when you are leaving me 

I do want to say 

That don't leave me as I will feel so low 

Without you I can't survive 

I so want you to know 

Don't leave me and go 

Its a bitter farewell for me!"
Good Luck,Just a wish on way,"Good luck is just a wish,

But, it can also turn positive, 

Because of your hard work 

Your results will be superlative, 

Just do your best you can in life, 

Do things that are fair, 

And then you will be there, 

On your way,

Good luck to you!"
Good Luck,Its not full of fun you know,"Ah exams time is full of tension 

And you may feel the stress for sure 

But know that if you are confident 

You will pass this test for sure 

Just relax and give your best 

As its a way to know and impress 

The things that you want you will get 

So concentrate on studies and fun you must forget 

All the very best! 

Do well in your life!"
Good Luck,I know it's the time,"I know this time is too tough for you 

And the situation is difficult too 

But giving your best shot should be your goal 

You should rightly know your role 

Know what you really want to do 

Coz this time is too crucial for you 

For many things that you wish to have 

And many things you want so new

All the very best! 

Do well in whatever you do!"
Good Luck,Reach higher,"Believe in yourself and you will reach higher in life, 

Believe in yourself so that you don't have to strive, 

Keep the motivations going to be strong, 

Keep the spirit high to reach where you belong, 

Good luck in everything you do, 

May all your wishes come true, 

Good luck to you!"
Good Luck,Dream Big,"Play your part and leave the rest,

Life gives us each day a new test,

It is up to us, how we tackle the same,
 
It is all about a positive mind frame,

Just do your best and leave the rest,
 
Good luck to you, always stay blessed!"
Good Luck,Stress is part of your life,"Stress is a part of life ignore it 

Let the tension on your mind cease

Relax and be at peace my friend 

As there are no options to blend 

Fate will decide what is truly in store for you 

You have to try your best but true 

So wishing you good luck for your goal

Just go ahead and make your role

All the very best!"
Good Luck,A strong focus in life,"A strong beginning will always, 

Help in the strong end, 

Do your best because there is nothing to pretend, 

You know that you are the best, 

Have that spirit and zest, 

To achieve everything that you must, 

So, all the very best, 

Do well!"
Good Luck,Fight for luck,"Good luck shines in the life of the brave,

Always be strong, luck will become your slave.  


Don't ever be let down by failure, 

Give life a tough fight like a warrior.


Luck will come knocking at your door, 

And your whole life will begin to glow.

Best of luck to you."
Good Luck,Take the Plunge,"Life is uncertain and so are the situations,

Amongst all the trials and tribulations,
 
You will find your own way,

Do what you feel, and say,

Good luck and good wishes from my side,
 
You shall surpass this testing tide,
 
All the best!"
Good Luck,Take a break from,"Hey take a break from all your social sites 

And take a break from work 

Concentrate on what you are doing 

Coz that is what is really important 

Take a break from things and more 

And be ready and be so sure 

As it's your final test in life 

So, all the very best with your test 

I am sure you well do well! 

Relax and give your best!"
Good Luck,Call For Victory,"It's just a small good luck cheer,
 
To reduce your tensions and fear,
 
You will do well,

Keep the faith alive,

You will get everything that was deprived,

Keep the right spirit and you will win,

Keep that smiling face and don't grin,

You are the best,
 
Better than the rest,

Good luck to you!"
Good Luck,It's never easy,"Its never easy to get what you want in life, 

It's really hard to keep on working or strive, 

But at the end you reach your goal, 

If you play your role, 

So my best wishes are with you, 

May you see the bright side and get everything new!"
Good Luck,Success to you,"Success does not come easy my friend, 

There is lot of hard work,

And nothing to pretend, 

If you have done the task, 

Then you have all the reason to bask, 

Good luck on your endeavours!"
Good Luck,I know about your commitment,"I know your commitment is so strong 

I know your goal is so very true 

Coz you have that spirit to go ahead 

And that spirit to find all new 

Things will change and you will know 

You just have to prove and show 

That you are also worth everything 

So all the best for your test 

You will pass with flying colors! 

Do well!"
Good Luck,Best of task,"All the best for your task my dear, 

Little hard work and after cheer, 

You know that you will do well, 

So, don't you worry and dwell, 

Coz life will be fair to you, 

You will get everything new, 

Just give your best shot, 

Good luck to you!"
Good Luck,For cheer,"I am ready for the cheer, 

For you my dear, 

I want you to win and come, 

I want you to excel in life, 

A little bit of pain, 

A little bit of strive, 

Then you will reach where you wish for, 

Good luck for this!"
Good Luck,It is all about hope,"It's all about the right way in life 

It's all about the way you have to strive 

It's all about the way you reach your goal 

It's all about you know about your role

It's all about your hard work 

It's all about how you find your way 

It's all about your determination come what may 

It's all about your result 

So all the very best in life 

Good luck to you in life!"
Good Luck,Do well for your test,"Good luck to you for your test 

It's nothing to be scared off 

It's nothing to get all tensed 

If you know that you have the will 

And you know that you have the confidence 

So don't think too much in life 

And go for that kill

Just hope and things will be fine 

All the very best for your strive 

You will excel through in time!"
Good Luck,You know it all,"You know that you deserve the best in life, 

So what if you have to strive, 

Your role play is apt for you, 

You will get everything new, 

Just let it go this way, 

God will help you find your way, 

Do well,

Good luck to you!"
Good Luck,Good Luck to You,"May your life be filled with happiness and love,

May you be showered with the goodness from above.

May God bestow you with health and prosperity,

May fate give you a lot of clarity.

These are my prayers for you,

And I hope God makes them all true."
Good Luck,Wish you good luck,"Good luck is needed to those who are scared 

But I know that you are too bold 

You know things that people may not know 

You smile but yes you don't show 

Good luck is for people who want it 

But you know everything to bit 

Still I wish you luck by your side 

I am sure you will change the tide 

And make things better indeed!

Good luck to you coz you need

Do well!"
Good Luck,My good wishes,"My good wishes are with you, 

Coz people like you are few, 

I want you to excel and flourish,
 
These achievements you will cherish, 

Till the end of time, 

The sweetness like the wind chime, 

Good luck to you!"
Good Luck,Luck to Lead Life,"Believe in yourself and proceed with life,

Stop thinking of it as a big strife.

I pray God to throw in a bit of good luck,

So the flowers of success you can pluck.

May your dreams come true.

Remember you are the best one man crew."
Good Luck,Play your part,"You need to play your part right, 

And do what you are meant to do, 

You will really reach higher in life,
 
By being honest and true, 

My best wishes are with you, 

Good luck to you!"
Good Luck,Good luck to you,"May good fortune be with you forever, 

May you get everything that you desire, 

May you never see the ground, 

And only reach higher and higher, 

Good luck and good wishes to you!"
Good Luck,Luck will favor you,"Luck also favors those in life, 

Who are ready to face everything, 

You are focused on your goal,

You are aware of your role, 

So go out there and do what you like,

Leave the things you dislike, 

Just concentrate on your positive, 

Leave aside the negative, 

Good luck to you!"
Good Luck,A Wish for you,"I want to wish you good luck in whatever you do, 

May you get all things new,

You have done your best in case,

You will definitely win the race, 

Of life, 

So, just a little strive, 

And you would be there, 

You will get your fair share, 

So, do your best you can, 

And you will get as the plan!"
Good Luck,Good Luck my Friend,"We hope you flourish,

And get a life you cherish.

May success and prosperity come your way,

And life take lovely turns as you say.

Good Luck to you in every endeavor,

May you see the best ever!"
Good Luck,Are you nervous?,"Are you being nervous?	

Well, don't be, because you are the best, 

Problems are there, 

But that is your real test, 

Do your best you can to win, 

And you will smile with that grin, 

Good luck and do well!"
Good Luck,It's your big day I know,"Surely its your big day and big way 

So don't get all hassled in the way 

Be prepared to face anything in life 

Anything that comes what may 

For if you are strong you can face the tide 

You can take anything in your stride 

And do well in your future 

Go ahead and you have that will 

You know that you can do it! 

All the best from my end! 

Do well on your test!"
Good Luck,Get Ready for Action,"Good luck to you as you make a new start,
 
Be confident and play your part,

Stay focused and committed in life,

So,what if you have to strive,

You will get everything one day,
 
Be yourself and have your say,
 
Good luck mate!"
Good Luck,Stay content,"Stay happy and content in life,

Strive hard for things you want, 

Then you will also have a reason to flaunt, 

Go for the kill my friend, 

Good luck and wishes to you, 

May you get everything new!"
Good Luck,Blessings of Good Luck,"May you be blessed with abundant fortune and luck,

May there never come a time when you have to sulk.


I wish everything always seems to work in your favor,

I wish that you may fulfill all your aims and endeavours.  


And when on days you really don't know what to do,

May lady luck keep shinning up bright above you.
Good luck to you."
Good Luck,A wish for you,"I just wish and pray, 

That good luck follows you every way, 

May you get what you truly deserve in life, 

May you never have to strive, 

My good wishes are with you, 

Good luck to you!"
Good Luck,Are you too nervous,"Don't be too nervous 

And you need to create the buzz 

Take it light as it's just a test 

When you know that you have the level to impress 

Then why think so much 

Just give your best shot and be prepared 

You just need the right focus 

And you will surely reach your way

Be determined come what may

So, all the best for your test 

Do well and relax!"
Goodbye,It is not easy to let go,"It never easy to just go from life 

One day along the course 

It is not easy to erase memories from 

Your heart 

This becomes an important part 

Your memories will stay with me 

Your memories will give me a reason to be,

Go far away and you will know 

That I was so much in love with you 

You did not care enough for me 

You did not care enough for my feelings 

A heartfelt goodbye from my side 

I just want that you stay blessed 

Wherever you go in life 

A final goodbye!"
Goodbye,I will long for you my love,"I will long for you my love even in pain 

For life has no reason for me to say 

I gave my all in this happy space 

But leaving you is like no grace 

I want that things be better with time 

And I want that we become one 

For this pain is too much for me to take
 
Goodbye for only a life's sake 

I cannot really bear the pain now 

I will not let it come in my thoughts 

No I won't allow 

Coz it's not so simple for me 

The word goodbye!"
Goodbye,Goodbye so long,"Goodbyes are never for so long, 

As they remain in heart like a beautiful song,  

I just want to wish you the best in life,  

Apart from all the struggles and strive,  

Do well in life is my only dream, 

With glories and bream, 

So, goodbye from me and stay blessed,  

I just wish you the best!"
Goodbye,With a heavy heart,"Goodbye with a heavy heart,  

The thought of going apart,  

I am really feeling so low today,  

Life will surely change now,  

I don't what to say or how,  

But, I will surely miss you,  

Goodbye from a heavy heart!"
Goodbye,Goodbye to you,"Goodbye is just a word said,  

There are so many deep meanings to it,  

Goodbye is just an expression of heart,  

There is no end to a beautiful start, 

Goodbye is just an emotion unsaid,  

There are many hidden tears to shed,  

A final goodbye from me!"
Goodbye,Final goodbye from me,"There are times when you can 

Do nothing about situations 

There are times when things are 

Just as they can be in life 

I have had enough of this time 

Can't take this anymore now 

It's a final goodbye from my side 

For all the things happened so far 

From now on, I will shine 

But being a distant star 

Goodbyes are tough but there is no choice 

For you...final goodbye from my side!"
Goodbye,As I know you are,"I am really feeling sad 

As I know, you will leave today 

Just want to thank you for everything 

Everything I did ever want to say 

Your friendship was truly special for me 

Your friendship had a role to play 

It's a goodbye from my side 

But I promise for not so long 

Distance can break two people 

When together they do belong 

A final goodbye to tell you 

That I will always care for you 

As I believe this bond is forever 

For now, it is a goodbye from my side 

To you!"
Goodbye,Things that will not be the same,"Things will not be the same 

You will go far away from me 

There will be no one to walk beside 

And talk with me for hours 

Why are you going I don't know 

It's your decision I can't stop you to go 

Wherever you are do remember me 

A friend who was always there to see 

I would want that we meet some day 

And have many things to say 

For now it's a heavy goodbye from my side 

To you for your future endeavors 

A loving goodbye from me!"
Goodbye,I will miss you so much,"I will miss you and that is sure 

The bond was so close and we were near 

Never thought that this would happen so soon 

Never thought that you will go away 

I don't have anything much to say 

I just have some words left with me 

That it's a final goodbye from my side 

No, there are many emotions to hide 

But, I won't let it affect you 

It's a final goodbye from my end 

Wish that we meet somewhere again 

A goodbye from my heart 

You will remain a special part!"
Goodbye,Goodbye with care,"The saddest part is you going far away from me, 

I don't know what I will be able to see,  

Coz without you there is no life,  

Without you it is so difficult to survive,  

It's a final goodbye from me,  

But, I will really miss you forever,  

The times spent together and the loving memories,  

Goodbye!"
Goodbye,Goodbyes are really hard,"Goodbyes are really hard to say 

It really makes your time look bad 

I know that you are leaving today 

That rather makes me so sad 

I am sure that where you are going 

You will keep a happy face 

So it's my duty to tell you goodbye 

With that smile and that loving grace 

I am doing that for you 

As I want that you get things all new 

It's a final goodbye from my side to you 

For all the good things are waiting for you 

With a promise that will meet soon

Goodbye to you!"
Goodbye,Please don't leave me and go,"As you are leaving today 

I just want to tell you that take away my smile 

Give me the tears that are mine 

Things that are shared with you my love 

And things when you were kind 

Had an amazing time with you my love
 
A time that I can never forget 

Coz this is just another thing for me 

I do not expect to see 

I loved you the way you were
 
But I feel sorry now 

Goodbye from me forever 

Forever in life and how!"
Goodbye,Life will change,"Life will never be the same without you,  

Do you even have a clue?  

That without you I would feel so blue,  

Goodbye my friend without the regret,  

Those were the times I will never forget,  

May you stay blessed in life is my wish,  

May you stay happy and in bliss,  

Goodbye my friend!"
Goodbye,Things that do not matter in time,"Things don't matter where there is no 

Love left in the heart 

You always know that you are special for me 

You knew you are an important part 

You did not really care for me 

I was waiting for it to see 

Your choice, your way and I kept 

Looking helpless at the bay 

Fine go where you truly belong 

Don't worry I am rather strong 

Will take it all in my stride 

As it's a final good bye from my end 

Goodbye forever is all I want to say 

A final goodbye from me!"
Goodbye,I think I will miss you,"I think you will miss me more 

When I am not in front of you 

You will surely miss me more 

When I am far away from you 

You will miss me more my dear 

When you will have no one to cheer 

You will miss me more in smile 

When I am away all the while 

You will miss me more with a tear 

When you will have that fear 

Even I will miss you my dear 

Goodbye as it's for some time 

We will surely meet again 

This time shall pass

Good-bye from my side!"
Goodbye,Goodbye for time,"I wish the time stops by,  

As the moments are passing,  

It is really getting difficult for me, 

To tell you goodbye,  

But, as I wish you goodbye,  

I wish the best for you,  

May you get everything you please and new,  

A heartfelt goodbye from me to you!"
Goodbye,Why do you say that you are,"Why do you say that you want to leave
 
Why do you want to end this all 

Don't you love me the way you did 

You did love me from your heart 

I get so scared on hearing that 

You are going to go apart 

If love is pure then you will stay 

You will stay come what may 

If it was fake then you can go 

Leave me on my way to know 

That it's a final goodbye from you 

And I will also know 

That it's the end now!"
Goodbye,Separation is the word that is,"Separation this word is never simple 

There are so many meanings and deep 

The word goodbye in life is tough 

You have many reasons to just weep 

Goodbye, without reason will give you pain 

And also make you cry in vain 

But goodbye with love will not affect you 

As it is for something new 

The many goodbyes and different meanings 

Of all the things which I am seeing 

Its a word that changes it all 

Makes you emotional to fall 

Goodbye is surely tough!"
Goodbye,Always keep in touch,"Don't go on my smile,  

As I am crying from within,  

I know I am gonna miss you so much, 

I know I am gonna miss your loving touch, 

Goodbye is a difficult word, but it's true,  

This time will easily get through, 

So miss me as I will miss you too, 

Goodbye to you!"
Goodbye,I am feeling so gloomy,"I am feeling so gloomy I cannot say 

Life has taken a turn that it has left me much shaken to say 

So shaken beyond words that I can't express 

For me goodbye is not a reason 

The meaning is similar in every season 

It's something that will go along with me 

And it will take away my glee 

Final goodbye will change it all 

And things won't be the same 

What will be left is just pain in the heart 

And just the name and blame 

Goodbye is tough for me to say 

Of finding a new way!"
Goodbye,Goodbye my love,"I know you love me,  

I know that you will cry,  

It's really very painful so say goodbye,  

But, time will move on and you will forget,  

Did I tell you yet? 

That I am gonna miss you very much,  

Goodbye the final time! 

The memories shall always remain mine"
Goodbye,It's time to say bye,"It's time to say goodbye my friend,  

I wish I could reverse this trend,  

I so wish to stay with you this way,  

I so wish to have my say,  

But, things don't always remain forever, 

So, goodbye from my side,  

Your memories will remain beside,  

Goodbye!"
Get Well Soon,You know that I am,"You know that I am missing you so much 

The way we used to talk for hours 

The way we used to do mischief

The way we used to enjoy our day 

Feeling sad that you are not well 

But don't you dwell 

As things will be super fun 

And you will regain your health 

Coz health is the only wealth 

Get well soon!"
Get Well Soon,I just have some words,"I just have some words to say 

As you are not feeling so well 

You can read some books you know 

Or do things that you like 

Or watch some of your favorite shows

Till you feel alright 

Coz you will be fine in some days 

So explore yourself as there many ways 

And you will be good within no day's time 

Just relax and rest as much as you can 

This time shall also pass

Get well soon!"
Get Well Soon,The Medicines May Be Bitter,"The medicines may be bitter,

Enough to make you my dear suffer.

But they will heal you faster,

And get rid of any possible danger.

So promise me you'll have your medicines on time,

So that together we can later happily rhyme. 

You'll get well really very soon and join in the fun,

In a matter of few days, you'll be strong enough to run!"
Get Well Soon,There is a feeling of,"There is a feeling of blue when you are on bed 

I know that you don't like anything 

I know that you just want to get well soon

So I prayed specially for you 

So that you get that boon

And be alright in days to come 

So that you can have all fun

For now you need to rest 

This phase and this passing test 

Get well soon!"
Get Well Soon,I know that you will,"I know that you are all scared because you are not well 

But don't worry things will be good 

If you worry you will get the stress

And that will cause more distress 

So you need to keep calm and relax 

So that you get all well in life 

Take rest and get well soon 

Don't struggle and strive 

Things will be alright my dear 

Get well soon!"
Get Well Soon,Wishes For A Brighter Day,"I wish all your pain and suffering goes far away,

I wish you get to see a brighter and happier day.


I want my enthusiastic and bubbly friend back again,

I miss your old self so much that it is driving me insane.


What is life without you my dearest friend?  

I promise to watch your back till the very end. 


I pray that you get well really very soon my dear,

And bring back the wonderful glow of your vibrant cheer."
Get Well Soon,Speedy recovery,"Wish you a speedy recovery,
 
I pray you will be fine soon,
 
Get well soon fast my dear,
 
And sing your favorite tune,
 
Get well soon is all I want to wish,
 
All your worries will diminish!"
Get Well Soon,Be healthy,"I prayed for your speedy recovery today,
 
I hope you have a healthy day,
 
Soon everything will be okay,
 
And you will have a good day,
 
Just keep a positive frame of mind,
 
Do what you feel don't stay confined,
 
Get well soon dear!"
Get Well Soon,Everything looks so bleak,"Everything looks so bleak when you are sick 

And everything looks so pale 

But I know that this is a temporary phase 

And you will surely sail

Through this time and tide my dear 

So forget all your stress and worry 

And forget all your very fear 

Just rest and things will be all fine 

You are always in my prayers 

And I know you will be alright 

Get well soon!"
Get Well Soon,There for you,"I will always be there for you,
 
Because I really care,
 
Wish you a speedy recovery,

Hope you will be fine soon,
 
And feel; everything so new,
 
Get well soon my dear,
 
Be all fine and don't fear!"
Get Well Soon,You are not sick,"You are sick I know that 

You are not feeling well too 

But that does not mean that you stop gossiping too 

Coz we can't stay a day without doing that you know 

So, pick up the phone and talk to me 

You will actually feel alright 

For talking to friend gives a new respite 

Which will help you to get all right 

So, get well soon my dear 

Things will be fine for you to cheer!"
Get Well Soon,You must take rest,"You are not feeling so well I know 

And I am also not feeling all good 

Coz I know your suffering is much 

All I can do and such 

Is to pray that you get well soon
 
I know it needs some kind of boon 

But my prayers will be answered I know 

So, I want you to rest and get well 

You need to take care and don't dwell! 

You will be fine!"
Get Well Soon,I am just wishing you,"I am just passing my good luck to you 

Coz I want that you be alright 

I want that you relax a bit 

And I want that you rest 

And we shall go on a long holiday 

Once you are fine a bit! 

So my buddy just take care 

Coz you know that I am always there 

For you 

Get well soon and smile so bright!"
Get Well Soon,Close your eyes,"Close your eyes when you are in pain 

Say that special payer in your mind 

For life can't be so unkind 

This too shall pass in life 

You need to keep a strong will 

You need to keep the patience along 

For very soon you will get out from that bed

And I having said that 

Know that you will be alright 

So just get well soon my dear 

Don't you fear!"
Get Well Soon,Sorry to hear,"I am sorry to hear,
 
That you are unwell,
 
Keep the hopes high,
 
And your problems will dwell,
 
Get fitter soon my dear,
 
Be positive and have no fear!"
Get Well Soon,I Wish Your Sickness Disappears,"Nothing makes me more sad than watching you sick,

I wait for the day for your sickness to disappear like magic.


I know that, the day when you will be healed is near,

And that day we together will be dancing together out hear.


Till then, hold on really tight and take care of yourself, 

And I will safeguard you as well like your own loyal elf."
Get Well Soon,Feeling sick?,"Is that drip making you more sick? 	
Then get up and get all kicked,
 
Think you are fit and fine,
 
It's all about the bad time,
 
You will be happy and fit again,
 
Just take some rest and understand,
 
Get well soon!"
Get Well Soon,Life is not always the same,"Life is not always perfect my friend 

There are ups and down every while 

I know that you are caught up with flu 

And I know that you are feeling all blue 

But if you take proper rest 

I am sure you will be alright 

So stay in your bed and take some rest 

I know that you will pass this test 

And get well soon! 

Take care my friend!"
Get Well Soon,Life and its turns so true,"Life takes many turns 

And sometimes it just gets all churned 

I have heard that you are not well 

Oh my dear you don't need to dwell 

Coz you will be alright 

And the days will again be so bright 

So just take proper rest 

Its just a phase a passing test 

Get well soon as I wish you well 

You will be alright!"
Get Well Soon,Quick healing,"I just came to know,

That you are feeling sick,
 
I am sorry to hear this,
 
But I am sure your recovery will be quick,
 
So hang in there and show your strength,
 
You will be all fine by heaps and length,
 
Get well soon!"
Get Well Soon,I will surely find,"I will surely keep in touch with you 

As I know that you are 

Not feeling so well 

Take rest in this time of yours 

I know that you will be all well 

You just need to calm and relax 

And you will be alright 

So just forget everything and feel all bright 

This too shall pass my friend 

Get well soon!"
Get Well Soon,I know it will cause,"I know that it is a cause of worry 

And I know that no one feels good 

But instead of crying in pain 

You should heal it with books

Yes read some positive books while on your bed 

You will get that power to recover soon

You will feel alright in a day 

And I just wish to say 

That may you get well soon my dear 

To smile along and spread the cheer!"
Get Well Soon,I just want to wish you well,"Hey I just wish you happy recovery 

I wish you a bright a sunny day 

I wish you get what you want 

And may you have your say 

So what if you are not alright 

You can be happy all the way 

Just smile and your pain will go away 

Wish you a happy recovery my friend 

Wish that you feel all well soon 

Stay fit and fine!"
Get Well Soon,I know that will be,"I know that you are feeling the blue 

But do you even have a clue 

That without you I am also not feeling well 

I am missing you so much my friend 

The days that I spent with you 

The longer nights and that brew 

My dear feel well soon I have made a 

Special prayer for you 

And I want that you become all fit 

Coz alone I look a tad misfit! 

Take rest my dear!"
Get Well Soon,The Evil Spell Of Sickness,"It is a shame that illness has cast its evil eye on you,

I curse the germs that made my healthy friend go 'achoo',


In case you ever need anything or you're just feeling alone,

My dear one do not think twice to pick up the phone, 


I promise you be there like your guardian angel,

I will look after you till the day you get well."
Missing You,I feel so bad,"I feel so gloom day and night,

With you my life was so bright,

You were the lovely rain of night,

You were the shining sun at light,

You were the meaning of my life,

Without you I can't survive, 

Please come back,

I miss you so much!"
Missing You,There is darkness,"There is darkness in my mind, 

Whenever I unwind, 

I think of all the beautiful moments spent with you, 

All the feelings so old and new, 

How I wish you come back soon, 

That would bring back my lost tune, 

Coz I really miss you now, 

Please come back and vow, 

Never to leave me again!"
Missing You,Your presence,"Your presence was such,
 
That I miss you much,
 
You made me feel at ease,
 
What more shall I now cease,
 	
You took my happiness along with you,
 
My love for you was pure and true,
 
Forget everything and please come to me,
 
I am waiting to hear from you,
 
I miss you!"
Missing You,Thinking about You,"I find myself thinking about you all the time,

I can't let go of your thoughts no matter how hard I try.

I can't live without you baby, it is just impossible,

I'm desperately waiting for the time you'll be back. 

Baby I miss you!"
Missing You,Crying in vain,"My eyes cry in vain,

No one can see my pain,
 
Coz in my heart I miss you a lot,
 
You are still there in my every thought,
 
I don't know how I will stay this way,

I really don't have any words to say,
 
I miss you!"
Missing You,I miss you the way no one would do,"I miss you the way no one would do, 

Do you have an idea or clue? 

That I really can't live without you 

Days are just passing, without anything new, 

Coz you are not there in my life, 

Coz I really miss you,

Please come back!"
Missing You,Let go,"I am not able to let go,

Of thousand memories shared with you,

So many good ways old and new,

I am not able to let go,

The love that we shared,

It was magical and pure,

The passion and allure,

I wish you come back and see,

My apathy,

Coz I miss you so much!"
Missing You,Miss you now and then,"Miss you now and miss you forever my love 

When I need you are not there with me 

I just want to let you see 

When you are far from me I can't see you more 

When you are far from me I think of you galore 

My days are incomplete without you 

My nights are not the same and through 

With you I am the loving one and I love too 

Please come back and give me back that charm 

That grace that I miss without you! 

Oh my love I am waiting for you! 

Coz I so miss you can love you 

I miss you so much!"
Missing You,Has changed a lot,"Everything has changed since the time you have left, 

Each moment is in the deft 

Things are not the same without you 

I can't lead my life 

Coz there is no clue 

You were the reason for my smile,

You were the reason why I was happy a while, 

I miss you so much and I mean it, 

Now crying for you, 

Relieving the parts spent with you bit by bit!"
Missing You,Please come back,"I want to touch you, 

I want to feel you right,

I want to talk to you now,

Why did you go so far?

There is a permanent scar,

This is taking away from me my life,

Without you it's tough to survive,

Please come back,

Because I miss you so much!"
Missing You,I feel bad,"I feel like crying in vain, 

I don't know how to end this pain,

Coz I am missing you so much, 

Your words and your thought, 

Please come back in my life my dear, 

I really don't have any reason to cheer, 

Please come back oh dear!"
Missing You,You need and I need you,"Missing you needs no reason 

When you are in love there is no season 

The day that you went far away 

I have truly lost my say 

I look at things but don't feel 

I reel under a loneliness only for you 

Things that can't be changed with time 

But I can only say that I miss you so much 

As I can call you mine 

Please be there for me my love 

And there to support me 

I miss you so much to thee!"
Missing You,You Are So Far Away From Me,"You are so far away from me, 

Yet I think about you all the time.

You are so far away from me,

Yet you are always on my mind. 

You are so far away from me,

Yet your memories are so close.

You are so far away from me 

And how much I miss you no one knows."
Missing You,Lucky To Be In Love With You,"Falling in love with you, makes me rhyme
It makes my heart sing and even stops the time,


I can't be luckier to have found love in you,
You make my heart feel everyday so new.


You make everyday feel so complete,

You my love, are safe inside my heart underneath.


Now that we're away brings a sorrow to my heart,

I miss you my beloved chocolate tart.


Please come back into my life and make it shine,

With your beautiful smile and your love so divine."
Missing You,Won't leave you,"I don't want to leave the darkness, 

Because I don't find you in the light, 

I am missing you so badly 

Since you are out of sight 

My love I miss your every scene 

That was created in my mind, 

All the wonderful memories of heart, 

Feeling of sadness on my mind, 

My love I am missing you much, 

Please come back soon!"
Missing You,Nights and days are,"Nights are not the same without you 

And evenings aren't the same 

I miss you so much my dear 

And it's just your name 

I want you to come back in my life 

I want you to be with me 

Things that are left to see 

Please come back and make me smile 

Please give me all the glee 

I miss you so much!"
Missing You,Tears Falling,"Tears fall down drop by drop,

Without you near me everyday is such a flop.

I miss the good old times when you were always there 
by my side,

Together we were stronger than any wind or tide.

Please come back dear cause I miss you so,

I miss you darling more than you would ever know. 

I miss you!"
Missing You,When I miss you much,"When I miss you lovely, 

I watch some old things of yours 

When I miss you my dear 

I miss the things that made me happy with cheer 

Your pictures make me cry for you 

Your smile was enough for me and through 

Made me happy all the way 

I just want to say that I miss you my love 

Wishing that you will come back soon 

And give me back my smile

Waiting for you night and day! 

And all the very while! 

I miss you!"
Missing You,Baby I cry,"Baby I cry looking at your picture, 

I cry in vain for all the times,

How things have changed I don't know 

Whom to blame and No one to show 

Your feeling and your presence was such 

That I truly miss you much, 

Baby I can't live without you, 

There is a feeling of being alone, 

A feeling of blue, 

I really miss you!"
Missing You,Feeling lonely,"When I feel lonely,

You always come in my dreams,
 
I miss your passionate touch,
 
I miss that eye's gleam,
 
Please come back,
 I have suffered for long,
 
You are my life's most beautiful song,
 
I miss you so much!"
Missing You,Days are not same,"Days are not the same without you,

Nights are not the same,

Don't know why this happened,

Don't know whom to blame,

But, one thing I know for sure,

That you are my life,

I am not able to forget you,

I mean it,

As I miss you much,

The power of my love is such!"
Missing You,Long To See Your Face,"I wish to see your pretty face one more time,

How much I miss you my darling, I can never deny.


The last time you walked out of the door,

Sunk my poor little heart deep down to the floor.


And now I can't wait to meet you again my dear,

I may not get to see you again is the only thing I fear."
Missing You,I Miss You,"My baby I long every single day to feel your presence in my life, 

I miss you so much, its more pain than cutting myself with a knife. 

I miss your warm touch and the feel your arms locked around me, 

I miss your lips and your beautiful eyes that are deeper than the sea."
Missing You,When I hear,"When I hear someone talking about love,

I also weep within,

Was it so difficult?

Or was it some sin,

Why I am deprived of your love, I don't know

Not many words left or feelings to show,

But, one thing I surely know,

Is that I miss you so much!"
Missing You,A Simple Sweet Thought,"A simple sweet thought running through my mind,

I wish you were here today by my side.

I miss the times when time wasn't a barrier between you & me,

I miss the times when distance was tinier than a pea. 

And I much as I miss those wonderful times my dear,

I miss you too and wish you were with me, here."
Missing You,When I look around,"When I laugh, I look around, 

The voice and that surround, 

When I cry, I look for a hand, 

Besides me you used to stand, 

I miss every moment spent with you, 

Do you even have a clue? 

That I really can't stay without you, 

I miss you!"
Missing You,I miss you baby,"I so wish that baby that you were here,

I wish you were here to spread some cheer. 

I wish you were here to hold my hand,

I wish you you were here to help me stand. 

I wish you were here to wipe away my tears,

I so wish you were here to take away my fears. 

But since your not, I just want you to know,

I miss you baby, I miss you more than I show."
Missing You,Lost happiness,"I miss you so much my dear,
 
Lost all the happiness and cheer,
 
With you,
 gone are my happy days,
 
All the pleasant memories and ways,
 
I am just wishing you will be back soon,
 
As I wishfully watch the moon,
 
Please come back in my life,
 
Without you I can't survive,
 
I miss you!"
Missing You,What moments,"What beautiful moments were those? 

When you were so near and close, 

I could feel you being a part of me, 

It was only you I could see, 

Then why did you go so far, 

Please come back in my life, 

Coz I am missing you so much!"
Missing You,Why did you go?,"Why you had to go this way,
 
Why there were no words to say,
 
What went wrong? 
What happened I don't know? 	
 
I didn't have many expressions to show,
 
But, I want to let you know,
 
That I miss you so much!"
Missing You,Miss you forever,"I missed you so much,
 
My love for you is such,
 
You are always in my heart,
 
Destiny had plans to make us apart,
 
Please come back to me baby,
 
I miss you so much to thee,
 
I miss you too much honey!"
Missing You,Its just you that I know,"Its just you and your name in life 

Without you, I feel so blue 

My smile and my reason to stay 

It was your love every way 

Since the time you have left me 

I have lost all the glee 

I am waiting for that spark again 

I am waiting for you in my life 

To get back the light again 

And that bright cheer 

Missing you much oh my dear! 

I love you and miss you!"
Missing You,Not in my hands,"Missing you in not in my hands 

I hope that you will well understand 

When I miss you, I miss a part of me 

That is for you to see 

Miss the moments that I need to spend 

Miss the moments that I want you 

My love please come back to me is all I want to say 

Without you I am so lost in life 

Now without you I cannot survive 

Coz I miss you so much in life 

Miss you much!"
Missing You,In my thought,"You are in my every thought,
 
Without you my life is tough to sought,
 
I can't stay without you a day now,
 
I can't tell you how,

I miss you so much my dear,
 
Used to feel so good when you were near,
 
Please come to me,
 
I miss you to thee!"
Missing You,Too far,"I know you are so far,
 
I can see you through the star,
 
My words express my pain,
 
When I feel lonely or cry in vain,
 
Why you had to go so far,
 
Please come back to me,
 
I am waiting for you to thee! 
I miss you loads!"
Missing You,All the moments,"All the memories so good,

All the wonderful things we shared,

All the love sessions we had,

All the adorable fights too bad,

I miss you so much my dear,

Without you I feel the fear,

As there is no one near,

To me,

Please come back and see,

That I miss you so much,

I love you so much!"
Missing You,At times when you are,"At times when you are not there 

There is loneliness that grips me 

There is a sense of losing you 

Somewhere that I wish to see 

Whenever I think of you, I will know 

That your love is there for me to see 

Your company was the only support I had 

You were my smile you made me glad 

My love I can't stay without your name 

My days are not always the same 

My love I so miss you much 

And your most loving touch 

I miss you!"
Missing You,I miss you much,"I may appear happy to the world, 

But, I do cry alone,

I know it's not so simple,

To let you go,

I miss you more than ever today,

And I miss you much,

My love for you was true and such,

I wish you come back to me,

Coz I miss you much!"
Missing You,Tear down,"Tear rolled down my eyes,

It asked me why I cry,

I told the tear, I miss you much,

The power of my love is such,

When will I get to smile?

Have been waiting for you all the while,

Coz I really love you a lot,

You are in my every thought,

I miss you so much!"
Missing You,Not all wounds heal,"Not all the wounds heal in life,

Not all the scars heal in life,

You are my only dream you know,

I may not have words to show,

But, I miss you day and night,

You are in my every fright,

I love you please come back to me,

I miss you to thee!"
Missing You,Lost in crowd,"Lost in the crowd to make my way, 

Somewhere in the middle I have lost my say, 

Coz without you everything is so blue, 

Nothing interests me, be it old or new, 

I miss you like anything, do you know, 

I may not have many words to show, 

But, I really do, 

So please come back in my life!"
Missing You,Every Bit Of Me,"Every bit of me baby longs to spend every moment with you,

Every second passes and I find myself more lost and blue. 

Every bit of me darling wishes to hear your loving voice,

But all I'm surrounded with people making so much noise. 

Every bit of me sweetheart weeps when you are not around,

Instead in tears I find myself deep and drowned.  

Every bit of me my love yearns for your sweet touch,

It is all because my baby I miss you so much. 

I miss you!"
Missing You,Miss you now,"Missing someone is not in your hands,

You miss someone only if you love 

him a lot,

He is in your every thought,

You can't stay without him,

I miss you coz you are the one,

I miss you coz I love you a lot,

You are in my every thought!"
Missing You,I miss you a lot,"I miss you like no one else will do, 

Do you even have a clue? 

Each thought each day is connected to you, 

Each moment is a ravage without you, 

I keep thinking about you, 

Coz I miss you like no one else will do, 

Please come back soon!"
Missing You,Here to stay,"Loneliness is here to stay now, 

So many unanswered questions and how, 

Why did you leave me all alone? 

I am suppressed in my own zone,

Please come back in my life my dear, 

Please come back and give me my cheer, 

Coz I really miss you a lot,

You are in my every thought!"
Missing You,You are not there,"When you want something,

God really listens to prayer,

I have asked god to bring you back in my life, 

You know what in every smile and strive, 

You are the one I miss the most, 

We were so cozy and close, 

Then why did you leave me alone,

Please come back in my life, 

I miss you so much my love!"
Missing You,Miss you much,"Missing your touch amidst the love, 

Missing your faithful words, 

Missing your smiles which catch my eye, 

Missing the moment when you said goodbye, 

Missing everything that captured my heart, 

True to being from the start 

Missing you as you are apart, 

Come back soon as you are a part 

Of my life, 

Miss you so much!"
Missing You,You never met me,"You are never out of my mind 

You are never out of my thought 

The day I don't see you my love 

Is the day when I feel so blue 

Its the feeling of lost love without clue 

I feel so wanted and there is a need 

Just like you give water to a plant seed 

Without it the plant will die 

Without you I don't feel so good 

I am always in the state of cry as I love you much 

Longing for your touch 

I am missing you too much!"
Missing You,Want You Back So Bad,"I stay up thinking about us all night long,

And try to figure out what ever went wrong.


That took my beloved baby away from me,

And sent a dagger into my heart so deep.


I wish I could go back in time and change things,

I would fly far away with you, only if I had wings.


But since I can't, just want to let you know,

I miss you like I never missed anyone before


Please my dear, please come back to me,

Please come back to me baby I earnestly plead."
Missing You,I know that you are,"I know that you are miles apart 

But I want to express that you stay in my heart 

Yes you are the one that I want to be with 

You are the one that I wish to spend my life with 

With you, I have all the blessings of life 

You are the reason why I strive 

There is a strange emptiness when you are not around 

The passion and love that truly surrounds 

Being there with you and your live is all I miss 

Your hugs and that wonderful kiss 

Please come back to me my love 

Coz I miss you so much to thee! 

I miss you!"
Missing You,You were the reason,"You were the only reason for my smile, 

All the moments all the while, 

You made me feel special in every way, 

You were in my every say, 

Now, there is emptiness in my life, 

Without you I can't really survive, 

Coz I miss you each day, 

I really don't know how to say, 

But I miss you so much!"
Missing You,Miss you all day,"When you miss someone,
 
You miss them all day,
 
There is nothing to express,

Or nothing much to say,
 
Gloomy are my night and day,
 
Looking helplessly at the bay,
 
I am thinking when you will come to me,

I miss you so much!"
Missing You,Love Loses Its Meanining Without You,"Love loses its meaning without you my dear,

Life loses its radiance without your lively cheer. 


The moon is not beautiful any more and so is the rain,

Your absence in my life gives my heart so much pain.


I miss you like crazy darling, please come back,

I will never let you go away, I promise you that."
Missing You,When you left me,"When you left me and you did go 

I came in terms with reality I know 

You were my life you were my reason to live 

If all the things that I don't wish to miss 

One of you is you my love you know 

Where are you I am missing you to though 

You are my love and I can't stay without you 

My love I want you to come back to me 

I want that you come back to thee 

I am missing you so much my love! 

Come back and don't you shove!

My love I am missing you!"
Missing You,I Miss You Everyday,"Not a day passes by when I don't miss your presence,

Not a second gone by when I don't long for your essence.


You are like a drug to me baby, I am so addicted to you, 

You not being by my side makes me so sad and blue.


Cannot wait to hold you in my arms and never let you go,

How much I miss you so, you will probably never know."
Missing You,Not near to you,"When you are not near,
 
I feel the fear,
 
When you were with me,
 
It was only you I could see,
 
Why did you go from my life? 
 
Without you I won't survive,
 
Please come back,
 
I miss you much!"
Missing You,It's not the same,"Life is not the same, 

Everything looks so dull and lame 

When you left you also took my smile 

You have been there for a while 

But, it seems like a life time to me 

Please come back and give me 

Back all my glee 

I am missing you so much 

Missing your touch 

Missing you my sweetie!"
Missing You Poems for Boyfriend,I wish I can come to you,"I wish I can come to you, 

I wish I can see you now, 

I wish I can touch you, 

Distance won't allow us to be one, 

I wish I can come to you, 

I miss you so much my love, 

Please come back to me, 

Without you there is nothing left to see!"
Missing You Poems for Boyfriend,Since the time you left me alone,"Since the time you left me alone, 

Since the time you are gone, 

Nothing feels the same, 

I really don't have anyone to blame, 

Destiny has made us apart, 

But, you are always in my heart, 

I miss you a lot, 

I miss you a lot!"
Missing You Poems for Boyfriend,I am missing you so much,"I am missing you so much, 

I really long for your touch,

Sometimes I feel so numb, 

Sometimes I also act dumb, 

Please come back soon my love, 

Can't really live without you, 

I really miss you a lot, 

I really do!"
Missing You Poems for Boyfriend,I did not know what you mean to me,"I did not know what you mean to me, 

Until you are gone so far, 

Now, I know what your real worth is, 

What you really are,

I am missing you very much, 

I really mean a lot,

You are in my every thought!"
Missing You Poems for Boyfriend,When I fell in love with you,"When I fell in love with you, 

I promised I will never leave you,
 
But, now that you are so far, 

I often talk to the star, 

That wherever you are, our love shall win, 

Without any flaw or grin, 

I will keep loving you and missing you, 

I love you a lot!"
Missing You Poems for Boyfriend,You are my life,"You know that you are my life,
 
You are my only support, 

Without you I feel so blue,

It is only because of you 

That I used to smile, 

That I used to stay happy for a while,
 
Please come back to me, 

I miss you to thee!"
Missing You Poems for Boyfriend,When I don't see,"Baby when I don't see your face,

I feel that something is missing inside me
 
Something as part of me,

You are in my heart you know 

And I only wish to show 

That you are the world to me 

Baby please come back, 

I miss you a lot 

From my every thought!"
Missing You Poems for Boyfriend,My eyes are silent,"My eyes are silent,
 
My smile so fake

Without you my life,
 
In every strive
 
It does not feel the way it used to
 
It does not feel so great 

Please come back my boy,
 
Because I miss you a lot!"
Missing You Poems for Boyfriend,It feels so lonely,"It feels so lonely without you,

Without you I feel so blue
 
Your presence made me smile 

Your habits irked me,
 
But those were the cute moments
 
I remember to thee

Please come back soon 

I miss you a lot!

I love you a lot!"
Missing You Poems for Boyfriend,When you are not around,"Baby when you are not around me,

I feel so helpless in life 
 
You were the reason for smile

And that extra mile

Baby, I am missing you so much 

I am longing for your touch
 
Please come back in life
 
Without you it tough to survive! 

I miss you!"
Missing You Poems for Boyfriend,I miss you my love,"Boy I love you so much 

I always long for your touch 

Days are not the same 

Don't know whom to blame 

Missing you each moment of life 

Without you getting tough to survive 

Please come back to me 

Please get my lost glee 

Miss you so much!"
Missing You Poems for Boyfriend,I realized it,"I realized that you mean the world to me 

I realized that you are my ecstasy 

I don't feel good without you 

Not the same without your company 

You are my life and my love 

Without you I am feeling all shove 

I love you so much 

Please come back my love! 

Longing for that touch!"
Missing You Poems for Boyfriend,Darkness in my mind,"Darkness in my mind, 

Gloomy are the days 

The feeling is so restless 

Not the pleasant ways 

Life without you is not alright 

Why did you go out of sight 

Waiting for you my love 

Missing you so much!"
Missing You Poems for Boyfriend,My heart cries,"My heart cries because of you 

There are tears in my eyes 

Nothing seems so special 

Nothing seems so wise 

Without you I feel so blue 

It's only because you 

That I used to smile 

Missing you so much my boy 

Please come back soon!"
Missing You Poems for Boyfriend,I feel so numb,"I feel so numb without you

I feel so bad that I can't express 

Not anyone to feel the pain 

Whom shall I impress, 

Coz you were my reason 

In every good season 

Please come back soon 

You are my life in every way 

Really missing you today!"
Missing You Poems for Boyfriend,I have known,"I have now realized your worth, 

Your whispers in the air,

Your kissing on my cheek, 

The way you used to embrace 

The way you used to greet 

I am missing you in each frame of life

I am not able to strive without you 

I miss you so much!"
Missing You Poems for Boyfriend,Your touch was,"Your touch was magical

Your look was intense, 

Your talks were so pure 

It was like an instant allure 

The way you used to touch me 

My eyes used to sparkle with glee 

Miss all the moments with you my love
 
Please come back soon!

I miss you!"
Missing You Poems for Boyfriend,When I miss you,"When I miss you I see your picture 

All the moments spent with you, 

But that makes me go weak with time 

Because I know that you are mine 

I then remember you more you know 

Don't have many meanings to show 

Please come back soon my love 

As I am missing you a lot! 

I mean that my love!"
Missing You Poems for Boyfriend,There are many,"There are many times when I just get lost 

In your dreams you know 

I miss you so much that I think about you 

Without any reason or any clue 

I think as I love you 

You are always on my mind 

And being far I am missing you a lot 

From my every thought
 
Baby please come back in my life!"
Missing You Poems for Boyfriend,To be lost in your arms forever,"To be lost in your arms I had that feel 

The world with you was so surreal 

The small memories that I have in my heart 

The feeling of longing from the start 

Baby when you are not with me today 

I want to confess it to you my way 

That I am missing you since so long 

No I can't be that strong 

Come and give me a reason to smile 

Make me yours all the way and while 

I miss you very much!"
Missing You Poems for Boyfriend,The pain is there,"The pain when you are apart 

Is truly touching my heart 

I don't have anyone to share 

There is no one to care 

I miss the way you used to love me 

I miss your smiling face and glee 

My love my boy please come back

As I missing you so much!"
Missing You Poems for Boyfriend,I miss you more than I can see,"I miss you more when I see your picture 

I miss you more when you come in my dream 

I miss you more in reality my love 

And I miss you more in all the realm 

I miss you more when I am sad 

I miss you when I feel all bad 

I miss being a part of your life 

No one to handle me in strive 

I miss you more each day of my life 

And all the moments that suffice 

My love I miss you more each day 

I love you all the way!"
Missing You Poems for Boyfriend,I had this fear in mind,"I had this fear in my mind 

A fear that was not so kind 

That what if you go away from me one day 

What will I do and how will I stay 

I am living that right now

And I want to tell you how 	

Since the time you have left me 

There is nothing more to see 

I think about you the whole day 

And that just makes me say 

That you are my life and my world,

Come back soon my boy 

Without you, I miss my smile along 

You are my only joy 

I miss you so much!"
Missing You Poems for Boyfriend,You are my only need in life,"I need you, as you are my heartbeat 

I need you to look through the deep 

Every moment when I am not with you 

Is the moment when I feel all blue 

My boy why did you go so far 

It feels so alone like the distant star 

Wish I could just come and hug you tight 

Wish that I could end my plight 

Life is not the same without you 

My boy I love you and I miss you!"
Missing You Poems for Boyfriend,I can't express,"I can't really express you know 

That I am missing you so much 

The way you used to smile 

And your loving touch 

The way you used to hug 

And that loving stare 

Where are you please come back 

As I am missing you a lot! 

My sweetheart!"
Missing You Poems for Boyfriend,In a while you are,"I miss you while I think about you

I miss you a lot in between 

I miss you when I go out, 

I miss you in the bling
 
I miss you so much my boy

I miss you night and day,

Please come back in my life 

And, give me my way! 

Brighten up my day! 

Come back soon!"
Missing You Poems for Boyfriend,Someone from heart,"Missing someone is not in your hands 

I hope you also understand 

That life is not the same without you 

Everything has changed 

I feel so helpless 

I feel so blue 

Baby without your love 

I feel so bad and sad, 

I wish that I had 

You for company beside me 

I miss you to thee!"
Missing You Poems for Boyfriend,Missing you is never in your hands,"Missing you is never in your hands 

When someone stays in your heart 

You can never really feel that apart 

I know that you stay in my heartbeat 

And you have a special place in my life

It is tough to stay without you 

Even tougher to survive 

Please say that you will never leave 

And leave me all alone to weep 

Come back is all I can say today 

Coz I miss you every minute of the day 

Come back as I miss you all the way!"
Missing You Poems for Boyfriend,Some things don't change,"Some things don't change in life, 

So reasons are left unknown 

But from the time you have left 

I am in a complete deft 

I don't think anything beside you 

Because I truly love you
 
And, baby I just want to tell you
 
That I miss you! 

Baby you stay in my heart!"
Missing You Poems for Boyfriend,When I think about you,"My mind thinks about you as my heart 

It's that deep thought from the start 

The day you left me I felt so sad 

That feeling was terrible and bad 

And now I know that it's tough without you 

You only give me a clue 

That how will I live without you 

It does not feel the same 

Whenever I hear your name 

I get lost in your thoughts my love 

I love you more than me 

And I miss you so much to thee 

I love you so much!"
Missing You Poems for Boyfriend,My tears and crying in vain,"My tears are unstoppable my heart 

It's been so loving from the start 

I had never expected that 

I will have to stay without you 

There was this effect you had on me 

I was so lost in your charm to see 

Now that you are not there with me 

I am missing your love and moments of glee

Just waiting when you would be with me 

And I would be able to see

Myself my boy in your loving company 

I am missing you more than me 

More than it is for you to see 

I love you and miss you baby!"
Missing You Poems for Boyfriend,Thinking about you all the time,"Thinking about all the wonderful moments, we have had 

Is making me more restless and sad 

That cuddle and that hug of yours 

The way you embraced me in your arms 

The way you used to look at me 

I used to blush when I would see 

Nothing seems same without you 

My baby as I feel so lonely and blue 

Life is in a state of a mess 

I cannot take any more stress 

Please come back soon my love

As I miss you so much!"
Missing You Poems for Boyfriend,You are far away my love,"You are far away and that horizon I can see 

But I miss you every moment in glee

The lovely peck that you gave me 

And the way you used to just look at me 

Miss those cozy moments I had 

The thought that makes me more sad 

Can't think of a day when I haven't 

Missed you enough from my heart 

Cone back and bring back the lost joy 

The joy which made us start 

Miss you my most loving thought 

You were my reason to sought 

I love you very much 

I so long for your touch!"
Missing You Poems for Boyfriend,It is not so easy to let go,"It is not easy to express that what you mean to me 

Since the time you have left 

There is nothing left to see 

Coz you were my world my love 

My only destiny 

Waiting for the day when you will come back 

And I will get my smile in life 

I remember you each day of my life 

Each moment tough to suffice 

Coz I am missing you so much 

As I love you such 

Waiting to look at your face 

That charm and your grace!"
Missing You Poems for Boyfriend,Standing alone on the window,"Standing alone at night on the window 

As I look at the bright moon 

I think that you would be doing the same 

Thinking about me and my name 

I feel that you are besides me 

I can feel that shiver deep 

The thought of not having you around 

Surely makes me weep 

My boy longing for your touch 

My love for you is such,

That it is impossible to stay with you 

I so love you and I so miss you!"
Missing You Poems for Boyfriend,The eyes are silent,"The eyes and the silent love, 

I don't do anything without you, 

I don't feel like laughing,
 
And, I cry all day 

Don't know where to head 

I often forget my way 

I am truly longing for your love 

And your purest touch,
 
I miss you so much! 

I really do love!"
Missing You Poems for Boyfriend,Even if you are not there,"Even if you are not there with me 

I find you in things that I see 

I find you in my happiness along 

I feel you when I need to be strong 

I know you are far away from me 

I know that it's the world you chose to be 

But you have given a part of your life 

That is the one I need in my memory 

Yes I miss you a lot my dear 

Yes I miss you a lot I want to say 

But I am waiting for that day 

When I will see you again 

I am missing you so much 

Missing along your touch!"
Missing You Poems for Boyfriend,As the day will end tonight,"As the day ends, my plight goes on 

The feelings for you are so strong 

I can't really live without you 

Each moment that I think about you 

Living all the memories with your touch 

Baby I miss you so much 

End this game and come to me 

You will make me smile in glee 

A smile that I am longing for so long 

A smile that I just want to see 

Baby I love you very much 

And I am missing you such!"
Missing You Poems for Girlfriend,When I say,"When I say I miss you dear

I truly mean a lot 

You are a part of my world,

You are a part of my life, 

Baby I so wish you were with me, 

I so wish you were my destiny, 

Missing you a lot my love!

Please come back soon!"
Missing You Poems for Girlfriend,It does not feel,"Selfies don't feel so good anymore 

The special lunch dates I remember 

Days are not the same without you 

Everything is in a haze and mess 

Without you, life is just so boring 

A feeling of being so stressed 

You were my reason for that cheer 

I want you to come back oh dear 

Back so that life will smile at me 

I remember those loving moments 

The moments that I lived with you 

Will stay in my memory my love 

As I am eagerly waiting for you 

Baby I so love you and miss you!"
Missing You Poems for Girlfriend,You know I feel,"You know I feel like standing below the water 

So that no one can see me cry 

My lovely, life without you is terrible 

How much ever I try 

Can't see beyond you my love 

And the times that I have spent with you 

It's so lovely to be with you 

And the moments we spent so new 

Baby come back and see my pain 

Without you, I feel so lonely in vain 

Can't imagine my life without you 

As every moment and hour 

I just ought to miss you 

I miss you!"
Missing You Poems for Girlfriend,Like the bird,"Like the bird without its wings 

Like the tree without a shade 

Like the ocean without water 

Lost brightness of the jade 

I am missing you in a similar way 

As there is no meaning to left or stay 

I know that you are my world my girl 

I can't live without you 

Come and complete my life all through 

It's a feeling so empty within

A feeling that makes me sad 

Life without you is terrible and bad 

Come back as I am missing you so much 

Your grace and your touch!"
Missing You Poems for Girlfriend,My heart is yearning,"My heart is yearning for you my dear, 

Without you in my life, there is no happiness or cheer, 

All day long I just remember your face, 

That loving charm and pretty grace, 

I miss you lots and I really mean it, 

Today I want to admit,

I can't live without you, 

I miss you sweetie!"
Missing You Poems for Girlfriend,It's not my choice,"Missing you is not a choice, 

But a feeling for me 

Because I was so happy in your company 

Because you gave me all the glee

Missing you was not a choice 

It is in my destiny,

I love you a lot! 

I miss you a lot!"
Missing You Poems for Girlfriend,Your presence,"Your presence in my life, 

Your value per say 

Now that you are not there,

I so want to say, 

That baby you mean the world to me, 

It is for you to see 

I miss you so much, 

Waiting to feel your touch!"
Missing You Poems for Girlfriend,Thinking about you,"A busy day and lonely night

Looking at the stars tonight 

Thinking about you my love 

Thinking about the time we spent,

When there was only love 

None to pretend, 

I am missing you a lot, 

Please come soon!"
Missing You Poems for Girlfriend,There is a crack,"There is a crack in my life without you 

There is a void that I am living through 

I didn't imagine that it would affect me so much 

I didn't imagine that I would miss your touch 

I miss your pretty smile all the way 

So dark are my sunny days 

Baby the thought of you not being with me 

Is taking away my all the glee 

Hope that I see you soon one day 

And I would just run and pick you away
 
Tell you that you mean the world to me 

Baby its only you I want to see 

I love you and I miss you so much

Lost forever and such!"
Missing You Poems for Girlfriend,All day long,"All day long 

That lonely song, 

I am too tired by all this now

Do you remember that love vow 

Please come back to me for that sake 

Because of you I am always awake, 

Dreaming about you, 

I miss you a lot!"
Missing You Poems for Girlfriend,There is a way,"There is always an emptiness in my kind 

There is a feeling of being so lonely 

I wish I could have you here 

The way we used to talk about things 

The way we used to fight

All those memories and in my heart 

But all this in spite 

You have a special place in my life 

Without you I cannot suffice 

Simply come back my love to me 

Give back my lovely bliss

Still missing you my dear,

With your goodbye kiss!"
Missing You Poems for Girlfriend,You stay in my heart,"You stay in my heart,

You know that for sure

My love for you is 

Truly pure, 

Girl when you are not around 

It feels so blue 

Baby I miss you 

Baby I love you 

Come back soon!"
Missing You Poems for Girlfriend,One moment of,"One moment I am the happy me 

The next moment I lose my glee

One moment I am smiling at something 

Other moment I feel lost in things

It's a feeling of restlessness of not having 

You besides me is killing me 

This distance is growing and so is my pain 

I have no logic but in vain 

I keep thinking about you and our love 

And the pretty moments that we spent

Life without you is so tough 

That I am not able to understand 

Come back as I am missing you!"
Missing You Poems for Girlfriend,I miss you much,"I miss the happy smile on your face 

That embrace and that grace, 

The shine in your eyes

I miss a lot, 

You are forever in my thought 

Baby I love you so,

Please come back soon,

Because I miss you a lot!"
Missing You Poems for Girlfriend,My lonely days without you,"My lonely days turn into lonely nights 

And days just remain the same 

What is life without your company my love 

Where do I find your name 

When I don't see your face I feel so blue 

A feeling so void in me nothing new 

I want to be with you every moment of my life 

I want to call you my loving wife 

Come back baby days are getting long 

I am losing the tolerance of being strong 

Come back to me as I am missing you 

You know that I only love you!"
Missing You Poems for Girlfriend,When I say I miss,"When I say that I miss you 

I really mean a lot,

You always stay in my dreams,

Always in my heart, 

Can't really stay a moment without you,

Can't really stay this way,

Please come back soon!

As I miss you is all I can say!"
Missing You Poems for Girlfriend,I can't describe the feeling,"I can't describe the feeling, 

I really can't do, 

I don't know how I will stay without you, 

I miss you each moment of the day, 

I miss you all the time, 

It's getting really difficult all the while, 

Baby I wanna see you soon,

I miss you a lot!"
Missing You Poems for Girlfriend,My inner voice,"My inner voice and conscious and soul 

Miss in my life your most important role 

You made my life complete 

The way we used to pleasantly meet 

There is a space in my heart my love 

I am missing a part of me 

The distance between you and me 

Is killing me all the way 

Please come back and fill in that space 

With your eternal love and grace 

Baby I want to confess it to you 

That I love you and miss you!"
Missing You Poems for Girlfriend,My life without you,"My life is getting gloomy 

Because you are not there 

Baby I am telling you 

For all that swear,

I miss you so much do you know,
 
I only want you to know, 

That baby I miss you so much, 

Please come back soon!"
Missing You Poems for Girlfriend,I miss you so,"I miss you in the morning 

And I miss you in the night, 

Baby, I so love you, 

I miss you with all my might, 

When I say I love you I also mean a lot, 

I miss you from my each thought, 

Please come back soon,

I miss you so much!"
Missing You Poems for Girlfriend,The days that are,"I am having hazy days

I can't do anything without you, 

I am feeling so down,

I am feeling all the blue, 

Baby when you are with me

I feel so good, 

Without you, nothing seems good,

I miss you so much,

Please come soon!"
Missing You Poems for Girlfriend,For the world you may,"For the world I may smile all bright 

Deep down I know that I am not alright 

I miss you through the day my love 

My nights are lonely without you 

I feel your presence in the air 

That is the feeling of love I knew 

But it feels so lonely without you 

Time just not passes through 

Waiting for the day when I can just 

Come and take you in my arms

And tell you that I love you so much

And baby I miss your touch 

I love you and miss you!"
Missing You Poems for Girlfriend,I think that I am,"I think with you my smile has gone 

My days are not the same without you 

There is a feeling so low and blue 

Don't wish to do anything my girl

I also do not socialize a lot 

You are always on my mind my girl 

You are in my every which way and thought 

Baby when you will come back to me 

When will I get to see 

The smile, which I am so missing you 

Baby life is not the same 

I am just lost all day in your name 

I am missing you so much!"
Missing You Poems for Girlfriend,When I see the aura,"When I see the aura of love around me 

I kind of feel that jealousy 

I see them express their love with heart 

I remember the good old days from start 

The days that I lived with you 

Were best days for me my love 

It feels so gloomy and so dark 

There is virtually left no spark 

You are the light that brighten up 

You are the light of my life 

Come back my pretty girl 

And give me a reason enough to survive 

As I am missing you much!"
Missing You Poems for Girlfriend,I have given up,"I have given up on things I like 

And that has caused me to think 

That life was so much easier with you
 
Without you it is not like I blink 

Each moment I chose to be 

Of all the memories, I wish to see 

I want the days when we were together

We were always there for each other 

I want you to come back to me 

So that I can pleasantly see 

Two hearts unite together with love 

My pretty girl, please come back soon 

As I am missing you!"
Missing You Poems for Girlfriend,I have been working,"I have been working really hard 

So that I don't think about you 

I don't spend time on Facebook 

And I have shunned Twitter too 

Every memory of yours my love 

And all the pictures that I go trough 

Gives me a tough time I can't say 

Coz deep down I know today 

That life is not the same without you 
Come back and give me that radiant smile 

Make me happy with your cheer awhile 

Baby I am eagerly waiting for you 

I am missing you!"
Missing You Poems for Girlfriend,I miss the warmth of your love,"I miss the warmth of your love, 

Your oh so tender touch, 

I miss the smirk of your eyes, 

The talks which were so sweet, 

I really miss being with you, 

That is so true, 

I wanna see you soon and hold your hand, 

And make you understand, 

That I really can't stay without you, 

I miss you!"
Missing You Poems for Girlfriend,I accept you as mine,"I accept that I have denied many times 

And told you that things are just fine 

But today let me tell you the truth 

A truth that I want to underline 

That its impossible to live without you 

Even for a single day 

All these days I want to tell you 

Have been the toughest days 

Of my life my pretty girl 

A request and a confession from me 

That baby come back and see me 

Life is certainly not the same without you 

A heartfelt confession that I love you 

And yes I am missing you!"
Missing You Poems for Girlfriend,It is an emotion,"Missing someone from the heart, 

Is an emotion unsaid!

Missing someone from the heart, 

I feel the pain,

When you are apart, 

I feel so depressed,

Please don't suppress my urge for you, 

Come back soon,

Baby I miss you!"
Anniversary,I am still in love with you,"I am still madly in love with you

I still deeply feel for you 

The day when you are not with me 

Is the day when I feel so blue 

My lovely, your love gives me peace 

Peace that I would love to cease 

I want to wish you bright this day 

Coz you are my light every way 

May love between us never end 

Is all I wish this day 

Baby I love you so much 

More than your lovely touch, 

Wishing you a very happy Anniversary!"
Anniversary,The meaning of love,"The meaning of love is you

The meaning of life so true 

You gave me a reason to live 

You gave me my smile

In life's every while 

Sweetheart wish you stay this way forever
 
With all my might!
	
Happy anniversary!"
Anniversary,May God Bless You Two,"Today is the day to show your affection,

Remind each other about how deep is your connection;

The wonderful memories that together you share,

Have made the two of you such a lovely pair;

And as you walk hand in hand, day by day,

May God walk with you along the way. 

Happy Wedding Anniversary to you."
Anniversary,Each year the more I get,"Each year the more I get to know you 

I feel so wonderful about you 

The love and those feelings are so pure 

Your touch has a magical allure 

You are my true soul mate in life 

All the precious moments spent with you 

All the feelings so wonderful and new 

I wish that you be mine next birth too 

Can't think of getting a better partner like you 

Whose so loving just like you 

Wishing a very happy Anniversary to you!"
Anniversary,A romantic journey for you,"A romantic journey will take you along the way 

You can share your happiness and sorrow 

Love like there is no tomorrow 

Life will be like a dream for you 

Life will give you a meaning all new 

Anniversaries are a way to celebrate love 

A love between the two of you 

So share your joy alike and feel nice 

Over the years, your love will be more wise 

Happy anniversary to the lovely couple I know,

It's the love that feels and show!"
Anniversary,Time Has Proved Our Love,"The time gone by proves how true is your love,

Looking at you makes the angels sing from heaven above. 

I feel so proud watching you grow into each others lives,

I am amazed with the magic that love actually does. 

Happy Wedding Anniversary to the two of you."
Anniversary,Thank God for you,"I thank God each and every day, 

For sending you into my life.

I can't think of anything else to say,

But I thank God for making you my wife. 

Happy Anniversary to you."
Anniversary,I Woke Up In The Morning,"I woke up in the morning with a smile on my face, 

I told myself today is going to be a beautiful day. 

After all today was the day you and I became one, 

It was a dream come true, for you I was chosen. 

Everyday I spend with you, I learn something new,

I can't even imagine what would I do without you. 

Thank you for being an angel to me all these years,

Thank you for teaching me how to face my fears. 

I just hope life goes on just like this forever,

I pray that you and I are always twinned together. 

Happy Anniversary to you sweetheart."
Anniversary,With you my life,"When I say that I love you 

I really mean it from my heart 

Baby, it's a special day 

So let's make it a special story
 
I just want to say,
 
That you are my world 

And I love you a lot 

Happy anniversary!"
Anniversary,So much time,"So much time you have given me, 

And so much of love, 

I can't thank you enough for all the love, 

You have been the best life partner I can ask, 

With you easy seems to me every task,

Thanks again my love,

And wish you a very happy anniversary!"
Anniversary,Each step that you take in life,"Each step that you took in your marriage 

Have bought you today this far 

The love you guys have for each other 

Shines so bright like the star 

Always love each other in life 

Forever in your every strive 

The love that you have will grow 

And you will surely get to know 

That love is the true strength that keeps you strong 

True love is where you actually belong 

Stay in love forever today and each day 

Wish you a very happy Anniversary!

Have a lovely day!"
Anniversary,This wedding date brings,"This wedding date brings to me 

So many old and new memories 

The way we had our wedding 

And things got just fine after that 

The equation that we share now 

And the equation we then had 

Everything has changed with time 

But one thing remains and that is love 

Yes its love for you my dear 

You bring in my life a lovely cheer 

Stay as you are in my life 

I feel so blessed to call you my wife 

Wishing you a happy Anniversary!"
Anniversary,The moments with you,"The lovely moments that make me smile

With you and every while 

I feel blessed on having a partner like you 

With you I feel so awesome and new

Baby do you know that I truly love you 

Glad to have you 

In my life,
 
Happy anniversary!"
Anniversary,Life will move on with you my love,"You are my dear one and I want you to know

My love for you is so pure 

On this special day when we became one 

It all started with allure 

You have not changed a bit

Nor there is a change in the love 

I will have to admit 

That I loved you for your tease 

I loved you for that smile on your face 

You still have that charming smile 

And you have that grace

Blessed to have such a partner like you 

Blessed to have you in my life 

Happy Anniversary to you!"
Anniversary,So much time has passed,"So much time has passed in life

So much time I think to wind 

One thing that has not changed between,

Is the love we share and kind 

You have always been there for me 
	
Whether in my sorrows or my glee

My life has been so beautiful 

A lovely journey and in destiny 

Want to thank you from my heart 

So today on this day, it was a start 

Thank you for coming in my life

Making it more memorable with you ways

Wishing you a very happy Anniversary,

And we will have an awesome day!"
Anniversary,I still remember things with you,"I remember the day we took our vow 

Still remember that amazing time 

Your love and my heart together 

It was all destined 

You were always there in need 

Your love being so very deep

You never complained about things 

And accepted everything with heart 

I am really blessed to have you my love 

You are so precious in my life 

I feel so proud and so good

Well to call you mine

A love that will never end 

A toast to this lovely day 

Happy Anniversary is all I wish today!"
Anniversary,To thank you,"I would like to thank you, 

For coming in my life, 

You gave me everything, 

You helped me in every task,
 
You are a perfect partner in life, 

Without you I won't survive, 

Happy anniversary!"
Anniversary,The more I get to know,"The more I get to know you in life 

The more I fall in love with you 

Your pretty gestures are so fine 

Makes you so sweet and feels all new 

The way we have had this wonderful life 

I want to continue this too

So today, I shall renew my lovely bond 

A bond that is so special between me and you 

I might have told you many times 

But still I wish to tell you 

That you still stay in my heart 

Where love conquers all,

Happy Anniversary to you oh dear, 

With you I feel that love and cheer!"
Anniversary,You are special,"Anniversary is a special way, 

To tell you that you mean a lot
 
This was from my every thought,

When you are not with me 

There is nothing else to see 

Baby I truly love you 

Because you are my destiny! 

Happy anniversary!"
Anniversary,On this day,"On this day and delight, 

I want to hug you tight, 

And I want to tell you that, 

I really love you a lot, 

Time has been so long, 

Our relationship is so strong, 

Our journey has been one beautiful song, 

Happy anniversary!"
Anniversary,I am so excited,"I am so excited for today, 

It's not like any other day, 

It's our ten years of togetherness, 

For me and you to say, 

Life has truly been bliss with you, 

I still find everything so new,

I love you, 

Happy anniversary!"
Anniversary,Every year this day,"Every year on this day,

I don't have much to say, 

Only a word thanks to give you all the way, 

You have made my life so special in every way, 

Thanks for coming in my life my dear, 

With you around, I feel no fear, 

Wish you a happy anniversary!"
Anniversary,Convey to the world,"Convey to the world that you love each pother 

Tell that you are always there 

That silent longing in your eyes 

And the way you always care,

Love is the feeling that connects you and your partner 

So express it in different forms 

Stay together forever in love 

Breaking so many norms 

Love is different and you would know

Things that are wishfully there to show 

On this lovely day, I want to say  

Happy anniversary to both of you today! 

Stay in love!"
Anniversary,I met you many years ago,"I met you years ago my love 

But time still feels the same 

I get the same glow on my face 

Whenever someone takes your name 

The years that have passed, have been so good 

Life with you has been good touch wood,

I wish that our love stays this way 

Till the very end 

Where there are feelings so pure 

And there is no pretend, 

Every year I love you a little more 

The more I am with you my love 

Is more I do adore,

I love you my baby to the core 

Wishing you a very happy Anniversary!"
Anniversary,Our love,"Our love has grown with time, 

It has been so good, 

I still remember the time we met, 

So many years of togetherness have been bliss, 

It's a touchwood,

And I pray it remains till the end of time,

Happy anniversary!"
Anniversary,Each year with you,"Each year when I feel close to you 

I get to learn things all new

Your kindness makes me fall in love with you 

You make me happy all the while 

You have the most amazing smile 

You stand with me like a pillar would do 

On this special day, I want to tell you 

That yes I love you 

Yes I truly love you through 

My world resolves around you 

My world starts with your name 

It will remain so pure with time 

It will remain the same 

Wishing a very happy Anniversary to you!"
Anniversary,You made my world complete,"You made my world complete my love 

You made my life so good 

Getting a soul mate like you in life 

Feel so blessed touch wood, 

Not a day when I don't stay happy 

Without you oh my love 

With you I smile all bright 

The things that seem alright, 

With you, I have all my happiness 

And never a drop of tear 

With you, I feel so protected

Not a feeling of fear 

Love you for everything 

Wishing a very happy Anniversary!"
Anniversary,You Are A Gift,"What can be a better blessing that love wrapped in silver paper?

You entered my life so easily like sweet smelling vapor. 

I feel so comfortable around you, like I am around my clone, 

And I always crave to spend more and more time with you all alone.  

You my love, knocked at my door and totally transformed my life, 

I promise to love you forever, 'coz you're the world's best wife! 

Happy Anniversary to you!"
Anniversary,Our bond so strong,"Our bonding only increased with time

I am so lucky to call you mine
 
Baby because you are my only smile

You are the shine in my life, 

I just want to tell you that,
 
Without you I won't survive, 

Because I truly love you!
 
Happy anniversary!"
Anniversary,The Correct Decision,"In a world crowded with people, and everyone fighting for the catch

It is such a miracle that I managed to find my perfect match;


I am so very lucky to get to spend so many years with you 

Even after all this time the love in my heart still it feels anew,


Our Wedding Anniversary reminds me of that beautiful day

When you entered my life and sent all my sorrows far away;


I made the best decision and took you as my partner for life,

It is something I will be thankful for, even after I die. 
Happy Anniversary my dear."
Anniversary,I can't express,"I can't express my feelings, 

As I am overwhelmed, 

On this day I want revive all the moments spent, 

The journey of life with you is really so much fun, 

You are and will remain my number one, 

I love you so much my sweetheart, 

Wish you a happy anniversary!"
New Baby,Nine months of sweat and nurture,"Nine months of sweat and nurture 

Nine months of that gain and pain 

But it's all worth when I saw you 

I forgot and I smiled in vain 

It's a feeling so awesome I can't describe 

A feeling that changes it all in life 

Having you in my arms and cuddling you 

Has changed me for better in due 

Thank you my baby for making me a mom 

Know that to you truly I belong 

To you I give my all in life 

You have made me a mom 

I am so proud of this fact along 

You made me complete my baby!"
New Baby,Description Of A Baby,"Beauty personified, innocence caged in a human form,

A sleeping baby is no less than the silence before the storm. 

Noisy as ever, with the chuckle of mischief and love,

This little moon newly born is purer than even a dove."
New Baby,I Promise To Love You,"The past nine months of sleepless nights had driven me insane,

But the sight of something so beautiful made me forget all the pain,


I feel like God for a moment to have created a life,

Out of my own flesh and blood, was made my darling child.


I promise to be the best parent to you my dear,

For losing you is the only thing now that I ever fear."
New Baby,Our Baby Is An Angel,"Our little baby is an angel from heaven sent by God to us,

He bent down to earth and saw that our family needed some love.

So God simply looked around and picked up his favorite angel. 

He made the halo disappear and so to the wings as well.

Then he sent this angel on earth, in the form of a baby,

The most mischievous angel ever, whom we love like crazy!"
New Baby,Looking at your baby,"Looking at your baby's face, 

You feel so nice, 

That you embrace, 

The little fingers to adore, 

Loving your baby to the core,

The feeling is awesome right?

So enjoy this time,

Congratulations!"
New Baby,A baby changes the way you look,"A baby changes the way you look at life 

A baby changes the way you look at things 

First it's you who matter the most 

And now it's your baby you love the most 

Some things change and it's for good 

This bond is rear and special touch wood

Baby changes the way you think 

Congrats that you are now a mother 

Of innocent baby and that smile 

Will melt you in time and while 

Congrats you are a mother of a child

Hope you have an amazing time in life 

Congrats once again!"
New Baby,The little bundle of joy,"The little bundle of joy, 

The sound of the sweet toy, 

Crying out of the blue 

Everything is so pleasant and new, 

Yes! Your baby has arrived, 

So, congrats to you!"
New Baby,Something just changes with,"Something just changes with the 

Birth of little one in life 

You are always in awe of that 

Wonderful and cuddly child 

Giving birth is the most awesome 

Experience you can say 

It makes your world so bright 

All the very and all the way 

Something just gets on to you 

It is a wonderful feeling and new 

Giving a birth to a little angel

Feel so blessed and feel so good 

It is the best thing of your life 

So experience this time 

Many congrats on birth of your child!"
New Baby,A baby changes your life,"A baby changes your life 

Makes your world so bright 

You bought a new light to my world 

Since the time you came in my life 

Can't get over this thought 

I know that I am the most sought 

So blessed to have you baby 

You have truly completed my life 

My baby girl I wish that you have 

A life full of happiness and smile 

So happy that you are now 

A part of my wonderful life!"
New Baby,I Will Fight For You,"It does not matter if you're a boy or a girl,

I will fight with the whole world to treat you well;


Your tiny little hands and your tender sweet lips,

Can't wait to see you my dear and feel your kiss;


My dear child the first time when you begin to speak, 

My heart will be at it's highest possible peak;


And if you ever fall and hurt yourself,

I will teach you how to get up and walk myself;


I will take care of you and make you grow nice and strong,

So that even when I am gone, you can live life long."
New Baby,Those little hands,"Those little feet and tiny hands,

It will take time to understand, 

Face like an angel sleeping so tight, 

Brightens the day and night, 

Congrats on birth of your baby doll,

Your life will take a turn and roll!"
New Baby,Cuddles and joy,"So many hugs and cuddles, 

A bright smile on the face,

Running from tip to toe, 

Difficult is this chase, 

So are you ready to play with your baby, 

Congrats on the arrival of your baby!"
New Baby,Its life when I know,"It is life when a tiny hand 

Clutches your hand and smile 

It's a feeling which is out of the world

It is a feeling so surreal 

Thank you my baby for coming in my life 

For completing me as a person

I can't thank you enough for happiness 

Can't thank you enough for the smile 

You are and will always be for me 

You are my happiness in every while 

I promise that I will love you 

Forever and ever in my life!"
New Baby,You are my baby I know,"You are my baby I know that 

I have given you a life 

I am proud to see you smile 

So happy to see you happy this way 

When your tiny feet sways along 

When your hands clap on the beat

I can sense that happiness within 

I can sense a whole new feeling 

It is wonderful how I see you each day 

Growing up bit by bit 

I am so blessed to have you in my life 

So blessed to hold you tight 

You will stay in my heart forever 

I love you my baby..My child!"
New Baby,Congrats to you,"Congrats to you as your baby has come, 

Blow the triumph and the drum, 

Spread the word of joy, 

Sound of the talking toy, 

Enjoy this phase of life as this time will not return, 

You are a mother now; it's your turn, 

Congrats to you!"
New Baby,Your little one,"Your little baby has arrived today, 

There is so much to do and play, 

With smile so bright and face so dear, 

So, spread the message loud and clear,

That your baby has arrived,

Congrats to you my dear!"
New Baby,The first time I took you,"The first time I took you in my hands 

Something moved me completely 

Like a new life I gave birth too 

It felt as if the world is new 

So happy that you have come in my life 

You have completed me in every sense 

You have made me a mom 

I am so blessed to have this feeling 

So happy that you are mine 

It is a feeling so pure and so divine 

Thanks for making me complete 

Thanks for making me a mom my sweet 

Little bundle of joy!"
New Baby,My Beautiful Angel,"Once upon a time I prayed to God for an angel,

To enter my life, to make it happy and joyful,


A few days ago that little angel popped in my womb

I knew my angel was more beautiful than even the moon.


The first time she kicked to make me feel her presence,

I wrapped my arms around my little excrescence


Today I gave birth to that little piece of love

She's a piece of my heart, who's purer than a dove.


The little angel in my arms is sweeter than a marshmallow,

And she is so beautiful even without a halo."
New Baby,I have spent nine months,"I have spent my nine months 

Realizing that you are special for me 

The kicks you used to give me 

Sometimes with that silent gestures 

I could feel a life within 

I could feel that wonderful feeling 

So blessed to take you in my hands today 

It's just a very special day 

When you are with me my baby 

I do not have words to express 

That it feels awesome to be a mom 

I am thankful to you my angel 

For coming along 

And making my life worthy 

Thank you so much for making me a mom!"
Funny,I am silly,"Hey! So what if I am silly,

So what if I am dumb,
 
It is better to stay this way
 
Then being a little numb,
 
Life is too good you know,
 
It will truly show,
 
You shade of things, 

Have a happy day!"
Funny,Saw a cat,"I saw a cat the other day ,

Lol I don't know what to say, 

The cat was looking very fat, 

I felt like giving it a pat, 

But, then she went away, 

I still don't have any words to say!"
Funny,The Free Three,"Now that I remember, let me

Tell you a story of a group of three.

Good friends they were,

Who enjoyed it all, if only it was for free.


Hung out with some, waved along to most, but failed to befriend any.

One blamed it on other, and they other on another, they never chipped in a penny.

Together always they came with a smile, and together they always walked 

When they hung out with some and waved along to most, the true reasons were never talked.


Day after day, and week after week, they came, cherished and smiled with glee 

Till one fine day, when everyone got robbed except for our 'free three'.

The streets were scanned and choppers were shot, but they bothered no clue,

And although one is dead, other hanged, I know the third is you."
Funny,The wind so fast,"The wind was blowing so fast, 

I really don't remember the cast, 

There were many people there, 

I am not lying I swear, 

I could not see anything there, 

I could not see or bear!"
Funny,A monkey on tree,"I saw a monkey sitting on the tree, 

He was having a banana up there, 

He was also singing a song, 

Now, you would say what's wrong,
 
So why are you reading this, 

I did not miss, so why do you miss!

Lol"
Funny,Life does not,"Life does not give a reason,
 
It takes test all the time,
 
In every other season,
 
Life is too boring you know,

It will never show 

It's stupid side to you,
 
Hope you stay in blessed few!"
Funny,A plan to surprise,"I have a plan to surprise my mom today, 

It's not like I do every day,  

I will say mom and she will get scared, 
 
As I did said and she got frightened in the bed,  

I said that I was joking with you,  

She said she would shout,  

And then she said get out!"
Funny,I lost my toy,"I think I lost my toy, 
 
I lost all the joy,  

Then mom came up to me,  

She said to me that see,  

I got your toy oh dear,  

It was lying so near, 

I also found my joy!"
Funny,Make something to eat,"I want to make something to eat,  

Something that would be tasty and treat, 
 
I then made a lovely cake,  

It took me some time to bake,  

But, then my brother ate the cake, 
 	
I hate him so much, why did he eat my cake!"
Funny,When it rains,"Rain is coming from so many days, 

Stop the rain a person says, 

But rain is not going through, 

I think I will get a screw, 

Then rain will go away, 

Then we all can sway!"
Funny,A little dog,"I had a little dog so cute,  

Sometimes he would speak so much, 
 
Sometimes he would go mute,  

Tom was the name of my cute dog,  
 
He was so lovely little dog,  

That he never used to bark!"
Funny,The fish was swimming,"The fish was swimming in the pool, 

And, I was watching like a fool,

The fish was swimming in the sea,

And I could very well see, 

The fish was diving in water, 

Now please don't hit me hard, 

Because I really don't bother!"
Funny,Life is short,"Life is too short my friend,
 
So, you just don't pretend 

Show off your teeth so white, 

Because you would look alright,
 
And with your funny face,
 
You would rest that grace,
 
Have a nice day!"
Funny,If I was a bird,"If I was a bird,  

I would fly in the sky, 
 
I would really go up there till the sky,  

But, I am not a bird,  

So, I like to cry  

Why can't I go up there in the sky?  

If I was a bird!"
Funny,Roses are red,"Roses might be red, 

Violets might be blue, 

This is so authentic, 

This is so true, 

But, what will I do, 

I really have no clue, LOL!"
Funny,The sky is high,"Look at the sky,
 
Why it is so blue,
 
Because the day feels so new,
 
And, you also have no clue,
 
That you are one in few,
 
That makes sense, no I know,
 
It was just a time pass to show,
 
That I am missing you!"
Funny,If We Can Change The World Someday,"If We can change the world someday,

This crumbling world of evil play.

We might start with the shameless good leaders,

Slap them all, the corruption breeders.



Then moving on, and thinking high,

We'll grant every honest soul with powers to fly.

No one would bother the traffics and hooters,

Flying around in peace, over the potential looters.



If we can change the world someday,

This crumbling world of evil play.


Then drifting on to the emotional side, 
Gifting all with a new pride, 
To start again in this reviving world,
So that equality strikes us at once, as things uncurl.


But most importantly, for the betterment of our new world, we dream,

We'll have to take the sinners out, and the measures shall be extreme.

But if we spare no mercy, and slay all those who greed,

I wonder who will form this new world, since to cheat is now a human need."
Funny,Mary had a lamb,"Mary had a little lamb, 

So what will I do? 

She also had a bear, 

So should I have a clue? 

Mary you do your own thing, 

And, let me do something new!"
Dreams,When you dream big,"When you dream big,
 
It lets you achieve even the impossible
 
It lets you achieve every thing
 
When you dream big 

You get a sense of things,

Which is absent in being,
 
When you dream big 

You achieve in life,
 
Dream big tonight!"
Dreams,It also feels so good,"Feels so good as the dreams look real 

But when I open my eyes 

Everything gets vanished from the sight 

I wanted to hold the dream for long 

I wanted to complete that song 

My dream which made me smile 

But, ended up in a while 

I hope that I can have the same dream tonight 

Dreams that are in sight!"
Dreams,When you dream,"When you dream, you also wish 

For things you don't have
 
For things you want to have 

Dreaming lets you see things in different light 

It makes your life a tad brighter,
 
Dreaming is life,

Dream big and you will win in life!"
Dreams,It is so good to hold on to dreams,"Its good to hold on to your dreams 

Its good to think ahead in time 

For your dreams can help you sail through 

In all your testing time 

A good hope of a life that you want to live
 
A hope that things will change with time
 
Dream big as you dream tonight 

It will be a pleasant sight 

Dream big my dear tonight!"
Dreams,I Had A Dream,"Last night I had a dream, 

I dreamt of rivers, I dreamt of streams,

I dreamt of the big blue sky,

I dreamt of the animals down and the birds flying high. 

I dreamt of a world where no one knew what was hate,

I dreamt of a time where nobody would curse their fate. 

I dreamt of people who's hearts were filled with love,

I dreamt of adults who's mind was pure as a dove. 

I dreamt of a day when no child would go hungry to bed,

I dreamt of a world where everyone would share their bread. 

I dreamt of a world of forgiveness and compassion, 

I dreamt that the world was a family & helping each other was their passion. 

I woke up in the morning to a world that my dream hardly knew, 

But then I jolted myself and promised that I gotta make this dream come true!  

No discussing brand new crushes,

No acting insane together, no arguments that are baseless. 

Life is definitely nothing without friends,

And that's why I never want this friendship to ever end."
Dreams,Some dreams are big,"Some dreams are big in life 

And some are pretty small for time 

But dreams just give a peace of mind 

Of things we just can't do 

Dreams take you to another world 

A world which is so new 

Dreams make me smile 

So what for a while 

Dreams are truly bliss!"
Dreams,The power of dreams,"Dream big and realize the power of dreams,

Dream big and make your own way,

Dream gives you a new hope,
 
It lets you have your say 

Dream big and be happy in life
 
Dream big and be a little wise,
 
That is the power of dreams!"
Dreams,The world of dreams is so pretty,"The world of dreams is so beautiful 

Where everything looks so wonderful 

Its the moment when you can live your life 

You can just be as you are 

The world of dreams can take you high
 
In that world high up the sky 

Dreams can be so wonderful
 
It leads your life to so colorful! 

Dreams the world tonight!"
Dreams,Dreaming Requires Courage,"Dreaming is not something that everyone can do,

It requires courage that is the trait of only a few. 

And even if the rest of the world laughs at you,

Just believe in yourself for dreams do come true. 

Dare to dream!"
Dreams,To dream is true,"The value of dream should be known

To someone who is deprived,

To someone who strives,

To achieve a goal of life 

The value of dream lets you be 

It lets you see, 

The whole new world of fantasy 

That is the value of dreams!"
Dreams,Dreams just let you be,"Dreams are real when you strive for it 

They take you to another world of fantasy 

Where things are pretty you can see 

Dreams can take you to another life 

Where you don't have to really strive 

Dreams so true when there is a feeling of pleasure 

You feel so good and you feel so new 

Its the dreams only for you!"
Dreams,A good old tomorrow to come,"As I dream about tomorrow where pretty thoughts in my mind 

There is something that I want 

As there is peace of different kind 

I don't want to leave this world 

I don't want to unwind 

For dreams just let me be 

For dream is my friend 

There is just no pretend!"
Dreams,My dreams have a special place,"My dreams have a special place for me 

My dreams take me to another world of fantasy 

Where things are just there to see 

Where in feel so glee 

My dreams let me the real me 

When there is nothing so fake 

Dream is all it takes to get where you want to be 

My dreams just let me be!"
Dreams,I know that it can't be true,"Dreams when I know can't be true 

Then also have some hope within 

Dreams I know will take away my pain 

For a moment or even for a sight 

Getting there to a pleasant night
 
When things I can do and want to 

Dreams can let me do what I wish to do 

Its me and my dreams tonight! 

For a night is going to be so bright!"
Dreams,When everything changes in life,"Things do change with time 

You have to go with the flow 

But one thing is in your hands 

The dreams of tonight 

When you are able to understand 

The life that you wanted to live 

And many things that you wanted to give 

Dreams can take you to another world of reality 

Dreams will stay with you all the way 

A place you can have your say!"
Dreams,The world that I care for,"Dreams are the world where I can be myself
 
I can choose to do my way 

I can just have my say 

My dreams reflect my personality 

My dreams are a refection of my life 

Another world of my destiny 

My dreams are there for me!"
Dreams,The Colors of My Dream,"Every night I dream about a VIOLET garden,

I dream about RED cheeky children. 

I dream about the big BLUE sky,

I dream about the WHITE clouds up high. 

I dream about INDIGO flowers and the GREEN grass,

I dream about VIOLET rivers and streams stretching out vast.

I dream about listening to PINK and PURPLE birds hum,

I dream about YELLOW and ORANGE big bright sun. 

I wish that when I wake up, I see a world just like that,

I wish to wake up to a world that is worth looking at."
Dreams,Dreaming away,"Don't waste your time dreaming away,
 
Have that power to say 

Make your dreams turn into reality,

It will make you happy in actuality, 

Dream big and soar high in life
 
Then you won't have to strive 

Dream and fulfill your desire 

You will get only higher!"
Dreams,A life where I can see,"I dream of a life where I can see 

All the things of fantasy  

Where I can find some peace of mind 

Where people are so very kind 

Where I can get what I want 

And I can be able to really flaunt 

The way I want to be in life 

Free of all the stress and strive! 

I dream of a life so good! 

May my dream turn to reality 

Touch wood!"
Dreams,Don't ever judge your dreams,"Don't ever your dreams die inside you 

Let your dreams truly speak for you 

Dreams can take you to another world 

Where things are just a few 

But when you know that they can be true 

Give your best shot for that 

For life can take a new turn 

And dreams can be true for you 

So, don't ever your dreams die inside you!"
Success,Think beyond your means in life,"Think beyond all means and get there 

You will get your own share 

The road of success is tough for sure 

But you must need to get assured 

If it's written in your destiny 

You will reach your way 

You will announce the world aloud 

And have your say 

Success is a difficult to catch 

For it's not an easy prey 

Hope and you will be there someday!"
Success,If you ever quit before trying,"If you quit before trying how will you reach your path 

There may be roadblocks on your way 

There may be difficulties at start 

But once you are determined in life 

You will happily strive 

For every roadblock will take you 

A one stop closer to your success in life 

So everything you do is worth the strive 

Success will reach you for sure 

If your means are so very pure!"
Success,Just Go For It,"Success eludes people,
 
Who don't try in life,

Success is achieved,

With the right hard work and strive,
 
Success comes easy to those who want it,

Eventually you will reach your destination,

Which will make your journey a hit!"
Success,Work hard and you will reach where you want,"Work hard and life will follow you 

Work your way out and through 

If success is what you want from life 

Then you also have to strive 

Your way would go and have a count 

You will get what you wanted and through 

All the way only success for you 

Keep that confidence going strong 

It does belong to you!"
Success,It is the way you look for things,"The courage to achieve will take you far 

A will to reach your goals for sure 

It's a journey which will teach you a lot 

The most of all the positive thoughts 

Success will motivate you to do better in life 

So, what if you are finding ways to survive 

Keep you hope and you will reach there 

The road of success is sweet and bare 

You will enjoy it through

Feeling all glee and new!"
Success,Success,"The more you run behind success,

The future it will run away from you. 

So work hard and smart, you'll come out of any mess. 

And success will show when you least expect it to."
Success,Give Your Best,"What is stopping you,
 
Think for a moment and decide,

It is important to surpass the tide,

To achieve what you want,

To be able to flaunt,

You need to keep the momentum going strong,

Then nothing ever can go wrong!"
Success,Smell Success,"Success will come easy,

To those who are determined,
 
To those who have a strong will,

If you have the required skill,

Nothing can stop you,

You will be successful in all your endeavours,

Success will come easy,

If you try hard,

Its all about making a new start!"
Success,You have the talent in you,"You have the talent then prove your point 

Show what you are capable of in life 

Why don't you just spread your wings and fly 

Why do you get scared of one try 

Use your potential and find your role

You will reach your goal 

You will love what you like to do 

You are among the blessed few 

So prove and reach success every way 

Go and have your say!"
Success,Its share of ups and downs,"Success has its share of ups and downs in life, 

But amidst all the struggle and strive, 

It makes you what you want to be 

It gives you many things to see 

Real success comes with being content, 

You know the worth of each penny spent,

All the best for your endeavors!"
Success,You have that drive in you,"You have that drive for passion 

You know your way to achieve the same 

You know the right way in moment 

A moment when you will make your name 

More brighter and more better in life 

A will to make it more than strive 

Have that confidence in you 

To go along the way and through 

To the road of success 

A road made for you!"
Success,You need a wisdom to find,"You need a little wisdom to find your path 

You need a little will to get where you want to 

You need some focus to find your role

Where is your end and there is a goal

You need a little courage to define yourself 

So that you get that success in life 

A success that makes you proud 

This just stands out of the crowd 

That is true success in life!"
Success,Often you will see yourself,"Often you will see yourself fall 

Often the path may be tough to you 

Often you will cry while reaching your way 

Often you will lose your only say 

But, once you reach your destination in life 

Forget about all your strive 

Coz success is as sweet as you can see 

Where you will find your happiness and glee 

So sweet is the success for you 

Found by only the few!"
Success,A Wish for Success,"Don't lose your strength
That will help you to achieve your goals,

Don't lose hope,

Even if it takes a toll,

You will be able to achieve success,

If you strive hard,
 
But, for that you need a right start!"
Success,I have never confessed it,"I have never ever confessed it to you 

That you are my life my sis and through 

I could not have imagined a day without you 

You have helped me to excel through 

You understand my problems 

You also act on it 

You give me the advice when I need it 

You are there like the pillar of my strength in life 

You are there when I need to strive 

Cant thank you enough for always being there 

And showing that you silently care 

I love you my sister,

Stay blessed in life!"
Success,It comes so easy,"Success comes easy to those who will, 

The task seems far

Too far the uphill,

But, if the spirit is there,

Anything can be achieved

Whether it is easy or rear 

Keep the hope alive 

And, you will find your way 

With some strive!"
Success,Know how to value things,"Know the value of time and you shall win 

Know what you really want from within 

For your wishes will take you closer to success 

Success that you desire and is yours 

For being successful, you shall smile

For your every way and every while 

See what reflects comes your way 

See what truly comes today 

Coz success is on the way 

And you shall see it soon!"
Success,Everyone wishes to have success,"Everyone wishes to chase success 

But it does not comes easy in life 

There is lot of hard work on the way 

And a whole lot of strive 

But if you are determined to get there 

There will be no looking back from there 

Success will follow you through 

Only in the days for you 

Success will be yours be assured 

If you keep chasing it through!"
Success,Real success is,"Real success is when you strive for what you want, 

When you have that guts to flaunt 

Not thinking about the world and wise,

When you can alone suffice, 

With your right will and determination, 

Where finally you reach your destination

Real success is hard to find

But it's one of a kind!"
Success,You know it all,"You know you can be successful,

If you have the guts in life,  

You know you can reach so far, 

If your look is towards the star 

You will reach your goal

If you know what is your role

So, all the best for the path

Destination is near, look at it!"
Success,It all starts with your mind,"It all starts with your mind 

The way you act on the situation 

The way you are able to take in your stride 

If you know that you are almost there 

Then there is a need to take care 

Success will come easy with your confidence 

It will show you the true power 

So set your goals and achieve them through 

The taste of success will be sweet and new 

Only for you!"
Success,It is not forever in life,"Success is not permanent in life, 

But, the path of achieving success is important, 

You learn something from it 

It changes you to bit, 

Success may come or may go, 

But, it will always show 

You the true colors of life 

All the best for your future!"
Success,The ray of hope to see in life,"The ray of hope that you can feel 

It is the ray, which will take you far 

Tap on the same and go with your heart 

That will be your bright start 

To achieve things that you want to 

To get that freedom from the blue 

Success is right there waiting for you 

So, embrace it with the feeling all new 

Success is written in your destiny 

You have to make a choice in few!"
Success,It's the final achievement for you,"It's the final achievement which matters 

And not the road that you take 

It's the name that lives all through your life 

The name you finally make 

You have the will to strive for it 

You will do you bit

The confidence and that grace

To win life's every race 

Yes you have it in you 

A potential that is so true 

For that success in life!"
Success,Dreams are for you to chase,"Dreams are free you must watch them 

If you wish for success in life 

Then dream big you will get there 

It is not about the way you dream 

It is about the courage to fulfill the same 

Go out there and make your name 

Have the will to get what you want 

So that you can flaunt 

Your success in your life!"
Success,There are many things,"There are many things you would experience in

The struggle of success, 

Depression, worry and fear, 

But, once your destination is near 

You forget everything on your mind 

That is true success which is one of a kind 

Great yet addictive 

All the best for your future!"
Inspiring,A smile can melt any one,"A smile can just change the world for you 

A smile can change the things so new 

One smile can melt any heart 

It can help you get that perfect start 

A smile can change the way you see 

It can give you space and that glee 

A smile can define your life 

It can easily help you out of strive 

A smile has the power to change your life 

Smile all along and curve that straight line 

A smile is intoxicating as the wine."
Inspiring,I do not take it,"I do not take failure easily in life 

It teaches me the lesson to strive 

I will give the best in things I do 

I know that I have that strength in blue 

Things may go wrong all the way 

Whether or not I lose my say 

My focus will always be strong 

I have that confidence to carry along 

I take my life to be what I am 

It's the position where I wish to stand 

I do not take failure easily in life."
Inspiring,One effort of yours,"One effort of yours can do wonders for you

If you make an effort, you can excel through 

You have that confidence then use it through 

Your effort can make you rise above all 

And even help you to stand so tall 

An effort that can help the way you change 

It will help you to do what you really love 

Don't lose the scope to do things

An effort can also be your saving grace 

It makes a difference on how you face 

The things to come in life!"
Inspiring,If you find that love,"If you find that love then follow your heart 

That love will be purest from start 

If you find true friendship then stick to it 

You will enjoy that friendship in every bit 

If you find solace and peace of mind

Enjoy your time being all kind 

Life gives you not many ways to enjoy 

Do things where you will find the joy 

Enjoy every moment of life!"
Inspiring,If you believe in yourself,"If you believe in yourself you will reach high 

You will have that hope to touch the sky 

For self-belief will take you a long way 

It will help you to have your say 

Your belief can only help you to reach for the star 

And you will reach very far 

So believe that you are truly the best 

Yes you are best in your every test 

So, believe that you can excel through 

In your every way of life and through 

Have that belief in you!"
Inspiring,Road to life and more,"You can take the road less traveled 

And go on the way you want to go 

There will be reasons you have to find 

As nothing easily goes with flow

You need to learn to find your own way 

And upon reaching there, do have a say 

Coz you live only one life to fullest 

So make the most of it come what may 

Lead a good life and have your way!"
Inspiring,Listen to your heart,"Listen to your heart you will get all the answers 

Listen to what your mind has to say 

Don't follow the crowd or thousand people 

You have the will to make your way 

Make it happen and make it big 	

Life will take a turn that way 

You will feel happy in the process to be 

Don't dwell in the past my friend 

That is gone..No need to pretend 

Look forward you will find a new life 

Where there will be only happiness and no strive

Listen to your heart and mind!"
Inspiring,Life is not the same,"Life is not the same all the time 

There is sorrow and there is gloom 

There is happiness and smile too 

You just have to balance your life 

Things that make you pleasant too 

You have to strike a balance 

So that you stay happy in life 

It's not so difficult with your will 

Just have that power to strive 

Life is wonderful and beautiful 

It's just a matter of time 

Stay happy and find a way 

You will surely have a good day 

Keep smiling all the way!"
Inspiring,Do not feel so sad,"Do not feel sad if things do not 

Happen your way,

You always have another chance in 

Life and you have a day.

Prove yourself that you are the best 

Life will reach you in every test 

If you give you, you will lose 

This game of life, 

Your will power will let you strive 

Things that matter forever in time 

Things that change for sure 

Do not feel sad as your life 

Will be wonderful one day 

You will surely have your say 

So have that loving smile today!"
Inspiring,In this world full of,"In this world full of sadness 

You need a reason to smile 

In this world full of chaos

You need to stay happy a while 

You live once so why waste your time 

On things that have no meaning in life 

Just sit one moment and think 

What's the need of this struggle and strive 

If you are not happy from within 

If you think you are wasting your time 

So change the way you live and smile

Coz that way you will stay happy every while 

Just a broad smile!"
Inspiring,It's all within you,"It's all within you and you need to follow your heart 

It's all within you right from the start 

The passion and that chase 

That feeling of going over the stage 

If you make an effort, you will be able to achieve

If you make a effort you will reach 

Depends on your thinking and way in life 

Depends on how much you strive 

To reach there and that place!"
Inspiring,Dream of a better life,"Don't dream of a better tomorrow 

You will keep your present at bay, 

Live for the moment and have a positive say 

You are the best say it today 

Do what you feel and feel that today 

Not like any other day 

Feel like today!"
Inspiring,No one is perfect in life,"Whose perfect in his life?

Yes, no one is really perfect 

So if you think you are too small 

Then your thinking is very wrong 

Each person is special in life 

Each person is beautiful from inside 

God has created such a wonderful life 

So why think about people 

Who bring you down and 

Make you feel so bad about you 	

Look in the mirror and you will 

Know that you are the best in 

Whatever you do, 

Smile because you are beautiful!

Smile as life is wonderful!"
Inspiring,Its a part of your life,"Failures are part of life you must know 

You can't always win in your life 

But if you leave that honest strive 

You won't be able to reach your path

Have faith, as things will change 

You may be feeling down today 

But that won't be the case everyday 

Coz life will change for good 

So just, stick to your gut feeling 

And you will be there soon!"
Inspiring,Keep that spirit going,"You just have to keep that spirit 

And wait for the right time to come 

Things will be better with time 

Things will get on with light 

What do you fear today? 

Of things that happened yesterday 

Take each day with that smile 

Stay happy all the way and while 

Think about all the lovely moments

That will surely change your life 

Do not worry about things 

That do not matter in life 

Just stay happy and have that smile!"
Inspiring,There is sunlight everywhere,"There is sunlight on your window 

Then why do you always see the dark 

There is so much to see around 

Why can't you see that spark? 

Life will be tough for you 	

Life will also give you a clue 

Think about things that make a difference 

Your life will be as wonderful as you are 

Just like the lovely shining star 

Smile because you have a reason 

To be happy you don't need a season 

For life is as wonderful as you see 

Life is really great for you 

Have that smile and love too!"
Inspiring,Turn down a bit,"Things may turn down a bit, 

But that may not be the end

Just hang on as best will come 

Just be there to see a change 

Don't feel radical or strange 

As you deserve the best in life 

Just be there!"
Inspiring,You have a purpose in life,"You have a purpose of life you need to find 

You know that you are confident and kind 

What are you waiting for and for whom 

Show that you are a flower..You can bloom 

Show that you have that potential within 

Show that you can do what you know 

You will have that feeling to show 

You are the one and you should be proud 

You can also stand out of the crowd 

And prove yourself in the game of life 

With your hard work, talent and strive."
Inspiring,Look at the side,"Look at the brightness not the sun

Look at the shine not the moon

Look at the shade of the tree 

Look at the destination and not the way
 
Just go ahead and have your way 

Make your own way!"
Inspiring,You are not yet down,"You are not yet down in life 

There are miles before you give up 

You have the will to face anything that comes your way 

So please never give up 

Life will teach a new lesson each day 

And things might be difficult to say 

But if you know that you will crack it all 

You will be able to stand so tall 

So be there and do that as you have in you 

You will find many things on the other side of life 

So pleasant and new 

So never ever give up!"
Inspiring,Think how I know it all,"Think how you can rise above the rest 

Think how you can pass every test 

Think and you will find your role 

Where there is passion in life 

There is also a definite goal 

Think and act when things are fine

You will focus on things that are prime

Ways are different and means are there 

So go out there and bear 

Don't hold back on things you like 

Coz it's your way and it's your life 

Rise above the rest!"
Inspiring,Its a long way to go,"It's a long way to go and you must know 

That you will face many roadblocks in the way 

But if you quit then you would lose your say 

So do what you really want 

So that you will have a way to flaunt 

Things would be all clear in your mind 

There will not be any stress of any kind

You need to look far from sight 

So that things would be more bright

Its a long way my friend 

So find your true way and smile 

You will be happy in every while!"
Inspiring,If you don't lose hope,"If you don't lose hope you will find your way 

If you don't lose hope you will have your say 

For that one hope in your heart matters a lot 

It keeps you going all the way 

And also gives you a positive thought 

One hope and you will get what you deserve 

So don't lose your hope and stay positive 

And things will be in your favor and you might achieve

Don't ever lose hope in life 

It will help you a lot to strive!"
Inspiring,Just let go of past,"Just let go of the past as it's gone 

You live in present so think about today 

Time will not leave your side anyway 

When you go with time, it will value you more 

Think about your future and set your goal 

Once you are too sure of your role

Nothing can stop you to chase along your dream 

Nothing will go against you or your dream 

Your actions are based on now and time to come 

So have fun today and you will be the one 

Who will stay content in life 

Just let go of your past!"
Inspiring,The road to destiny,"The road of opportunities is on your way 

Have that determination to find it your way 

Strive hard and you will get there one day 

Don't lose hope coz things will be fine 

You will reach there one day and shine 

Time and tide waits for no one

Get along and do what really inspires you 

You will get along the clue 

Things that are meant will come your way 

And you will achieve come what may 

So have that will in you 

Coz life is a journey so new!"
Inspiring,The light at the end,"The light at the end of every dark way 

Shows you that brighten will be the day 

You will be able to chase your dream so big 

And you will have such a joyful day 

When things will favor you and you will have a good time 

So, don't lose faith because you will shine

Just keep your spirit as it is

Coz that will help you to excel through 

Keep your hope alive and through 

And you smile will help to inspire you 

Have a good day 

Coz today is your day!"
Inspiring,You have got to see,"You have got to see the bad in order to see the good 

You have got to understand the things that come your way 

Not every day is same my friend 

There is no ray of happiness or pretend 

Until you have that in mind 

Days when you get all through 

An days when you get to unwind 

Feel the air and it will be your day 

You will easily find your own way 

Why don't you open your arms to change 

Things are easy not so strange 

To keep the hope alive my dear!"
Inspiring,Things may not look so good,"Things may not so look so bright 

But you have to give your best in spite 

For after every struggle you will find that light 

And things may just turn aright 

Struggle only lets you taste the sweetness of success in life 

Without the struggle and that strive 

You will not know what is actually your life 

So do it all with a smile 

And you will stay all good and happy a while 

Keep the things in all your mind 

You will actually find 

Your way in time!"
Inspiring,Life is not so smooth,"Life is not always smooth you know 

Things something gets worse to show 

But if you can surpass that tide 

You don't just need to hide 

For it will be your way then and your light 

Pretty will be every sight 

You will find every reason to smile 

Not once but every while 

So stay happy coz that is the way 

Just feel awesome all the way 

You can do that!"
Inspiring,Be honest you can,"Be honest and you can achieve your goal 

Do your duty to know your role 

If you take the easy way out 

Then you can just get lost in the crowd 

If you take the tough way 

Then you can have your say 

Coz life does not give you a reason 

You need to find the same

In this world full of people 

Its hard to make your name 

So, do your best that you can 

In life's every way and test 

Do good and you can do it!"
Inspiring,May not be the same,"Things may not be so smooth now, 

But, don't focus on when and how, 

Rather focus on things to come, 

You would be able to achieve it all 

Just need to get along and 

You need to stand tall

In spite all the fall!"
Inspiring,You just have to smile,"You just have to smile 

To pass through this tough time 

Smile your way out and you 

Will find a way in your life 

Smile your way out and you 

Will pave your way through strive 

Situations may be tough for you
 
Life will not be easy through 

With your smile you can 

Go through, anything that 

Come your way my dear 

Smile through this tough time 

Wait for that good cheer 

Because your life will change for sure!"
Inspiring,Things go wrong,"Things may go wrong, 

You have to be strong, 

Things may turn bad, 

But please don't be sad 

Have the courage from within

Because you can do everything!"
Inspiring,Forget everything in life,"Forget everything that made you a little sad 

Forget things that had a feeling so bad 

Smile as its another bright new day 

Smile as you will find happiness all the way 

Life cannot be judged by one thing 

It's the feeling of joy that makes you sing 

If you are happy, you will make others happy around 

It's your role that will make a difference in surround 

Forget things that caused the hurt 

For life will take a good turn 

Just believe in yourself."
Inspiring,Move forward in life,"Start upward and then move ahead 

You will go where you want to in life 

If you look down you will have to repent 

For looking upward means, you are positive in life 

And downward means struggle and strive 

Choose your own path and find your way 

You will also have your say 

Move ahead and things will be fine

That is why we call it life!"
Inspiring,If you have the will,"If you have the will to achieve, 

Why don't you go ahead. 

If you have the dare to go,

Why don't you really show 

That you are the best 

Than all the other rest!"
Inspiring,If you think that you can,"If you think that you can in life 

Then you are truly right 

The way you do things in life 

Reflect the life choices you make 

The way you do things in life 

Makes you what you really are 

Forget whatever happened in life 

Forget what you are going through 

For there is light after darkness

That is only wise and true 

You will shine in the dark 

You have that glowing spark 

Which will make you different 

From others..so smile 

All through..And feel happy too!"
Inspiring,Things that change in life,"Things change with time and reasons leave 

Things get prolonged in every bit 

If you have to patience to surpass the test 

You will reach that awesome fest 

Where you will smile and break all though 

Where you will get only the new 

So hang on there and smile 

This is just for a while!"
Inspiring,Standing On The Shore,"Standing on the shore,

Nothing you can achieve.

Doers jump in the sea,

For the pearls they wish to reap.

Deep the sea, deeper is the struggle,

Deep is the struggle, deeper is the gain.

Bigger the challenge, lesser the doers,

Being a doer, you can be a winner.

Those who keep far,

From challenges and work.

Winners they never are,

Doing nothing they always lurk

When you have the courage,

When you possess the zest.

Your destiny will turn,

Passing every test. 

To a future you make with your hands,

Being the designer of your destiny.

Holding the time like gravels of sand,

Can never be of any use.

As time has to pass and,

You are to choose,

To put efforts all that you can,

Or to lose.

So get up and have,

Faith in yourself.

As you are the only one,

To fight for your glee.

Since,

Standing on the shore,

Least you can achieve.

Doers jump in the sea,"
Inspiring,Laugh as much as you can in life,"Laugh as this may be the day to remember 

Smile when you see someone on your way 

Every moment that you live in life 

And every moment makes it special for today 

Coz today is the day to be

Its for you to believe and see 

That life is good and life is easy 

So don't complicate things in life 

Don't be what you don't want to be 

Life is simple and easy!"
Inspiring,Times have changed a lot,"Times have changed but the reasons are the same 

When you smile at someone 

You will receive the same kind of affection in return 

It's really a happy time and fun 

When you see someone, you love 

Express it don't hold back 

Life is to be lived that way 

Things that matter in track 

Do what you like to do the most 

And often raise the toast 

To all the happiness you have!"
Inspiring,You cannot change things,"You cannot change the world with your power 

But yes you can with your will 

Smile and make someone happy today 

Do something to have some fun 

Time won't come back you must know 

This is the only moment to show 

That you live your life with zest 

And you will also know for sure 

That things are the way they should be 

Do what you wish to do 

And you shall see

Life is pretty!"
Inspiring,Never Give Up,"Giving up is the sign of the weak hearted soul,

Such a person will never be able to reach his goal. 

Believe in yourself, you will come up with flying colors,

Like a warrior you will shine even in a dark, stormy weather."
Inspiring,Your life is given once,"Your life is given once so make the most it 

Do the impossible in every bit 

A challenge each day will prove you right 

You will feel so good and all right 

Be happy and you will reach there 

It's all about your passion 

Stay there and do what you love to do 

You will reach your way and through!"
Inspiring,Happiness and sorrows will go,"Sorrows and happiness go along the way 

You can't have a middle way 

Face your sorrows with acceptance and smile 

Because they are going to stay for a while 

Hold on to happiness coz that matters a lot 

It will remain in the most pedant thought 

It's a feeling that goes all along the life 

Whenever you find reasons or you strive 

Stay happy and go with the flow of life 

Coz that will make things good for you."
Inspiring,Work Harder,"When you want something really bad,

& when not having in your life makes you sad,

Maybe it is time you work a little harder,

only then will be be able to climb up the ladder. 

Nothing in life comes to us easily, 

We all have to give fortune a little squeeze.

But when you do, luck will surely shine up bright,

And you will never have to see a dark night."
Inspiring,Hope is a word in life,"Hope is one word that can take you to places 

Hope lets you win in loss

Hope lets you smile when you are sad 

Hope helps you to struggle in the bad 

Hope lets you do what you like 

Hope is the word that does not deprive 

Don't lose hope and always do what you like 

Coz that will give you a strength to strive 

Do what you like and be there 

You will know who will care!"
Inspiring,Like no other,"Like every brave soul, you too may not always succeed,

but never cease your crusades to earn it.


Like every beautiful star, you too may not dazzle eternal,

but when you do shine like you mean it.


Like most wonder hearts, you too shall pump till peace,

so live every moment like you reign it.


But unlike others, no matter what happens tomorrow,

always smile, and smile like you mean it."
Inspiring,Roadblock will teach you,"Roadblocks teach you so much in life 

That your way is never easy 

Roadblocks teach you that 

You have to struggle your way 

To get where you want to 

If you see this in a positive light 

Things will be easier for you 

That happiness after you achieve 

Will make you smile so big 

Roadblock is a temporary thing 

Happiness is always permanent 

Embrace it with all your might 

Its a wonderful life..Feel so bright!"
Inspiring,You have to work so hard,"You have to work hard to achieve your goals 

But that is your only role 

For hard work will make you realize

The importance of life and time 

Don't fret if situation is tough 

Life can be a lot more rough 

If you have a loving smile on your face 

Everything will be well for you 

Strive hard and you will be there 

You will have a way out in life 

In spite of all the things in strive 

You will have a wonderful life 

Strive and you shall see 

Things that would make to be 

For its indeed a wonderful life!"
Inspiring,every step that you take n life,"Every step that you take in life 

Takes you closer to your dream 

Don't lose hope and reach where you want 

You will be able to flaunt 

The things that you wish to see 

The things that are left to be 

If the hope is strong in life 

You will have the will to strive 

So move ahead in your pace 

For you will win every race!"
Encouragement,Make a bucket list,"Make a bucket list of things you want to do 

Tick each thing as you will feel all new 

You just have one life to live my dear 

So why don't you smile and spread the cheer 

Do what you feel an feel what you do 

Coz that way you will remain happy through 

Just go with the flow and do 

Things that you love to do 

Start from today and don't wait for tomorrow to come

The fun the life has begun!"
Encouragement,When you know that you can do,"Make a quick bucket list in life 

When you can tick many things you do 

Many things you wished for 

And any things that are new 

For a bucket list will help you 

In leading a life that you wanted to 

So start from today and smile 

By going through that extra mile

Make a quick bucket list for you!"
Encouragement,When The Rain From Heaven,"When the rain from heaven is pouring down, 

And the rays of the sun are breaking through the cloud.  

The birds are singing out loud, 

While the rainbow appears and spreads all around.  

They are throwing colors for you, 

Asking you to continue.  

Giving up is something everyone can do,
But fighting back requires courage possessed by only a few.  

Be one of those few warriors and fight back by dear, 

Fight to achieve your dreams, fight for success is near!"
Encouragement,Its easy to do that way,"Its easy to listen to voice of your soul 

It lets you know of your role

Difficult to accept the challenge in life 

The real reason and strength to strive 

Have the confidence to face anything 

So that you can also sing 

The lovely song and the lyrics so sweet 

When you can have a reason to greet 

So listen to your heart 

For that great start!"
Encouragement,Often it may happen to you,"Often it may happen with you 

Often you may be loss of clue

But things do change as they are meant to 

So you also change your direction 

Find a way that you want to 

Have that positive frame of mind 

Reflect on things that you need to do 

Be all good and all kind! 

That is life which is your way! 

Move ahead to have your say! 

Make your life's own little way!"
Encouragement,When Failure Is Putting Your Patience To The Test,"At times when failure is putting your patience to the test,

Dare to give your fears and doubts some rest. 

At times when criticisms are pulling you down bit by bit,

Use them positively, but promise that you won't quit. 

Learn from the past, and go ahead with your journey,

Just focus on your path and chuck out all your worries. 

And success with come to you gradually, 

You will get all that you have always fancied."
Encouragement,A strong will,"If you have a strong will, 

You will surpass the storm, 

You just need to be patient, 

You just need to be strong, 

Stay focused and reach your goal,
 
Be honest and play your role!

Stay strong!"
Encouragement,Life is not easy,"Agreed, there are many twists and turns in life, 

Sometimes you rise and other time you have to strive,
 
But, life gives a fair chance to have your say, 

It lets you walk your own way, 

It's up to you to choose the right path, 

To walk till the end by choosing a start!"
Encouragement,You have that will in your life,"You have that ability to go so far 

Then why do you limit your mind 

Don't think ahead of the situations 

And don't think ahead of time 

You know that you will survive 

You know that you are so wise 

So have that will to go so far 

And you will shine bright like the star 

Have that in you..Things you want and few!"
Encouragement,Life puts you down,"Life puts you down to ashes, 

You really don't know what to do,
 
But, instead of sitting and crying, 

Go ahead and find something new, 

Don't just sit there cribbing about life, 

Coz when you give your hundred percent, 

You will definitely survive!"
Encouragement,You know it well deep down,"Deep down you may know that you can do 

Deep down you must trust your heart 

You will know that when the time is 

To make that one pleasant and awesome start 

Trust your guts and move ahead 

Things will change for you with time 

You will get what is right for you 

Things that are truly destined 

The confidence will take you a long way 

And you will have the most amazing day 

Deep down have that courage my friend!"
Encouragement,Are you ready for it,"Carry on in life with your will 

You have the power to excel through 

Life will pave you with hard times 

And sometimes you can't climb 

But the ladder of success is on your way 

You just need to have your say 

Life will be easy for you with your will 

And you will get that adrenaline and thrill 

So carry on and keep going!"
Encouragement,You have that spirit,"You have that spirit to move ahead 

You have that spirit to fight 

So you need to move ahead 

And go there with all your might 

Things will change for sure 

You may have to do things alike

But life is not always the same 

So do stop the blame 

And move ahead in life!"
Encouragement,Feeling all good will make you,"Feeling low does not make you a weak person 

Crying does not make you fragile 

It shows that you have moved ahead 

Of all the problems that came a while 

It shows that your focus is now even strong 

And you will stand to where you belong 

You have the guts to prove everyone wrong 

Be as you want to be in life 

A true test and reason for you to survive 

My friend that is another name for life 

Living is not easy you have to strive 

So smile and strive!"
Encouragement,People may walk away,"People may walk away 

Its their nature to do the same 

But don't indulge in unnecessary blame 

Live your life your life is yours 

No one would live it for you 

Do what you think is right 

Even when there is support to few 

When your heart is right you will win

So don't think about the answer 

When you know you are right 

Life will be bright!"
Encouragement,If you dream so big in life,"If you dream big and make a way 

Achieving your dreams is must for you 

Life is truly short you would know 

Of all the things that you would find 

Be all pleasant and be all kind 

Your dream will chase your passion 

And passion will get you results on time 

Be happy and smile my friend 

You will get what is destined 

So do not leave your dreams behind 

Chase them and you shall find 

The meaning of life!"
Encouragement,Just let go of things,"You should let go of things of past 

The times when you were so last 

Let go of your inhibitions in life 

There is a new struggle each day and strive 

If you know your goal is near 

Then why do your ever have to fear 

Life will not be same each day 

So go ahead and have your say! 

Because today is truly a new day!"
Encouragement,You cannot change your destiny,"You cannot change your destiny for things 

You cannot change what is wrong 

But you can find solutions for problems 

That would make you so strong 

Strong enough to know that you are right 

Strong enough to reduce your fright 

Strong enough to make your life bright 

And work on things to make alright 

Be strong and things will be just fine 

That is like a true sign 

Of being what you want to be in life!"
Encouragement,When you dream big in your life,"When you dream big in life, 

Don't think of all the blocks that will come 

Your mind will accept the reality 

The things that will become 

You will have to go that extra mile 

To achieve what you want in life 

But you can do that with confidence 

And your pretty smile!

When you dream big in life

You have to dream big!"
Encouragement,Take a stand,"You need to stand for yourself in life,

You need to work hard and strive, 

Friends and family will help you,

But to some extent, 

For every hour and time spent, 

You will learn something new, 

Don't feel alone, 

Coz you are one in few!"
Encouragement,Never get low in your life,"You can never get low in life 

If you have the will to strive 

If you think you have the hope 

Then things will get better for you 

You just need to give your best shot 

And wait for things to come to you 

If you have the will you can 

You think it to be true 

If you have the will in you!"
Encouragement,Situations will change,"Situations will throw you out of gear,  

You will then feel bad,

But, life has to move on dear, 

You can really feel sad, 

Get going to make your way, 

Go ahead and have your say, 

Do what you really believe in!"
Encouragement,Get what you want to,"Get what you want in life and never look back 

For life will give you a new chance each day 

It will make you have your say 

Life will give you many opportunities per say 

You have to go ahead to find your way 

If you have the confidence then you may be able to 

Look beyond all the imperfections 

That is true life for you!"
Encouragement,Your mind may tell you to,"Your mind may tell you to stop 

But its important to listen to your heart 

You can make that perfect start

With the blend of both mind and heart 

Don't think what will happen 

Don't think to try the new 

Think you are blessed in life 

You are one in few! 

You will reach your goal for sure!"
Encouragement,Never ever quit,"Never quit because the road is near, 

Get rid of your inhibitions and fear, 

Never quit as you can see your way 

You will reach there be certain, 

You can do what you are really capable of, 

Reach your destination and you shall win thereof,
 
So never ever quit!"
Encouragement,I know that to where you,"I know to where I belong 

But I lose my day in between 

I know where I am heading too 

But I lose my direction 

I know that I have the potential 

To go ahead and excel through 

So would like to make new plans 

So that things remain and new! 

I will leave a mark for sure!"
Encouragement,When Troubles Try To Scare You,"When troubles try to scare you off on the way,

Show it that you are stronger than you may portray.

Don't worry whether you will pass or fail,

Whatever happens through it you will surely sail.

Tell yourself that soon will rise the sun,

Believe in yourself and fight, 

even when others tell you to run."
Encouragement,You need to count your blessings,"You need to count your blessings in life 

Don't always see your pain 

Pay heed to what you got in life 

And not only the gain 

For you will see the things you want to see

And you will feel alright 

It will make a difference in your life 

When things will be all bright 

You need to count your blessings in life 

And leave behind the pain!"
Encouragement,When Things Don't Go Your Way,"When things don't go your way,

And when sadness starts to dominate your fate. 

Don't lose hope and get discouraged, 

You gotta fight back and promise to be brave. 

Such days are to put you to the test by catching you without a clue,

Success will come your way, when you least expect it to."
Encouragement,Open your heart,"When you open your heart,

You can see the beauty of life,

When you open your mind, 

You can very well suffice, 

When you open your eyes, 

You can see the stars, 

Shining so bright, 

So see the positive side of life, 

And you will really feel fine!"
Hope,Somewhere sometimes,"Somewhere sometimes in this chaos of life 

When you feel so down and low 

When things don't move as you expect 

When everything seems so slow 

That is the time when you can hope 

That is the time when you can know 

Things that may be fine for you 

And life will surely glow 

Just keep your hope going strong 

You will surely know where you belong 

Keep your hope as it is in life 

That makes you a bit more wise!

The hope in your heart in life!"
Hope,Somewhere Along The Stony Way,"Somewhere along the stony way,

Lies a hidden hope of yesterday. 

You probably never noticed it in the past,

But they are joys forever to last. 

They will show up when you least expect them to,

And they will reward you with bliss experienced

by only a fortunate few."
Hope,Hope is that you will carry,"Hope is that will to carry on 

When you are down and out in life 

Hope is that flame that burns 

When there is darkness all around 

Hope is that smile, which brightens,

Even a dull day in your life 

Hope is that dream which you can fulfill

When you are ready to strive 

Hope is that freedom when you are caged 

That you will find a way in life 

So do not lose hope in life 

As that is the only way to life 

Just keep your hope alive!"
Hope,Do Not Lose Hope,"Do not lose the hope in your heart even on days when success seem far,

Even when all the doors are close, check for windows that are left ajar. 

For my dear friend success is actually failure turned inside-out, 

Remember this, whenever you find yourself discouraged or in doubt."
Hope,If you hope,"If you hope there won't be fear, 

If you hope, there won't be tears,

Hope is a word that believes us to do things, 

Hope is a word that propels everything,

Hope keeps us going till the end, 

Hope gives us the inner strength!"
Hope,Think good,"Think positive as road will not end here, 

There are many roads still to come, 

If you can stay positive this way, 

Then you will be the number one, 

Don't leave hope in your life, 

That's the only thing that make us strive, 

Stay as you are!"
Hope,Life is not always the same,"Life is not always the same 

We are just here to blame 

Things go wrong and we do cry 

When we give up and don't even try 

There is a word that gives you power 

It takes you to a different level of life 

Hope is a word that helps you in life 

Hope is a word that helps you to strive 

So keep hoping and you will reach 

Your destination and your goal 

Keep hoping and you will know 

The test of life and your role 

Just keep hoping in life!"
Hope,In the darkness,"Seldom in the darkness, 

You see a ray of light, 

Seldom in your stress of life, 

You see a day so bright, 

But when you keep hoping, 

Everything becomes alright, 

So don't leave your hope!"
Hope,Sadness will surpass the pain,"Sadness will surpass your pain one day 

You will surely find your light and way 

Sorrow does not stay forever in life 

Nor is the time to strive 

But tomorrow you will get what was deprived

Don't feel sad and hope for best 

Think that best is yet to come 

Think about the memories that you have spent 

And that too all in the sun 

Think about the times you have had 

Forget being lonely and be all glad 

Your hope will take you a long way 

Where you shall find only happiness and gay 

So be hopeful all the way!"
Hope,Life is not the same my friend,"Life is certainly not the bed of rose 

There are thorns all over the place 

The real test lies within you 

If you leave your grace

Time shall heal everything 

And life will move on 

Only if you remain strong 

And don't leave the hope which is gone

Struggle is there but there are smiles 

For you in life and every while

Life will give you a new way 

When you don't leave hope and have your say

Believe and you shall cross the fence 

Positive shall be your every tense,

Just keep your hope going!"
Hope,So What..,"So what if today's opportunities are gone,

Ahead lies golden fortune ready to be dawned. 

Even if your hard days seem too long, 

Always remember hope is always there 

to sing you a beautiful song."
Hope,Hope is strong,"Hope for the best coz that is the thing which makes you go,

Don't lose hope and you will score, 

After every hour of darkness in life, 

You need hope to survive, 

Don't lose your confidence in any case, 

Have the will to run the race, 

Be hopeful!"
Hope,Life teaches us,"Life often teaches us new lessons each day, 

Some are sweet and some are bitter that way, 

But, we need to keep going with our gut feeling, 

There is so escape or reeling, 

If hope is alive then we will stay strong, 

Then life would be like an awesome song!"
Hope,Moving on is the only way,"Moving on is the way to lead life 

Letting go of things is a reason 

Why you need many new things 

Why we have that craving in life 

When you feel so down and out 

Don't lose your way in the crowd

Remember there are other things 

That let you be how you really are 

You will have a reason enough 

To shine bright like the star 

Just keep your hope and you will see

The things that will remain in be 

Be more hopeful in your life!"
Hope,I do not know how I will,"I do not know how I survive

With so much stress in my life 

But when I take a break 

I see word that changes it all 

Because of that word, I stay so tall 

That is hope that I have 

This never lets me break my heart 

So hope changes it all 

Hope is the way of life 

Nothing can be compared with it 

It's a reason for it all 

Keep your hope alive!"
Hope,When there is a new dawn,"When the dawn is dark, you have to wait for sunlight 

To make your world so happy and bright 

Darkness does not stay for a long time 

What happens is always destined 

If you think that sorrow always makes a way 

Then you don't lose your only say 

If your hope is strong, you will win 

Everything will fall in place for you 

Trust and hope should go along with you 

In your journey of life all new 

Just be hopeful and you shall get 

You will easily win life's every bit, 

Be hopeful all the way!"
Hope,If there is no hope in life,"Life is full of roadblocks 

And it's difficult to tackle all 

If you have the force within 

Then you can also stand tall 

Tall so that you can ace the world so bright 

If you have the guts then go beyond the right 

Hope helps when nothing is left 

The word hope dwells in all the deft 

It frees your troubles and give you a scope in life 

With hope you can also strive 

Don't lose it as you need it the most 

Hope is the word that saves you 

Makes the journey of life 

So pretty and so new,

Don't leave hope!"
Hope,I just hope,"I hope that you find a reason to smile, 

I hope you stay happy all the while, 

Don't lose hope as things would change soon, 

Don't give up to your pain, 

If you don't lose hope, 

Things will be fine, 

Everything will fall into place on time!"
Hope,There is always one light in life,"Whenever there is no ray of hope 

You have to think positive that time 

If you don't hope things really 

Won't ever be so fine 

Hope gets you out of the bad 

Makes you happy when you are sad 

Hope gets you out of the pain 

It gives that pleasure in the gain

Hope makes you what you want 

Don't lose hope ever in life 

One day you will get what you were deprived,

So never lose your hope in life!"
Hope,Keep the hope,"When situations are just not right, 

When everything does not seem to be bright, 

When you feel the fright, 

There is one word that keeps you going, 

Its hope, because it makes you strong,

It gives you the solution to the wrong, 

So keep the hope alive!"
Hope,If you keep that hope,"If you keep that hope in your heart 

You will get through a perfect start 

Hope takes you far away 

It lets you be who you want to be 

Hope gives you a positive vibe 

Hope does not make your heart deprive 

Hope lets you do things in vice

Where there is difficult to reach in life

Don't ever lose hope in life 

Just stay as you really are 

You will have your own way 

When you will shine bright like the star 

Just keep your hope alive!"
Hope,Life Is A Twisted Road,"Life is a twisted road dominated by unexpected twists and turns,

However at the end of the day, it is from them that we learn. 

And in spite of being so hard to cross, 

the flame of hope ensures that you're never lost. 

So keep the flame of hope always bright and strong, 

For as long as hope reigns, nothing can go wrong."
Hope,At this hour,"At this hour of darkness, 

You need to be strong, 

Don't forget your roots, 

To where you belong, 

Keep your hope high, 

Because that would help you to survive, 

That's the only thing which will help you to strive!"
Faith,Power of faith can change,"Power of faith can change all in life 

When you know that you can go 

Nothing can stop you to know 

Coz power of faith is linked to God 

Hope can help you in everything 

And from your most purest thought 

If faith is true, you will reach your way 

Nothing left to feel or say 

Coz power of faith is such 

It clears even the darkest day!"
Faith,A little faith,"A little faith and a ray of light, 

Everything falls in sight, 

Faith on God helps us through,

In getting all possible and new,

Faith gives the power of strength,

It gives the power to pray, 

Faith makes the world peaceful,

It gives the power to say!

Power of faith is such!"
Faith,Things in life,"Things go wrong in life,

There are times when you have to strive,

But, hope and faith gets us ahead,

It is the strong thread,

Which help us sail through,

Faith is a word that has the power, 

To overcome every blue,  

Faith is life and life is faith,

So, keep the faith alive, 

Because that governs your life!"
Faith,Your strong faith,"If your faith is strong, 

No one can move you ever from your place,

It is like believing in yourself 

That you will win the race,

Have faith, which drives you to do 

It gets everything pleasant and new

Keep that faith going!"
Faith,Be that wise in life,"Faith comes from being wise 

From knowing that it is enough to strive, 

Faith is a state of being 

Of all the things, what we are seeing 

With hope, faith is prime,

It goes on till the end of time

Keep that faith strong!"
Faith,Everything may have a reason,"Everything may have a reason in life 

But the biggest thing is faith 

If you have it, you will slide 

If all the problems and the might 

Keep that faith as high as you can 

Keep the pretty hope alive 

You will have a great life ahead 

And you will feel that great vibe 

Keep the faith as you can 

One day you will understand 

The power of faith!"
Faith,Your faith should be strong,"Arise in your faith, 

And, you would see a change, 

It won't feel bad or strange 

Because you know that you are true, 

Because you know that you are one in few

So keep the faith going!"
Faith,Trust God he is there,"Trust God as he has some plans for you 

You may see the dark all through 

Coz today you are in a mess 

But faith will change your destiny 

And change the way you want to see 

Have faith and trust your will 

Have the will to change all the while 

With faith and hope there will be many smiles 

So keep your faith alive!"
Faith,Hear the voice of your soul,"Hear the voice of your conscious once more 

It will let you know what you can do 

If you have the faith to strive 

No one will really hurt you wise 

Be the change you want to see 

You have the power to turn your destiny 

Faith is yours and the power is you 

Of seeing things you want to 

So keep the faith and smile once more 

Life is such pleasant to core!"
Faith,Faith is life,"Trails and struggles are part of life, 

It is upon you to strive,

But if you have faith in life,

It would be easy to do what you want,

Because hope and faith are two things,

Which keeps you going through,

Faith is the ultimate reality of life,

It is a blessing and true!

Keep your faith and trust in life,

And you will get through!"
Faith,Have that in you,"If you have that faith, 

You can do everything, 

With faith, we have a reason to smile

Its all the while and every while

Faith is a source of hope and happiness 

It stays with the power of prayer

Keep the faith!"
Faith,Faith drives us to,"Faith drives us to impossible things in life, 

It keeps us moving ahead 

It gives a new meaning to strive 

You know the road for sure 

After the struggle is over 

Faith makes us happy in the end

Its all in the mind, nothing to pretend

Keep the faith going!"
Faith,You are wondering about it,"Stop wondering about how it will happen 

Let the tide pass away 

You will get what is in your destiny 

So have the faith going strong 

You will know where you truly belong 

Keep that hope going!

Have the faith and get that glow 

You will have the spirit to know!"
Faith,There are many days,"There are days when you have to cry 

Never a day when you don't try 

There are days when you are in pain 

But, without pain there is no gain 

If faith is high, you can touch the sky 

Just tryst on god and things in store 

You will get so much more 

Trust on God and his blessings for you 

Be the sun shine and be the dew 

Keep your faith going!"
Faith,Faith seeks us in time,"Faith seeks us in time and things 

That we desire in the being 

If you have the faith to reach the star 

You will have the way to go far 

Faith in yourself will make you shine 

Just keep that will and faith of time 

You will also reach where you desire 

Just say that you are a step higher 

Have faith in yourself!"
Faith,If you have that in you,"If you have the faith, 

You will believe in things, 

If your faith is strong, 

You will hold on in life, 

If your faith is strong, 

You would have that to survive 

Keep the faith going!"
Faith,I know that you know,"I  know that I have faith in you 

So you won't let me down 

You won't make me cry I know 

Nor you will make me frown 

I have faith that I will smile with you 

I will feel the glee all new 

Don't break my faith in you 

Which I have pure in you!"
Faith,Faith in heart,"Faith is in your heart,

For getting that one perfect start, 

It is all because of hope,

There will be the right scope,

If faith is in your heart, 

Nothing can ever go wrong,

Nothing can ever go apart,

So, keep the hope high, 

And, you will get answers to why,

Being faith in your heart!"
Faith,If you never leave,"If you never leave hope and faith, 

You will succeed in whatever you do,
 
Without even getting a clue 

You would reach so far, 

Its all about how you see the situation

If you really want to reach for the star 

Don't lose faith!"
Faith,In that light of life,"Faith is that light,

This lights up the dark in life,

Faith is a light, which covers all the things,

If your faith is strong

You can achieve it all 

Its like looking ahead and standing tall

Have that faith going!"
God,The one who knows you,"The one who knows about my pain 

The one who helps me to gain 

The one who gives me strength 

When I also cry in vain 

Your name oh Almighty is enough to pass 

Life's every which way and bask 

You are there so there is a support in life 

Its like all the struggle and strive 

Ends up in smile because of you 

You have that immense power to 

Bless me thy Lord of your love so true!"
God,You lead me,"You lead me where the path is right, 

You lead me where there is light in sight, 

You lead me where there is happiness and cheer, 

Oh almighty lord, you are so dear, 

Without you no one can survive, 

You are the true meaning of existence,
 
You are the true meaning of life, 

Take a bow almighty lord, 

You are in my every thought!"
God,Be A Good Person,"Be good to others and good will happen to you,

Happiness will surround you, more than you can chew. 

Be bad to others, and God will not forgive you,

You will find yourself wandering and lost, without any clue."
God,God loves you to thee,"God's love cannot be measured in time 

He blesses us each day and every day 

He is there in every need 

Its like growing up from the seed

A new hope is with his name 

Things may be different with time 

People may also not be the same 

But one thing that never changes 

Is God's name and blessings 

Bless us thy Lord!"
God,It is all because of your name,"Its all because of you oh Lord 

You give me strength in my very thought
 
You guide me wherever I lose my way 

You give the power to have my say 

You pick me up when I do fall 

You give me the hope to stand so tall 

For your love is like a blessing in my life 

Because of thy name I truly survive! 

God bless me in every way 

Thanks for being there is all I wish to say 

Thanks Almighty Lord!"
God,Never Lose Faith,"In life, there is never a time when God leaves our side,

All you got to do is trust in him and the bad times will slide.

Never lose hope in God and more over in yourself,

For God has blessed everyone with a magical elf.

This little friend will protect you in times of distress,

He will lead you where you ought to go, 'coz he knows best.

And when you find yourself completely lost and without a clue,

Just smile my friend, and a new door will open up for you."
God,The biggest failure in life,"The biggest failure in life is not failing in something you do ,

But the biggest failure in life is losing your trust in God. 

For in life there is nothing that can't be given another try by you. 

But without trust in the Almightly, any amount of success will feel small."
God,Waking Up In The Morning,"I wake up in the morning to the gleaming sunshine,

I wake up with a big bright sunshine smile. 

I find myself so happy and contented,

For I am in a world so beautiful and so majestic. 

I thank God for my family and my friends,

I thank him for the love around me that has no end. 

I thank him once more for treating me like his own,

I thank him for granting me more blessings than I can hold."
God,All my things,"All my unforeseen sins, 

All my hidden causes,

There is nothing that is hidden from you,

Whether in old memories or new, 

God you know everything to thee,

You are my soul protector in life,
 
By taking your name, my lord, 

Easier gets my life and my strive, 

Thank you lord!"
God,The power in you,"Oh! Supreme power of the world,

Please listen to me and my prayer, 

Things go wrong in life, 

When tears come through the strive, 

Your grace is important for life, 

Without your name, 

No one can survive, 

Oh! Supreme power of the world,

I'd like to give a bow,

You are the almighty, the king of the world!"
God,God knows you so well,"God knows what is truly right for you 

And therefore all his ways are true 

He knows that after you will try 

You will get what you want 

Its his wish that you are suffering today 

But he has some better plans for you for next day 

Trust him and things will be fine 

Trust him and you won't ever have to regret 

For god will always hold your hand 

And will bless you to thee! 

His name is there till eternity!"
God,Other plan in mind,"When things go wrong,

I know you have some other plan in mind, 

When things go wrong, 

I keep patience and unwind, 

Deep down I know you have something better in store,

On time, you will let me know, 

Oh almighty lord, I trust you more than me,

It's everywhere you I can see,

Be there with me!"
God,Balance of life,"I go off balance in life, 

If I don't take your name, 

I get peace from within, 

There is no one to blame, 

The power of prayer connects me to you, 

I really don't have much to do or say, 

Except a big thank you,

Thank you lord for whatever you have given me in life,

Your devotion gives me the power to strive!"
God,God's Love Is So Wonderful,"God's love for the world is so wonderful, 

He makes our life magical, and so beautiful. 

Even in hard times, we can put our trust in him,

And he will make them disappear without a thing. 

He doesn't take a salary from us at the end of the day,

It is just his love for us that brightens up our way."
God,In simple things,"All the simple things, 

All the birds that sing,

All the little smiles,

All the huge whiles,

All the unspoken words,

All the things absurd,

You have created a wonderful world to live in,

And, I don't have anything except a thank you to give,

So, thank you my lord for a wonderful life, 

With your blessings only I survive!"
God,On Days...,"On days when your world is turned upside down, 

Have the guts to face it with a smile, do not frown.  

Gather all your trust and place it with God, 

Even when the chances to win seem very odd.  

And a little ray of sunlight with show up soon, 

The birds will start singing & the flowers will bloom.  

For it is God who gives us the strength and the hope, 

Even in trails he helps us to find it easier to cope."
God,God Almighty be with you,"Its all the fate you know that 

Its all in your destiny you know 

But there is one way which is open for you 

It always has known to show 

That is the way of God and the Almighty 

For every single day that he watches you 

He is there to protect you in time 

And all the things that you want to do 

So pray to him and seek his love 

As you will find your way and grow

In the name of Almighty God!"
God,His love is so wonderful,"God is so wonderful so is his ways 

You may struggle for many which days 

But with his blessings all becomes alright 

And in spite of all this and might 

His name is above everything you do 

He won't also give you a clue 

But he is always there beside you 

Helping you with things and new 

Thank the Lord today! 

For being there each day!"
God,The morning sunshine,"The sunshine in the morning, 

The calmness of the night, 

Everything in the world, 

Is a beautiful creation by you,

From big puzzles in life, 

To small little clues,

God thank you for the world so bright, 

Each day feels so new,

Thank you so much for this!"
God,Much to say,"I don't have much to say, 

But, a special thanks, 

Thank you for your kind support,

When I was stuck in life, 

Thank you for that push,

When I had to strive, 

With your grace things are fine now,

So, thank you lord,

In thy name shall thou!"
God,Has a plan for you well,"God has a plan for you and he has chosen a path 

So close that you may never know 

Close to that he may never show 

But he is there to guide you along 

Give you strength to be so strong 

God is there as a blessing in your life 

He will be there in all your strive 

God has some amazing plans for you 

Just smile and accept everything in his name 

Prayers to the Almighty God!"
God,No matter where you go,"No matter where the fate takes you 

No matter what is the route 

No matter what you think in life 

No matter how much ever you strive 

One thing is sure that God will be there 

For his blessings and there to guide 

So keep up the hope and trust his ways 

And happy will be all your days 

Pray to the Almighty all your life!

Pray to the Lord!"
God,He is there with you,"The Almighty and his pleasant ways 

He is there looking at you 

He is there giving you a clue 

Of getting out of all the problems in life 

Of doing things that are in stride 

God is always watching you 

And giving you the hope that you need 

God can't you see for sure 

But is counting your every deed

God please be with me and 

Always bless me to thee!"
God,The harmony of mind,"The harmony of mind is you,

The peace in life is you, 

My day starts with your devotion,

And, ends with your clue,

God thanks for everything,

Thank you almighty lord, 
	
Without your energy, 

No one would have survived in life,

No one would have called,

Thank you lord!"
God,Love Of God,"I don't want to pray to God.

I don't want any guidance from God.

I don't want any help from God,

I only want the Love of God."
Family,Pure love of family,"That love of grandpa in my home, 

And granny is sweet to comb, 

Mother shouting loud at me, 

Of all my father wants to see, 

It's the love of family, 

That truly makes me smile, 

In all the vibrancy and glee, 

Love my family!"
Family,You are most prime for me,"Family love is the most prime 

When I know things are not destined 

They are the ones who lift me up 

They give me a high in life 

They inspire me to do things 

They make me understand 

They are always there when I need 

Simply doing all the deeds 

Family love is so prime 

Family is also there in your need

Love that will always stay in time 

Love that is forever destined 

Family will stay with you 

When all other leave and through 

I love my family a lot 

From my honest thought!"
Family,Family is life,"Family is the tree which gives you shade in life,
  
Of all the fruits of love, 
 
In all the struggle and strive, 
 
A tree that protects you from the heat,
  
Staying with my family is a super treat
  
That I enjoy each day of my life, 
 
I love my family!"
Family,Wherever you go in life,"Wherever you go in your life 

The inner peace will always stay 

Wherever you go in your life 

You will always find a way 

You will find a reason to be 

You will find a reason to see 

That is the love of family 

They will stay with you along 

They will stay with you in time 

That is the love of family 

That is the love to which you belong 

Love your family like you do 

They are simply there for you 

They will always remain for you!"
Family,Deep down in your heart,"Deep down in your heart, 
 
You love your family, 
 
You never show, 
 
It has been right from the start, 
 
Love of family is beyond everything, 
 
With them you love, laugh and sing!"
Family,Lovely family,"I have a mother,
 
Who is an angel, 
 
I have a father, 
 
Who cares a lot for me,
  
I have a small sister, 
 
Who loves me to the core, 
 
I am so lucky, 
 
I am so blessed to have such a family!"
Family,We Are A Family:,"We take and face every next,

With love and care, helping calmly.

We hope and pray for every step,

All together, for we are family."
Family,My family so sweet,"My loving grandma is so sweet, 
 
Watching my grandpa is a treat, 
 
Mom shouts but also loves me, 
 
Dad is strict but it is to see, 
 
The love of family is unmatched, 
 
To my family I am too attached!"
Family,It feels so good,"Family is so special,
 
Love of family is true,
  
Family time is a bond, 
 
This is like so strong,
  
Family always stays in heart 
 
Though when apart 
 
You feel sad without them,
 
Love of family is so pure,
 
It gives affection and allure!"
Family,The bond so close,"The bond of family is so close,
  
It feels so special and nice 
 
Without the love of family 
 
It is truly tough to suffice 
 
Because they are special in every way,
 
They just brighten up your day,
  
Love your family!"
Family,I don't ask,"I don't ask, but I get everything,
  
Without even a blink 
 
That is the love of my family, 
 
I am really blessed to be
  
I adore them a lot in life,
 
Through all my struggle and strive,
  
I love my family!"
Family,Family I love,"In the valley of love, 

Love of family is so strong, 

It's not for some time, 

It's for throughout and so long, 

I oh so love my family so much, 

I will forever stay with them, 

Coz they are my true support!"
Family,All the values and things,"All the values and all the things 

Family love stays in with you 

They are there to hold you 

To save when you are about to fall 

They are your support in life 

Whenever you need to stand tall 

Family is there and so is love 

Love of being there in time 

Love being so undemanding and prime 

My family always stays beside 

Whenever there is a difficult tide 

That is the thing I love the most 

So let me just raise a toast 

To my family and their love 

Yes, I love my family a lot 

Yes, I do love my family!"
Family,My life is my family,"My family is my life,
  
My family is my strength
 
When I need them, there are there 
 
They way they always care 
 	
I take pride in them for being so kind, 
 
My family is so special,
 
It is one of a kind, 
 
I love my family!"
Family,Family bond that I share,"Family bonding teaches us many things in life,
 
It teaches the value of love,
 
The value of share,
 
The true value of care 
 
Family bond is the strongest bond ever 
 
It is not for a day,
  
Not for a month,
  
It is a bond that is truly forever, 
 
I love my family!"
Family,Family teaches you,"Family teaches us the bonding, 
 
The real worth of relationships,
 
I am blessed to have such a wonderful family, 
 
I am lucky to have them all they hold my hand, 
 
Whenever I am about to fall, 
 
I love them all!"
Family,It's my destiny,"My family has always been special for me 
 
I take them as a part of my destiny,
  
They helped me through the strive,
  
They help me when I was deprived,
 
They take care of me in every way, 
 
I just have a word thank you to say 
 
To all of them in life!"
Family,I don't feel good,"I feel terrible, 
 
When my family is not around, 
 
The positivity and love, 
 
That surrounds, 
 
Makes me feel so good,
  
God bless my family always 
 
For them a touchwood!"
Family,I know that something is,"I know something is just amiss

When I do not have my family besides 

There are many things which stay in time 

Many which go against the tide 

Still I love them even if I fight 

They are like that light 

Which brighten up my world in dark 

Family does have a new spark 

A spark that I can see in my life 

I love my family so much 

Much as loving and such 

Will always love them and through 

A feeling so good and precious too 

I love my family 

Yes I do!"
Family,Great family,"I have a great family, 
 
Who support me all the time,
  
Family is the sweetest, 
 
As the sound of chime,
 
I have a great family, 
 
Who also cares for me, 
 
Beyond the love of family,
  
There is nothing left to see!"
Family,My life and family,"Family love means bond of life, 

All through the struggles and strive, 

You know that it is so pure,

You know from that allure, 

Family bond is still the best, 

It is the best relation to invest, 

In your time and lots of love, 

Love your family!"
Family,Things are not as you want,"Things are not as you want them 

Sometimes life just puts the blame

But, I know that family would stay 

Forever and ever to name 

Mom always cares for me 

Dad is always there for me 

The love of siblings is so true 

Making it way and for through 

I love my family a lot I can say 

They have been there in each way 

Love your family and thank them 

For always being there with you 

Love your family in way and through!"
Family,Oh my lovely family,"Mom shouted what you are doing, 
 
Dad said, don't do that, 
 
Brother shouted give me that, 
 
I really think I will go mad, 
 
But, still I love them all, 
 
For them I am still so small, 
 
I love my family!"
Family,No love no family,"If there was no family,

You would feel lonely all the time,

If there was no family, 

Who would you call mine, 

Love of family is such, 

That you without expecting much,
 
Still love them a lot!

They are always in your thought!"
Family,Family teaches us,"Family teaches us values so real, 

Family teaches us to share, 

It also teaches us to care, 

Family teaches us so many things, 

With so many things to bling, 

I love them all!

Because of them I stand tall!"
Family,It is from the start,"Family is the bond that is too close to the heart,
 
It is right there from the start
  
The love of your family is so very special
 
It really can't keep you apart,
  
Family love is truly divine,
 
And I am glad that I have got that love as mine,
 
I love my family!"
Family,The love of family,"The foundation of my family is love and care, 
 
We do everything together, 
 
We believe in share, 
 
We are one when we are alike, 
 
I love my family so much, 
 
There is nothing to dislike!"
Family,Family is there in testing times,"Family is there for you in testing time 

Even if you tell them, you need space 

They would be there in your pace 

To support you and pat your back 

To take you ahead with things 

Family love will stay with you 

Just like that eternal bond 

Family is your need and will stay 

All the very which way and day

It will be love for life 

Where you would know it all 

Family love will stay with you 

Against all the odds and so tall 

So love your family, as you should 

They will stay with you 

Family love is true!"
Family,My family is the best,"My family is my heart and soul, 

In my life my family plays the most important role, 

I love my mom who is so sweet, 

Dad is also so kind, 

My sis is so wonderful, 

They all are one of a kind, 

I love them all!"
Family,Life is fun,"Life throws a new challenge each day,
 
We have to struggle and strive come what may, 

But, it's easy with support of a wonderful family,
 
Everything becomes alright, 

Everything is ok in the end, 

As there is nothing to pretend,

That's what family is for!"
Family,Little bit of everything,"Little bit of fight, 

Little bit of love,

Little arguments here and there, 

But, I know things will be fine,

Because my mom and dad do care, 

I love my family to the core, 

I can love them even more, 

Love my family!"
Poems For Teacher,You have a special place,"You have a special place in my heart 

You have helped me so much from the start 

You gave me the right kind of inspiration 

The guidance that changed my world 

Teacher your love being so kind 

Your love has changed it all for me 

A loving thanks from my side 

For always being there when I need you 

I could not have scored so big 

Without you and your guidance teacher 

I mean when I say that your support means a lot 

Thank you so much for everything!"
Poems For Teacher,Birthday cheer for you,"Birthday cheer and all the fun 

Its my favorite teacher's birthday 

I know that she so good and special 

For me she is like my number one 

Just want to say that she is best 

Gift that I have ever had 

A teacher like you who is a blessing in life 

Apart from all the strive 

I know that I so love you 

Wishing a very happy birthday to you 

God bless you!"
Poems For Teacher,I admire you for what you are,"I admire you for what you are 

In my life, you have been the shining star 
 
You have always been there in my need 

You have helped me plant my first seed 

You have guided me in everything my dear miss 

And all I can say that it feels like a bliss 

Learning from you and in your vice 

I have always grown up to be wise 

Thanks you my wonderful teacher 

Wishing you the most amazing day 

Wish you happy birthday!"
Poems For Teacher,There are many things you know,"I value many things in life 

And one thing is you my teacher dear 

You have helped me throughout 

All through my doubts and fear 

Have helped to excel through 

In everything that I did wished to do 

A teacher like you who will always be special 

A feeling so good and new 

Just want to say a big thank you 

For making my life so new 

With your wisdom and work 

Happy birthday to you 

God bless you!"
Poems For Teacher,I may have done that,"I may have done things to trouble you 

Know that you used to shout 

But you always trusted me and told 

That I am out of the crowd 

Your will has helped me excel in life 

You have been there in all my strive 

I wish that everyone gets a teacher like you 

Whose so pure and whose so true 

Happy birthday to you 

May God bless you!"
Poems For Teacher,I do not know how I should,"I don't know how should I thank 

Such a wonderful teacher in life 

You have always helped through my problems 

In my difficulties and my strive 

I have asked you so many questions 

I have irritated you a lot 

But you had all the patience to respond 

Only from you good thought

You not only taught me the value for things 

You also gave me hope to do things 

Thank you dear teacher for always being there 

Whenever I needed your guidance in life 

Thank you so much for your teaching being kind!"
Poems For Teacher,Teacher is always the,"Teachers are always kind in life 

But you are extra special kind to me 

You always help in whatever I say 

You always guide me to reach my way 

When I am stuck you make an extra effort 

So that I find a way in a day 

A teacher like you is a blessings in life 

So thanks you for all your strive 

You have helped adapt you

You are truly wonderful!"
Poems For Teacher,Whenever I am stuck,"Whenever I am stuck in life 

You go out of your way to make me understand 

I may annoy you with things I want to know 

But you have the patience 

No signs you show 

You help me and guide me in everything 

Because of you my life is bling 

As you have taught the value of time 

Thanks my dear teacher! 

I will remember you in time!"
Poems For Teacher,I respect to see you,"I respect you in every thing you do 

The way you struggle to ignite a light 

The things you do to make us bright 

I have seen it all and I know it all 

Coz of you today I stand so tall 

A teacher like you whose also cool 

In front of you I look like fool 

Thanks for always being there 

I know that you want good for me though care

Thank you so much!"
Poems For Teacher,Teachers are also different,"Teachers are also of different kinds 

But my dear teacher you are one of a kind 

You made my life in every way 

Whatever you preach and you say 

Has helped me to become a better person 

Has helped me to have my say 

A teacher like you who supports all through 

Deserves every happiness and new 

Proud to have a teacher like you 

Happy birthday to you 

Keep smiling and through!"
Poems For Teacher,When you surprise me through,"When you surprise me through with test 

I get a little upset 

When you take that check abrupt 

I get scared too much, you know 

When you are strict with me on life 

My face always shows

But I know that you do that so that I come first
 
In every race of life I know 

You care so much for me and don't even show 

So salute to a great teacher like you 

Coz people like you are so few!"
Poems For Teacher,We have surely known that,"We have surely teased you a lot 

And we have played it hard 

But you always kept patience with us 

And you made us understand that life is not always fun 

To be better and number one 

You have to be determined and have that will 

Then only things will get better 

And you will go so far 

Thank you for your preaching so nice 

We are shining like the star 

Happy birthday to you 

May God bless you!"
Poems For Teacher,You always knew that,"You always knew that I was out of the crowd 

I was really difficult to manage 

But then you also know that it's the case 

When you have that patience to tackle 

You not only guided me along the way 

You also gave me motivation for the day 

You told me that I will surely go long 

A place where I truly belong 

So today as I have reached there 

I just want to tell you a loving thanks 

It was you who guided me along 

It was you who was always behind me 

Giving me a reason to be strong

Thank you my dear teacher!"
Poems For Teacher,Of many memories,"Of many memories that I have about my school 

You are an important part 

You were there to train me through 

Right there from the start 

All the efforts and your teachings

Have truly helped me a lot 

So thanking you for everything 

From my most pleasant thought 

You rock my teacher 

Thanks again for everything!"
Poems For Teacher,The values that are in me,"The values that are imbibed by you 

All the teachings that are so true 

Your ways do irritate a bit 

I will not like that way with truth 

But yes I know that at the end you want my best 

That I should be good in every test 

And I should go along my way 

So that glad will be your day! 

Thanks for all your efforts! 

I always keep you in my heart! 

Respect for you from the start!"
Poems For Teacher,A teacher is always there,"A teacher is always there in need 

A teacher is always there to listen to you 

A help that lets you see through 

In my life you have played that role in a perfect way 

So I just want to say 

That you are and will remain the best 

Helping me in life's every test 

An adorable teacher like you 

Whose so loving too 

Happy birthday and have a nice day!"
Poems For Teacher,The task was hard,"Whether the task was hard or simple 

Whether the doubt was big or small 

You have always been there for guidance 

You have made sure we stand tall 

You kept so much patience while listening 

You had a happy smile on your face 

That is the best thing about your teaching 

Your simple and loving grace 

My dear teacher you are simply the best 

You have taught me so much about life 

I bow in front of you for everything in spite 

Thank you so much for your support 

Thanks so much for your shining light!"
Poems For Teacher,I may be an average you know,"I may be an average student for you 

I may be the same student you knew 

But for me you will never be the same 

You are my most favorite person my teacher 
 
And I wish that your blessings stay with me in time 

I feel so special and proud to call you mine 

Coz you are the one in few 

I feels so special to have a loving teacher like you 
 
Wishing a very happy birthday to you 

Stay blessed too!"
Poems For Teacher,You have so taught me,"You have taught me to go beyond things 

To learn what I want to know 

To explore the off shore 

To see beyond things 

And take new way to imagination 

You are my teacher I really respect 

As you have always been there for me 

Standing like the shade of tree 

And guiding me along the way! 

Thanks for everything!"
Poems For Teacher,I am really thankful to you,"I am really thankful to you dear teacher 

You taught me so much about life 

I am thankful to you dear teacher 

You taught me things I was deprived 

From giving me motivation to achieve 

To inspiration to follow my dreams

From being there when in a doubt 

For making me feel you are not yet out 

You made sure I give my best 

So that I achieve a lot than the rest 

A loving thank you from my end 

You were always there..To understand 

Thanks for everything teacher!"
Poems About Family,The small moments that you share,"The small moments that you cherish 

Do it with your heart and more 

Small moments that will make in time 

Will make you close to your family 

Thank you mom for being so beautiful 

Oh dad for being so wonderful 

To your siblings for always being there 

And showing that yes they do care

Thank your loving family with a smile 

They have always been there in while 

Thank them all in might 

For a wonderful and loving life!"
Poems About Family,A same tree,"A same tree with different branches, 

That's what family is about, 

To support, to secure and a loving thought, 

My family is always there when I need them the most,
 
To that thought I want to raise a toast, 

To my mom, father and my sweet sis and bro, 

I love you all!"
Poems About Family,I love my..,"I love my caring mom,

I love my dad so strong, 

I love my bro so cool,

I love my small sis, though fool, 

I love my pet also, 

I love everything about my family, 

Coz they are mine, they will be with me forever!"
Poems About Family,My love my family,"You come back to family,
 
You come back to that love 

Open are the arms

The feelings so charmed

A family back home helps you to relax 

It helps to ease the stress in life

They are there in every strive 

Glad to have such a wonderful life 

With family love to survive!"
Poems About Family,My strength in life,"My family is my strength 

In ups and downs of life 

They love me without reason 

They are there in every season

The undying support and care 

I know back home to look

They are always there 

When I need them the most 

I love my family my dear 

With them I feel the cheer!"
Poems About Family,That feeling is so very deep,"The feeling is so deep,

The love is oh so pure 

There is a magical feeling with family 

There is a connect and allure 

Your family is always there 

Whether or not you care 

They understand your strength as well 

And also in the weakness that you dwell 

Family is there when you need them the most, 

So let me just raise a toast 

To wonderful family that I have 

I love you and will always do my best

To keep everyone happy along!"
Poems About Family,I have a loving family,"I have a father who is so dear 

A father who helps to spread the cheer 

A mom who is always there in need 

It's my wonderful deed 

That I have the most amazing brother in life 

Who helps me with things that I ask 

A sister who is classy yet so kind 

She is there when I need a friend to bind 

An amazing family I have that I can't really express

There are so many things that can't be pressed

Just see the love in your heart and you will find your family there 

A family whose so loving that I also care

Love you all!"
Poems About Family,Do things that you love to,"Together you do things in life 	

Together you face every strive 

Together we laugh at things we love 

Together we cry in our sorrow 

It is so wonderful to have a family 

It is so wonderful to have a better tomorrow 

You know that family is so special 

With all the grace and all the care 

Family love never ends in time 

Family love is always there 

It makes your heart sing along 

With wonderful love that surrounds

That is family love!"
Poems About Family,You cannot always meet them,"You cannot always meet them in life 

You can't always be there for them, 

You know they are so special 

A special part of your heart 

They play the most amazing part 

They are there when you need them 

They are there when there is stress 

I want to thank a wonderful family 

Who have been there for me 

Making me smile all the way 

Giving me all the glee

Thank you for love of my family 

Thanks for always being there for me!"
Poems About Family,My family,"My family is my strength, 

My family plays the most important role in my life, 

Without them I won't survive, 

My family is my circle, 

With no sides on loose end, 

There is nothing to pretend, 

Coz it's just pure love, 

My family is my permanent connection, 

Coz we are connected from heart, 

All till the time, we shall never part!"
Poems About Family,I have someone who can,"I have someone who I can call my version 

The love of family that I share in life 

Can't get that super love anywhere else 

The love that I never have been deprived 

When I see things getting tough that way 

I just now that they are there to show me the way 

A family love that I cannot ignore 

They compliment me in my every core 

Yes they are my strength and I am proud of them 

They stand with me and they always understand 

The love of family in my life!"
Poems About Family,Things may go wrong,"Things go wrong 

You feel so down in life 

But, you know that your family is there 

When things get deprived

The love that gets you going 

The things of emotion 

The love that is flowing 

Love my family a lot 

From my every thought!"
Poems About Family,Togetherness in love,"Togetherness and love in the air 

A tie that is always there 

There is laughter and there is joy 

Many moments to enjoy 

You share your happiness along 

The tears and sorrows on the way 

Pure love in the form of hugs 

And kisses along and wonderful say 

Family love is treasured with time 

A love that cannot fade away with time 

It will remain special forever 

I love my family a lot,

Always in my good thought!"
Poems About Family,They will be there when you feel down,"They will be there when you feel down 

They will make you wear a crown

They will be there to support you in the dark 

They will brighten up your life with a spark 

They will make you feel special 

All special along the way, 

They will have a view of things 

When you have nothing left to say 

The best part about having a family 

Is the love that you can see 

I am so blessed to have a loving family 

I love them all to thee!"
Poems About Family,Whenever you feel alone in life,"When you feel alone at times 

When there is love deprived 

There is your family for support 

They are there to make you smile 

Give you many reasons to strive 

It is difficult without a family 

It is difficult when I must say 

That having a family makes you complete 

Having a family makes you an amazing person 

I thank my family for being there 

I thank my family for all the care 

Lucky to have such a wonderful family 

Around me as I am truly blessed!"
Poems About Family,My family is awesome,"Dad is awesome, strict at times,

Mom is wonderful full of surprise 

My brother is a big prankster 

But my family is incomplete 

Without a pretty loving sister 

Oh I love you all so much 

I have that emotional touch with you all

I love my family!"
Poems About Family,There are things that you should be,"There are many things I should be thankful 

For in my life 

One is for the loving family I have 

It is tough without their support 

It is tough without staying without them 

My family is my strength in life,

All the things that I do in life 

I run to them for small things 

In my happiness and in my blings 

Love of family makes me strong 

Their support whenever comes along 

Family love and family time, 

It is indeed a great time in life,

Thank you all for being there 

And that silent and sweet care!"
Poems About Family,I wish I can come to you,"The most wonderful thing God has given to me, 

Is my wonderful family!

All the joys and sorrow times, 

All the moments spent like chimes, 

The feeling of togetherness is forever, 

The love of family is eternal and will die never!"
Husband,When you say,"When you speak in whispers in my ear, 

It feels so pleasant to hear, 

When you come close to me, 

There is nothing more to see, 

The passion of your love is such, 

To your loving touch, 

I feel so good with you in life, 

I am so glad to be your wife!"
Husband,I know that you,"I know that no one is perfect in life 

I know that this is not true, 

But, I guess I have found a perfect man
 
A man who is one in few

Yes that is you my hubby dear, 

You are the one I love a lot, 

From my most loving thought! 

I love you!"
Husband,Being with you in my life,"Being with you, I have learned one thing 

That nothing matters more than love

Your love had no condition 

Your love had no reason to be 

Your love had no things to see 

Being with you I am so me 

Baby you have bought a smile 

Not only once but all the while 

My hubby dear, all I wish to say 

That you are my love all the way 

You make my life worth living each day 

Baby so blessed I am with you 

All I want to tell you, that I love you!"
Husband,When you hold me,"When you hold me tight for a hug 

When you come so close to me 

It's you who I just want to be with 

Feels like some ecstasy 

When you confess that I am the one 

When you tell me what I mean 

I feel like I am the queen 

Of your heart and forever in time 

Baby I can so call you mine 

I love you till the end of time!"
Husband,Our Love Has Grown,"We've had our share of ups, we've had our share of downs, 

There were times when all you could do is make me frown. 

Through the midst of them our relationship as grown,

Yet through the clouds of love, together we've flown. 

You helped me out whenever your help I sought,

You even apologised whenever it was not your fault. 

I can see the love you have for me in everything you do,

No matter how much we may fight, baby I still love you."
Husband,I feel so good,"I feel so good when you are around, 

I feel so loved with you around,

I feel so me when you are with me, 

I am so lucky so have you, 

I really feel happy and glee, 

You are the best, 

Thanks my dear hubby!"
Husband,You give me love,"You gave me a shoulder to cry,

You comforted me all the way, 

There were times when you spoke with silence, 

As there was nothing to say, 

I love you a lot my dear, 

I really mean what I say, 

Thanks for coming in my life!"
Husband,Life is perfect with you,"Life is just perfect with you around,

The positivity that your love surrounds,

I really can't thank you enough for coming in my life, 

You are the reason, to which I suffice, 

You are the best hubby anybody can ask, 

I have all the reasons to be happy and bask,

I love you sweetheart!"
Husband,Never have I experienced the love,"Never have I experienced the love 

The love that you have given me 

Never have I experience the warmth 

The warmth in your eyes I can see 

Never have I experienced the joy 

That my love you bought in my life 

Never have I experienced such calmness 

That I can feel with you 

My hubby you have changed it all 

Because of your love, I stand tall 

Thanks for giving me a wonderful life 

I am so blessed to be your wife!"
Husband,Every time I see you,"Every time I see your face, 

A thought crosses my mind, 

I am so lucky to have you in my life, 

Coz you are so caring and kind, 

Every time I see your face, 

It reflects to me, 

That it's only you now I want to see, 

Love you my sweet hubby!"
Husband,My life was incomplete somewhere,"My life was incomplete somewhere 

My life was not the same 

Until I met you my hubby dear 

Until I heard your name 

There was an instant connect I could feel 

Something which made me think 

That true love is there for sure 

True love makes life worth for me 

I love you and you must know 

There are many things unknown 

Many things more left to express 

For me you are the best 

You don't need to impress, 

I love you the way you are!"
Husband,When I saw you,"When I first saw you, 

I had an instant connect with you, 

I knew that you are the one for me, 

You have really set me free, 

I am so blessed that you are in my life, 

Without you I cannot survive, 

I love you a lot honey!"
Husband,As a friend you are mine,"As a friend, you are so great 

As a lover, I have full faith 

As a guide, you show me the way 

As much I just I wish to say 

As a hubby, you score a ton 

Thanks for coming in my life,

Making it more precious and fun 

Without you I can't stay my dear 

You are the reason for my smile and cheer 

I love you my hubby dear!"
Husband,It's been so long,"It's been so long, 

It's been so far, 

This journey with you have been wonderful so far, 

You give me everything that I desire, 

You are the one I really admire,

You are my superstar, 

Please never ever go far, 

I love you my hubby dear!"
Husband,Things may remain the same,"Things may remain the same 

Life will change again for sure 

If I have you besides me my love 

I don't need anything else 

I just need your love to survive 

I just need your cuddles 

I need your assurance to go on 

Its because of your love 

That I am so strong 

You have given me a motivation 

Things that may be the same 

There is no one like you hubby 

Know that I am in love with you!"
Husband,You are the one,"You are the only gem 

That shines so bright, 

You stay in my heart 

You make me feel alright, 

You always do something, 

To make me happy or so,

I just want you to know,
 
That you are the best hubby! 

I love you!"
Husband,You are my world I need,"You are my world I want you to know 

Because of you I have that glow 

The immense love and immense support 

You have always been there for me 

Baby what would I do without you 

What would I do without your support? 

No one loves me the way you do 

Your love is so pure and so true 

My hubby dear, have I confessed it to you 

You are the one and I love you 

Yes baby I love you so much!"
Husband,Ideal you,"What is an ideal life partner?

For me it's only you, 

Yes you heard it right, 

With you I am so me, 

I feel no fright, 

I love you so much sweetheart, 

Right from the start, 

I love you a lot!"
Husband,I love you a lot,"When I say I love you, 

I really mean a lot, 

You are the best thing that happened in my life, 

You are in my every thought, 

I am really proud to have you in my life, 

I am really proud to be called your wife!"
Husband,Life is incomplete,"I was incomplete in life, 

I was not that happy and content, 

But, since the time you entered my life, 

You gave me everything, 

Love, the support and time to strive, 

I really love you a lot, 

You are my most wonderful thought!"
Husband,To share with you,"Sharing my happiness 

And all my sorrows 

You are my hubby dear 

With you I don't feel the fear 

You are the smile of my life 

Without you I won't truly survive 

Thanks for your love and care 

Because I know that you are always there,
 
I love you a lot!"
Husband,My longing for you,"All my longing and wishes come true 

My baby when I am with you 

With you, I have this eternal smile 

With you, I feel all good for all the while 

The laugh and that silent tear 

The way we share and always care 

So lucky to have found a hubby like you 

You are a part of my life and my do 

I simply love you 

I mean every word and through 

Baby I so love you!"
Husband,Of that silence,"Of that silent touch you make, 

Your love is so pure I know 

There is nothing fake 

Of all the gestures you do for me 

Of all the things that give me glee

I know that you are always there 

I am glad that I share 

My life with you, 

I love you!"
Husband,With a hubby like you,"With a hubby like you I feel so blessed

You understand me like no one would do

With a hubby like you I feel so good 

You make all things new

A hubby like you is truly great 

And, I just want to say 

That I love you!"
Husband,I share my happiness,"I share my happiness and sorrow with you 

I don't know without you what would I do 

You are the source, which makes me smile 

All the way and every while 

I can't take a single step alone

With you I am in a comfort zone 

Baby, never leave me and love me till the eternity 

It's you who are my love and verity

I love you a lot 

From my most purest thought!"
Husband,Its ride with ups and downs,"It's a ride with ups and downs 

The road was never so smooth I know 

How many times I have argued with you 

You had a loving response for me

You have all the patience I wish to see 

You are great as a husband and great as a friend 

Thanks for all your wonderful gestures 

I know that well you understand 

You make my life so pretty this way 

You are my world my blessing every way 

I love you hubby dear!"
Husband,You are a man of my dreams,"You are a man of my dreams 

For me you are my prince 

I am so lucky that you love me so much 

As pure as your lovely touch 

Having a hubby like you in life 

I think my life is complete 

You are like a dream come true 

My love for you is so chaste and true 

Baby don't change the way you are 

Don't change the way you want to be 

I love you the way you are 

My hubby dear..I love you the way you are!"
Husband,When you hold me,"You hold my hand when I get scared, 

You oh so understand, 

With you I feel so blessed,
 
There is nothing to pretend, 

Thanks for coming in my life, 

I am glad to be your wife, 

I love you lots!"
Husband,I pray to god,"I pray to god all the time, 

You know what it is,

I tell him that if there is a rebirth, 

Then I want you back as my hubby, 

This is the biggest thing to cheer, 

Love you so much my dear, 

I really love you a lot!"
Husband,Love has no meanings,"Love has no meanings in life 

Love has no barriers, 

With you my love is pure, 

With you my love is true, 

Baby, I feel the bliss, 

When I am with you, 

Love is truly you! 

Yes it's only you 

I love you!"
Husband,I love you so much,"I love you so much my dear hubby, 

Can't really live without you now,
 
I don't know how this happened,

But you are my life, 

I think not a single day,
 
Without you I can survive, 

Love you!"
Wife,A wife like you,"A wife like you is hard to find, 

The lovely thread that binds,

You and me together in love, 

We will stay this way forever, 

Because our love is strong, 

Because to me you belong,

I love you so much!"
Wife,Your loving touch,"Your influence in my life is such, 

Of your one loving touch, 

You are like an angel in life, 

Who loves me without any condition,

Thanks for so much love, 

Thanks for helping me in strive, 

You mean a lot, 

I love you!"
Wife,You have taught me,"You have taught me to be patient in life, 

You are my true strength in life,

I could not have asked for anything else, 

Because you are my perfect wife, 

Thanks so much for coming in my life,
 
Without you I won't survive, 

I love you a lot!"
Wife,I never knew I would,"I never knew I would find true 

Love in you my pretty wife 

I want to confess it to you today 

That it was not love every way 

You made me fall in love with you 

You made me do things in due 

I never came across a woman like you 

Whose so lovely, whose love so true 

Thanks for being a part of my life 

Tanks for making my life so wonderful 

My wife my dear, 

With you, my life is truly beautiful! 

I love you so much!"
Wife,Your eyes speak to me,"Your eyes speak to me,

Your soft lips and cheeks,

Your beauty enthralls me,

Its for you to see, 

That you have a mesmerizing affect on me, 

Because you make my life all glee, 

I love you a lot! 

From my loving thought!"
Wife,I Love You My Bride,"I will never regret a thing that took place in my life,

'coz whatever happened in the past led me to you, my bride. 

If ever a day goes by without me reminding you how much I love you. 

Don't let even a second pass when you are not aware about how much I do."
Wife,To my wife,"Dear wife,

You are my first and last love, 

I wanna confess, 

There is nothing to pretend, 

Coz you so understand, 

You are the light which I want to see, 

With you I feel so me, 

Love you sweetheart!"
Wife,When I say,"When I say you are my life, 

I really mean a lot, 

You always stay in my heart, 

Right from the start, 

You are my wonderful wife,
 
You are the reason of my life!"
Wife,In every season,"Seasons come and seasons go,

But, your love remains the same,

I may argue or I may blame, 

Makes me look so lame, 

But, your support for me is always the same, 

Because I am blessed with your name, 

In my life 

Thanks my pretty wife! 

I love you a lot!"
Wife,You are the one,"I assure you one thing today, 

That I love you more than yesterday, 

My love for you is beyond time, 

I am so glad that you are mine, 

I love you more than me my dear, 

With you I don't need to fear, 

Coz you are my strength!"
Wife,I really do not care about things,"I really do not care about things in life 

I really do not care about my wealth 

I care about your happiness the most 

I care to see you smile the most 

Baby you made my life so good, 

With you it's all good every way touch wood 

Don't change and let your love 

Be the prime thing in my life 

You have truly changed me as a person 

You have truly made my life 

As wonderful as can be 

Baby I am in love with you, 

The love that you can feel from heart 

Love that you can well see!"
Wife,When things go wrong,"When things go wrong, 

You give me hope, 

When I smile, 

You share your smile with me, 

How lovely it is really, 

How lovely is your company! 

Thanks my wonderful wife, 

For being my life!"
Wife,You are my life,"You are so amazing, 

You are so kind,

I can't imagine my life without you,
 
Because you are one of a kind,

You are my life my dear wife,

Without your love, I won't survive, 

I love you so much!"
Wife,Is it my fault in life,"Is it my fault if you are so pretty? 

Is it my fault if I love you so much? 

Is it my fault if I melt on your touch? 

Is it my fault if I cannot stay without you 

Is it may fault if I am so in love with you 

Fault is all yours because you have 

Given me so much love my wife 

That you have become my life 

Each moment that I spent with you 

The more I see you, the more I 

Want to be with you 

Baby know that I am in love with you, 

Love so passionate and love so true!"
Wife,I was not the same person,"I was not the same person you see 

I was not the way you saw me 

Since the time we got married my dear 

I have changed so much in life 

For good you can say and that is sure 

That your love has made me do this 

There is something that I feel with you 

There is a magic and allure 

You bind me to your love forever 

You just steal my heart away 

I want to tell you my beloved 

That you are special every way 

I love you so much my wife 

You are my life!"
Wife,I am in awe of you,"I am awe of everything you do 

I am in awe of things that I love 

I am in awe of your care 

All the times I know you are there 

I am in awe of your admiration 

The love that I can see in your eyes 

You have changed me so much my love 

You have made me wise 

I can't imagine living a life without you 

Know that I am in love with you 

This love will not ever change 

Baby know that you are the one for me 

My lovely wife!"
Wife,I want to confess,"I have never really confessed to you, 

That I really love you a lot, 

You know what, 

You are always in my thought, 

Feel so blessed to have you in my life 

I think without you now,

I will not survive, 

Love you a lot!"
Wife,You are the same in every season,"You are the same in every season 

To love you I do not need a reason 

Your eyes speak a lot to me 

When you sit close to me and see 

I want to remain lost in your eyes 

All the things that you say so wise 

I am hopelessly I love with you 

I don't know what I would do without you 

Without your love my pretty wife 

Stay as you are you are so sweet 

Life is wonderful with your company 

I love you so much 

So loving as your touch!"
Wife,You are my world,"When I say you are my world, 

I truly mean a lot 

From my every which thought, 

I want that you keep smiling, 

And spread the smile in my life, 

To the most beautiful wife, 

I love you a lot!"
Wife,When I close my eyes,"I close my eyes, 

It's you I can see,

You have become a reason for me to live, 

I really can't thank you enough, 	

For all the love you give, 

You are the sweetest person I know, 

I really don't have any words to show, 

Thank you my beautiful wife!"
Wife,The word for you,"The word gorgeous suits you right, 

Because you make my life so bright, 

With your radiant smile on your face,

And, that pretty grace, 

I think I am so lucky in life, 

To get such an amazing wife, 

I love you a lot!"
Wife,A magical vibe that I feel,"A magical vibe that I can feel 

There is a sort of past connection with zeal 

You are my life's every way 

You make my life blessed each way 

All the lovely kisses and hugs 

The assurance that you give me 

Makes me think that I won't 

Get a life partner like you 

Baby I am in love with you 

Baby I am a part of you 

Will stay this way forever!"
Wife,It was an instant connection,"It was an instant connection 

It was an instant hit on 

I knew the first time I saw you 

That I am going to fall in love with you 

Such was the magic in your eyes 

That made me so calm and wise 

Baby you have changed it all for me 

After all its you who I see 

You are now a part of my life 

You are always in my thoughts 

I would like to tell you this day 

That I am totally in love with you 

All and every way..baby I love you!"
Wife,For my wife,"Your presence in my life is a dream come true, 

With you around, I feel everything is new, 

Do you even have a clue? 

That how much I love you, 

You are the most wonderful wife, 

You are my world my life, 

I love you a lot!"
Wife,In your company,"Its your company which truly brings, 

A broad smile on my face,

Its your presence which brings along, 

A lovely and wonderful grace, 

Its you who make my life worth living, 

And I don't have much to give,

Thanks for everything! 

I love you a lot!"
Wife,You have bought that calmness,"You have bought that calmness I was 

Searching for so long in life 

You help me bask in my glory 

You support me in my every strive 

You smile seeing me happy 

You cry with me in pain 

I could not ask for a loving partner like you 

I could not ask for any other gain 

You are lovely you know that 

You make my life so lovely too, 

Thanks for coming in my life 

And making it wonderful all through 

My wife, my life, 

I want to confess that I am in 

Love with you!"
Wife,With you my dear,"When you hold my hand so tight, 

When you comfort me in my fright, 

When you make me understand, 

When we walk hand in hand 

I feel so blessed because of you, 

I feel so lucky to have you, 

I really love you!"
Wife,You are my love,"My love for you will never change with time, 

I am so glad that you are mine, 

My love can't thank you enough for what you do, 

Your love is so pure and true, 

I feel so good to be with you, 

I really love you, 

Yes I truly do!"
Wife,You came in my life,"You came in my life,

As an angel so true, 

You came in my life, 

The feelings so true, 

You gave a new direction to my dreams, 

You have been my pillar of support, 

To the most wonderful thought, 

I love you honey!"
Wife,You are the gift,"You are the most prettiest gift of life, 

You know me so well, 

Do you know that my beautiful wife, 

With all my might, 

I love you a lot, 

It's pure and true from every thought, 

Yes I do love you a lot!"
Wife,You Make Me Smile My Angel,"When I think about the way you make me smile even without a noise. 

Whenever I look at your pretty face and listen to your sweet voice,

All I think is, I surely must have done something really nice in life, 

That God rewarded me by sending an angel from heaven as my wife."
Father,Your spirit is young forever,"Dad your spirit is forever young 

You play games with me for fun 

You are more like a friend to me 

I can share all my secrets with you 

You are there and I know this bond is special too
 
Dad thank you for your love and help 

Can't thank you enough I know 

But I just want you to Know 

That I love you and respect you a lot!"
Father,You know you are the best,"Dad you are simply the best 

I have no words to express a thank you 

For all the lovely lessons you have taught 

For all the kindness from you to me 

Life has truly been a wonderful journey 

You have had a bigger role to play 

On this special and lovely day 

I want to tell you a heartfelt thank you 

For everything, you have taught me through 

I simply love you dad 

Thank you so much for always being there 

Happy father's day to you!"
Father,A word that means a lot,"Dad a word means much more in life 

Through all the struggles and strive 

Dad is there and he is your support 

Whenever you are down 

When you cry or when you frown

He has the patience to deal with you
 
He will always be there for you 

Dad is such a magical word 

That impacts the life for sure 

Dad's love is selfless! 

Dad's love is so pure!"
Father,I never really told you,"I never really told you that 

You mean so much to me 

Never really told you that 

You are the source for my glee 

Your presence does make a difference 

And I truly feel more happy 

When I discuss anything with you 

And you have that smile on face 

So loving are your ways dad 

So loving is your grace 

I am blessed to call you my dad 

Blessed to have you in my life 

Thank you so much my dad 

You are truly my life!"
Father,I know that things will be better,"I know that things will be better with time 

I know that your support is there 

You have been a true source of inspiration for me 

Dad without you there is nothing to see 

I salute you for your love and dedication in life 

Dad you are my love and my guide through strive 

I love you till the end of time

Will keep loving you!"
Father,My Incomparable Dad,"Anxious eyes have watched me night and day,

Precious tears have embraced my every way.

Strong hands have held me before I fell,

So much and more stories to tell

Of my dad, the great one,

A soul that can be second to none."
Father,Sometimes I do tell you,"Sometimes I do hesitate to tell you 

That you mean so much to me 

I get scared at times 

To open my heart 

But you are the one who 

Guides me along the way 

To get that head start 

I know about wisdom 

I know about lessons of life 

Only because of you, Dad 

I take decisions so wise 

Thank you for always guiding along 

And making me strong 

I love you so much dad!"
Father,You Mean So Much To Me,"Dearest Daddy how can I begin to tell you what you mean to me,

Whenever you're around the grass always seems to be green.

The sun is just never too hot and there's a rainbow in the sky,

You make all of us so happy Daddy, I can just never deny. 

I just want the best for you, cause you're so very dear. 

May you perpetually go around spreading your lovely cheer."
Father,"My Dad, My Friend","A friend who encouraged me all along,

His words always ring to me like a beautiful song.

Your presence has been the most inspiring

Even at times when the whole world came folding.

Dad, you are indeed the best,

For filling my life with the much needed zest."
Father,So loving are your ways,"So loving are your ways in life 

You silently care for me I know 

Sometimes you also shout at me 

But, then you also show 

That you love me so much in life 

Dad I am truly grateful to you 

For all the things that you gave me 

For all the lessons of being 

I cannot imagine a life without you 

I cannot imagine my day without you 

If I am complete in life 

Its only because I have a lovely dad 

Like you 

I love you a lot dad 

Thanks you so much for everything 

Happy father's day!"
Father,All the things you have taught,"Over the years all the things in my heart 

There are rear occasions to express 

Dad I want to tell you that you are the best 

I want to follow your ways in life 

I want to follow your path of strive

I wish to take your wisdom with things 

So that I can achieve things my way 

Dad you have always been there 

To support me in everything 

On this special day today 

I just want to tell you heartfelt thanks 

You mean so much to me dad 

It will stay this way forever and through!"
Father,Fathers are special every way,"Fathers are special in every way 

They instantly pep up your day 

Fight for reasons you support 

Give you a chance and a new hope 

Fathers have their own charm 

They make sure you never lose in life 

They will make your mood in strive 

Always there when you need them in life 

Always there in darkness and night 

Dad you make my world so bright 

Just want to thank you for everything 

You mean a lot to me 

Happy father's day to you!"
Father,My silent shelter you are,"You are my silent shelter 

Who gives solace of every kind
 
Your love is so unconditional 

Your love is nowhere to find 

Dad you are the best in everything that you do 

I may not have told you before 

So let me confess it to you 

Dad I truly respect you 

And I truly love you 

Thanks for everything dad!"
Father,I want to thank you so much,"I want to thank you thousand times 

For guiding me along 

For teaching me so much in life 

For making me so strong 

I want to thank you for always being there 

Want to thank you for that silent prayer 

Dad there can be no one like you in life 

There can be no other in reason to say 

You are and will remain special every way 

I love you so much dad 

Stay as you are..You are simply the best

Happy father's day to you!"
Father,Things do change,"Things do change with time
 
And life takes a strange turn 

But with a dad like you beside 

Each time is an easy time 

You help me get out of the tough
 
Of all the strive and rough 

Your guidance gives me the way 

You don't even have to say 

As your actions and gestures say it all!
 
It's because of you that I stand so tall!

I love you dad!"
Father,The mountain strength,"The strength of mountain that you have 

That eternal charm of yours 

You make situations easy in time
 
That is your way to teach 

Dad you may not verbally tell me
 
But, I know that it's well to be 

That your love is selfless I also know 

You don't always show 

But I respect you even more
 
With the passage of time!"
Father,An Ode to My Dad,"Thanks for showing me the way

Even in the darkest moment of every day.

Thanks for being patient and wise,

In all those times I've acted otherwise.

Thanks for believing in me even when others did not

You will always be the person I cannot live without."
Father,It is a bond that will stay forever,"It's the thinking and the bond 

All the meanings of being strong 

While you are in the wake of things 

There is wisdom that you preach along 

Dad you are the best I want to tell you 

There is no one as lovely as you 

You give me reasons to smile 

Teach me to be tough all the while 

Teach me to be myself 

Teach me all the things in vice 

Thank you dad for always being there 

Thanks in ways you always care 

There is no one like you 

Happy father's day to you!"
Father,Daddy dear I love you so much,"Daddy dear I love you so much 

So pure as you have that loving touch 

You assure me things will be alright 

You tell me to see the light 

You guide me along the path 

You take me to that perfect start 

You play games with me 

You are there when I need you the most 

On this special day today 

Let me raise a toast 

To the most wonderful dad I know 

I love you so much dad 

Happy father's day to you!"
Father,You have fixed all my worries,"You have fixed all my broken joy
 
When I am down with things in life 

You made me smile and gave me joy 

For me you will remain my number one 

With you all the sessions are fun 

Dad you are my life, you are there for me
 
And all the things that I wish to see 

Dad you are a true star! 

With your guidance I have come this far! 

I love you to thee!"
Father,Loving deeds and thoughts,"Loving deeds and loving thought 

With you my life is so much sought 

Dad you are the greatest source of strength

You are the power I wish to see 

Dad you are the best in everything you do 

You accomplish things without any clue 

There are so many things I wish to learn from you 

One day I will surely be like you 

And yes that is my loving promise to you 

Dad I love you 

You mean a lot to me!"
Father,When I used to cry,"When I used to cry in pain 

You would make funny faces 

So that I forget my pain in vain
 
Dad you shared your life stories with me
 
So that I understand the life in a better way
 
I may not always tell you this

And I know that I don't even say 

But dad you have had an important part
 
In my life and right from the start! 

I love you and respect you a lot!"
Father,You are my silent supporter,"A father is a silent supporter 

Never shouts or gets angry on things

A father is always there for you 

When you need him in life 

A father will guide you along the way 

In all your struggle and strive 

A father will make you smile 

Even in the darkest of scenes a while 

A father has a special place in the heart 

A very special part 

Having you in my life is like bliss

I thank you for everything dad 

You are simply great 

Happy father's day to you!"
Father,You are an angel for me,"Fathers are angels that give your life a blessing

My father does not speak so much 

But he surely has a magical touch 

He frees away my pain when I am stressed

With his guidance I move ahead in life 

He has taught me the true way to strive 

Love you dad for all my life 

Will love you till the end of time!"
Father,My Gratitude to my Dad,"You never let me down,

You never made me frown.

I've only seen happiness with you around,

By making me feel like a princess crowned.

Today, I give you my word,

To make you feel happy and carefree like a bird."
Father,Your power and your love,"The power of guidance that I learned from you
 
I think I am truly from the blessed few 

Coz your role in my life is immense 

You have been there in every tense 

Dad your love means a lot 

And I am telling you from my pure thought 

That you have had an important role 

You have helped me reached my goal 

In life and I love you for that 

Thanks dad!"
Father,A father as perfect as you,"A father as perfect as you 

All the things said and true 

You have motivated me throughout 

And taught me to stand out of the crowd 

You encourage me when I feel so low 

You give me a sense of things to show 

I never feel down when you are around 

It's the pure love that surrounds 

Father you are simply the best 

Always passing through the life's test 

There is so much to learn from you 

There is no one other like you 

I love you so much dad 

Happy father's day to you!"
Father,My Father's Love,"My father's love goes deeper and beyond words,  

When I call out in pain, I can be sure I'll be heard.  

When I need a hug, I know he'll be waiting with open arms,  

And when I am scared, he'll make sure I'm safe and sound.  

When I need someone to talk, he'll be waiting for me to start, 

When I am sad and in pain, he'll be already mending my heart. 

No matter what the situation is, my father will always be there,  

When I am looking for love, I'll open my eyes and find love everywhere."
Father,When I was a little child,"With you I am a little disciplined in life 

Though you have helped me in my strive 

With you I just want to be myself 

And see the things that I need in life
 
Dad thanks for all your guidance 

Which have helped me so far 

I promise you with your love 

I will shine like the star

I love you so much dad!"
Father,I know that you are there,"I know you are always there 

To support me in things I do 

I know you are always there 

When I feel so blue 

Dad you have been my strength 

And I respect you in each way 

Dad without you life is tough 

You help me in my every say 

Thanks for being in my life 

Thanks for every strive 

I love you dad!"
Father,All these years I have,"All these years I have learned so much 

The great things that you have taught me 

The wisdom that has changed me 

You guided me along the way 

So that I could have my say 

Dad thanks this word won't be enough for you 

Coz I am truly blessed in few 

To have such an amazing dad like you 

I just want to tell you 

That you will stay a special part 

Your place is in my heart 

Dad I mean when I say 

That yes I love you all the way!"
Father,Your voice is enough,"Your voice is enough for me to motivate 

You are a source of inspiration for me 

Dad it's your kind words and care 

That guides me and gives me the glee

Your support makes me learn new 

I am truly blessed you know 

Coz dad like you are one in few

I simply respect and love you 

A very big heartfelt thank you!"
Father,I have that respect for you,"I have that respect for you 

The love that I feel for you 

Dad you have been the greatest 

Source of inspiration and through 

Words would not be enough 

If I put in few words for you 

That you are the most amazing 

Dad and I so love you 

For always being there 

For your love and care 

Dad you are and will 

Always remain special!"
Father,You are the reason so true,"Dad is strong when you know he is there 

Dad is so kind and compassionate 

He may not confess it to you 

But will be there to always support you in blue 

Dad is a definition of tolerance for me 

Its a wish that you want to see 

Dad I love you from my heart you know 

Dad I love you to thee! 

Thanks for being there!"
Father,Over the years,"Over the years I have known you for sure
 
The tolerance that you have 

The spirit of doing things alike
 
Sometimes I just give up in life 

But you always motivate me 

You are always there to teach 

You stand beside me 

I know that you love me so
 
And I also want you to know 

That dad I also do the same 

So thanks for being there!"
Father,You are the Best Guide,"You were there whenever I need you

Your love for me is so genuine and true.

You guided me and showed me the way,

I've shared my life's best moments with you I must say.

Thank you for being there for me,

And for teaching me to swim the toughest of seas."
Son,A reason you should know,"The day when you were born my son 

Was the day when I got the glee of my life 

So many years being with you 

Now I cannot truly suffice 	

You give me a reason enough to stay 

Easier you make my every way 

Your love keeps me going so strong 

And I feel so blessed to me you belong 

I love you very much my dear son 

For me you will always be the one!"
Son,You throw so many tantrums,"You throw so many tantrums 

Your demand for things get so long 

You do things to annoy me at times 

But still you are so strong 

You make me smile and that is the reason 

I love you so much my loving son 

I pray that you get success every way 

I pray that you never have to struggle any day 

I always wish the best for you in life 

As you deserve every bit in strive 

Baby stay as you are so loving 

You are my most adorable son 

I love you so much!"
Son,That first time when I held your hand,"That first hug when I held you tight 

That first tantrum and things were not right 

You used to hide things from me 

You used to question me all the time 

Your bright ways and those pranks 

Used to give me nightmares at times

But time has surely made you wise 

You are and will remain my dear 

The apple of my eyes 

Stay as you are my lovely son 

Don't change because you are the best 

I love you so much my lovely son!"
Son,Like you in life,"A son like you is difficult to have,

Because you are so wise,
 
In every which way 

You understand the things

Which I don't even say, 

You are the spark in the dark,

Son stay blessed and do make a mark, 

In your life!
 
I love you!"
Son,Mama's Boy Forever,"The years go by,

As the clock ticks, the time fly,

Oh! you were so cute little mama's boy,

Remember how you played with that toy,

And,now you are all tall in front of me,

Blurred is  my eyes,but still I can see,

Your mom loves you forever!"
Son,All the things with you,"Things change and people too grow 

Bond of son and mother will never outgrow

You are still the same in my eyes 

Being a bit naughty but more wise 

I have one wish that you stay blessed 

Yes so blessed my son in your life 

And, may troubles never see you through 

May you get all super and new 

My loving son is my wish for you 

From my heart, I so love you!"
Son,No one like you,"There is no one like you,

There is no other like you,

Son, do you know that you are really special

Special amongst the few 

I just want that you smile all day 

Just stay happy in every which way 

I love you a lot!"
Son,My Beloved Son,"For the first time when I took you in my arms,

Your eyes had a gleam and an astounding charm
Years have passed by,

Your success has touched the sky,

But,for me you will remain the apple of my eye,

My dear son, a happy thought that made me cry!"
Son,My Lovely Child,"The moment you came in my hand,

I could not understand,

How to react to this beautiful joy,

The sweetness of your face,

Like the soft toy,

You mean the world to me my son,

You are and will always remain number one."
Son,I have lots of cherished moments,"I have lots of cherished memories 

From your first year till now 

Time flies too fast I know 

I really did not have any gesture to show 

But today I want to write to you 

That you have changed my life my boy 

With you, I feel my day just got bright 

You bought so much of joy 

I wish that you find happiness 

I wish that you find success all the way 

This is my blessing for you each day 

I love you a lot son 

For me you are my number one!"
Son,My Small World,"You are my world,

My sweet little son,

There are so many moments of fun,

Which can't be expressed as one,

But, let me tell you, that I love you,

With you around,every day seems new!"
Son,Still remember the days,"Still remember those naughty ways,
 
Those where the good old days, 

When you used to cry and crib 

And fall on every trip 

Hey that is a long way, 

Today I just want to say,
 
That you have really changed with time

And, I am proud to call you mine! 

Love you son!"
Son,My Little Sonny,"My heart fills with love and joy,

When I see your charming face and smile so coy.

You are the little God and devil of my life,

You are always the way I deal with strife.

Years go by quickly 

But our bond grows so swiftly..."
Son,I want to tell you,"I want to tell you many things 

Things that are left in my heart 

You mean the world to me my boy 

And I still remember your first toy 

I couldn't give you the time I know 

But my feelings are so true to show 

Your mom loves you very much 

And I also wish to embrace you with my touch 

Just know that I always care 

And you can also pleasantly share 

Your life with me 

I love you so much my son!

More than you can see!"
Son,There is nothing,"There is nothing at all in life,
 
Which I don't wish for you 

I wish that you get everything 

I wish that you get all new, 

I wish that you stay blessed,

In whatever you do,

My son, I am really happy for you, 

I love you!"
Son,You are my smile,"A son like you is a blessing in life,

Amidst all the strive,
 
A son like you is a light 

That brightens up the dark day, 

I just want to say
 
That you stay blessed forever in time,

I love you my son!"
Son,I remember your silly ways,"I remember your silly and naughty ways 

I remember those awesome days 

When you used to do things alike 

You used to do things and hide 

I still remember that naughty smirk 

And that awesome tint of your eyes 

Baby you have grown so big 

Baby you have outgrown my size 

You will stay in my heart forever 

You will stay a part forever 

All the way in my life 

My loving son, I love you so much 

Stay blessed forever in life!"
Son,I know of many moments,"I have lived many moments of my life with you 

Of all the crazy happiness and all new 

You have been the source of my smile 

When I will sit and I will compile 

I will have only good ones to remember 

Coz with you life is so blessed 

You have excelled in life's every test 

I wish and pray that you stay happy my son 

And I want you to shine bright like the sun 

I love you so much 

My love being pure and such!"
Son,Mama's First Love,"Your beautiful smile may charm the girls,

But, for me you will always be a mama's boy,

Still remember I remember the time,

When I bought you your first toy,

Time has passed, and look at yourself now,

Time passes so soon,

Don't even know how,
 
Love you my son!"
Son,To My Dear Son,"The time I first held you close to my heart,

I made a vow that I'd never part.

I wondered how you'd be when you grow,

You had the ability to lift me when I felt low.

Today, you have become a man.

But I will continue to be your biggest fan."
Son,The happy moments,"The happy moments that I spend with you,

Do you even have a clue? 

That you are truly special in my eyes,

With you being naughty and wise 

My son, always stay blessed in whatever you do 

Pure souls like you are truly few

I love you!"
Son,As days are passing by,"As the days are passing by 

I am getting to know you my boy 

You may shout and you may cry 

But inside you have a heart of gold 

You have many things untold 

The reflections of your life 

There are things that help you strive 

Be the same person you are 

Never ever change for anyone 

Life will give you a chance each day 

You will surely have an amazing day 

Stay blessed my son 

My blessings and love are with you 

In life's each way and through!"
Son,You are the only reason,"You are the reason why I smile 

You are my blessings all the while 

I forget how I am with you 

You let me say what I feel 

I never imagined that I would find 

A support that I always need 

Baby as you are a big boy now, 

I wish you all the best in life 

I wish that you get more handsome 

And may you get wealthy and healthy too 

That is a loving wish from me to you 

I love you my loving son..God bless you!"
Son,In happiness of life,"Whether in happiness, 

Or in sorrow,

A son like you is always a blessing
 
For a wonderful tomorrow,
 
A son like you is hard to find,
 
I feel so proud to call you mine, 

Stay happy my lovely son!

For me you are my number one!

Love you a lot!"
Son,The day when I will know,"The day I first caught you in my arms, 

Is the day I would never forget,

That day you gave me a role to play 

I did not have words to express or say 

Over the years, you have grown so wise 

I can only see through my eyes 

My love will never change for you 

Coz I feel so blessed to have you 

My lovely son I want to confess 

You will remain special one for me 

I love you till eternity!"
Son,A Message To My Son,"Dear son,
 
All your demands that I had to know,

Being immature at times to show,

You did everything to make me unhappy,

From changing clothes to nappy,

But, now you are much wise,

There is a new spark in your eyes,

Please stay sensible and as you are,

Tomorrow if I am there or far!"
Son,A loving son like you,"Having a loving son like you 

My life is complete and true 

Having a son like you 

Gives a sense of things in due 

You are so good I have to tell you 

You love me, as no one else would do 

I can see that respect in your eyes 

I am proud that you are so wise 

The wisdom speaks special for you 

My loving son, I want to tell you 

That you are and will remain special 

For me every way and through!"
Son,My Naughty Brat,"Your demands for chocolates,

Your demand for toy car,

How reckless you used to play,
 
And would get a scar,
 
Remember the golden moments of your childhood,

Where time just stood,

God bless you my son,

Stay happy as always!"
Son,When you were,"You were so naughty from the start 

So many likes yet apart, 

Of all your distinct ways,
 
I just want to say

That you are the star that shines so bright
 
With you there is peace in my heart,
 
A loving might
 
Stay blessed my son!

I love you a lot!"
Son,Not Everyone Is Gifted With A Son Like You,"Not everyone is gifted with a son as sweet as you,

Not all sons can lift their parents up whenever they're blue. 

You are the most special child ever made by God,

You are not just our son, but a blessing sent from the angels aboard."
Son,I will always,"I will always be there to guide you,

But you have to choose your way,

I will give you ideas, 

But, you will have to say,

I will help you with struggles of life 

But, it's you who have to strive 

So son, stay blessed in life 

I love you is all I wish to say!"
Son,You are so naughty,"You are naughty and I know 

You have that smirk to show 

Deep down you are innocent 

And so loving too my son 

You were always special for me in life 

You will remain special and number one 

You are and will remain the one 

Bless you so that you have your way 

Bless you for super life ahead 

You have truly made everyone proud 

You truly stand out of the crowd 

Bless you my son I love you so much!"
Son,I can feel so many emotions,"I can feel so many emotions with you 

I can feel that bond that is special 

I can feel that love that you give 

It makes me complete so in life 

Baby as you are growing up now 

I wish you never struggle or strive 

I wish that you get the best in life 

The best in life that you can find 

For a loving son like you 

Should get everything in life and due, 

Baby I just wish the best for you 

For my loving son!"
Son,You have been so good in life,"You have always been my good son 

You always obey what I say

Today I feel so proud to look at you 

As you have that wisdom in your eyes, 

I am really happy for you 

Happy for all your success in life 

so happy that you came in my life 

Gave me reason enough to smile 

I want to you stay healthy 

Happiness never leaves your side 

Success and wisdom forever my boy 

You are the reason for joy 

I love you so much my son!"
Daughter,What is happiness without you,"What is happiness without you I ask? 

A daughter like you is a thing to bask 

So let me tell, you are special 

Let me say that you mean so much 

I would like to express it all 

With my so loving touch 

A daughter like you is my life 

I know without you I will not survive 

You are my heart and you are my soul 

You play the most special role 

In my life my pretty daughter 

Bless you is all I want to say 

On this special day 

I love you all the way!"
Daughter,You are mine forever,"You are my daughter the gem of my heart 

Shine bright like the star my dear

May you get what you are ever deprived 

May there be no place for fear

My blessings and all my love for you 

Will forever stay like your cover 

So blessed to have a lovely soul around 

Whose love makes things easier to surround,

Kind and passionate that you are 

You shine like the bright star 

Never lose your wisdom my daughter 

For that is the gift of life!"
Daughter,Those tiny fingers,"Those tiny fingers I still remember them 

That feeling of seeing you for the first time

I never knew you would be a part of me 

Of things that were truly destined 

My dear daughter you are my world today 

I can scream and go out and say 

That you are the best thing happened to me 

With you, I feel the share of glee 

Baby I love you so much from my heart 

It's your special day today 

So make that awesome start 

Is a wish from your mommy dear!"
Daughter,Pretty As A Princess And Eyes Of A Doe,"Pretty as a princess and eyes of a doe,

My dearest daughter lovely, I love you so. 

Your body is so delicate and so fragile,

Your heart is so clean and so innocent is your mind."
Daughter,With your smile,"Your one smile brightens up my whole day, 

I really don't have any words to say, 

You came in my life at the time when it was dark,

You have added a new spark, 

It's lovely to have a daughter like you, 

I think I am like the blessed few!"
Daughter,I will cherish each moment,"I cherish each moment that I spend with you 

For the memories will stay in my heart 

You have been my darling princess 

Right from the very start

You give me a reason to stay happy all the while

With you, I have my brightest smile 

You are the sunshine in this darkness of life 

Without you its tough to suffice 

Thanks for all the happiness you have bought

With you, my life is much sought 

Love you my darling daughter 

You are my first love forever!"
Daughter,The smiles all through,"The delighted smiles that I can see 

My world is happy because of you 

Since the time you came in my life

Easier is my every strive 

Your face makes me smile my dear 

You bring along the lost cheer 

The day just peps up when you talk 

Things are just more fine with you 

A daughter like you who is so pretty 

I can call you my sweetheart to

For making my world a better place 

You are my daughter, I love your grace 

Stay as you are my love 

Coz I love you so much!"
Daughter,To thank you,"Whom should I thank? 

God or my destiny, 

For the gift of lovely daughter in my life, 

You are an angel for me now, 

I don't think without you, 

I will be able to survive, 

Thanks for coming in my life!"
Daughter,Happy with you,"You laugh with me when I am happy, 

My dear you cry with me, 

You can see the smallest thing, 

Even which dad can't see? 

Thanks for being such a wonderful daughter that you are, 

Always shine like the brightest star!"
Daughter,I agree that you are,"I agree that I am a loving parent to you 

But let me that that you are loving too 

So cute are you ways my dear 

When you are near there is no fear

Carefree I feel when I talk to you 

An equation that I truly share with few 

So blessed to have a lovely daughter like you

Who brings in happiness each day in life 

May you get whatever you were ever deprived 

Is my blessing for you 

May dear baby daughter I love you 

A love that is beyond everything!"
Daughter,Beat of my heart,"You are the beat of my heart, 

You have been special right from the start, 

You are the sun that shines, 

You are light of the moon, 

You are so kind, 

You are my beautiful daughter, 

You are one of a kind!"
Daughter,I Am Lucky To Have You,"Daughter is the gift of life, 

From being a mother to wife, 

She does everything with grace, 

For all the relationships, she lays the base, 

A daughter is always so true, 

I am so lucky to have a daughter like you!"
Daughter,A daughter like you,"A daughter like you is hard to find, 

You are so cute and kind, 

You help me in whatever I do, 

I really am from the lucky few, 

Coz I have a wonderful daughter like you, 

You stay in my heart,

It's from the start, 

Love you!"
Daughter,No matter even if you,"No matter if, I do not understand you 

No matter if, I have no clue

No matter if things do change 

No matter if, you feel so strange 

Know that your mom is always there with you

To give you a loving shoulder all through

Your mom will be there for that love 

Whenever you are in need or blue 

Having a daughter like you, I feel so blessed 

I feel like I am the lucky one 

Be as you are your charming best 

Live your life with a new zest 

I love you my daughter 

More than me!"
Daughter,I still remember things,"I still remember you were so small 

The journey of growing up all tall 

Still remember your sweet little ways 

Those were so innocent days 

You used to worry a lot about me 

And things have not changed to thee 

You are still my daughter, my dear one 

With you, life is so much fun

I have my blessings to give you 

So that you get what you want and new 

My baby daughter feel so blessed 

May you get whatever in your nest 

And sadness does not come to you 

My dear daughter I so love you!"
Daughter,My Sweet Understanding Daughter,"A daughter knows what you think, 

She gets you what you want before you blink, 

She understands the feelings so pure, 

When you feel down, she is there to assure, 

A daughter understands you in and out, 

She shares your feelings if you have any doubt, 

A daughter is the best gift of life!"
Daughter,You are my world my dear,"You were so rebel from the start 

But I knew that you have a clear heart 

You used to act stubborn every way 

But give me a memory for the day 

You had this feeling of being different 

Always out of the crowd

And sometimes you were a bit loud 

But now that you have grown all big 

You look so pretty my dear daughter 

I just want to wish you a bright future 

With happiness and smiles all the way 

May you have an amazing day

I love you!"
Daughter,My world has changed,"My world changed when you came in my life 

It was as some angel took birth

You took away my pain in life 

And all the thing of mirth 

All the lovely moments that I spent 

Got enclosed in my heart forever 

A daughter like you is like a treasure 

Who stays in for entire life 

If you would not have been there 

I would not have survived 

I just bless you that you stay happy 

Coz I love you very much!"
Daughter,Every Time I Look At Your Pretty Face,"Every time I look at your pretty face,

It reminds me of my old days.

It feels amazing to see my own image in front of me,

It is just that you are prettier than I could ever be.
 
You are beautiful my dear, and so is your heart,

Your mind is even wonderful, so clean yet unbelievably smart. 

I am so proud to see you grow into such a lovely woman,

You dear daughter are the best gift to me God has ever given."
Daughter,Do you know?,"Do you know my love? 

What you mean to me, 

I may not be able to say,
 
That you mean the world to me, 

You are the apple of my eyes, 

You are perfect and so nice, 

Proud of my daughter!"
Daughter,You are an angel from heaven,"Daughters are the angels from heaven 

They have this fairy light 

They end the darkness in your life 

Making everything oh so bright 

You bought that light in my life 

You are the reason why I strive

My only blessings for you this day

Is that you stay happy all the way 

That grace on your face is true

Lucky to have a loving daughter like you 

I love you with all my might 

You make my world so bright!"
Daughter,She Is The Only One,"She does everything without any reason, 

She is just the same in every season, 

She cares and does not make you feel, 

She does everything for you with a great zeal, 

You do not have to tell her anything, 

She is the sparkle of life, a very cute bling!"
Daughter,For a sweet daughter,"I wished for a sweet daughter, 

And god gave me a little angel, 

My daughter you are my life, 

You are my world, 

I really can't stay a day without you, 

You are my everything, 

Do you have a clue? 

I love you so much!"
Daughter,You bring joy in my life,"Daughter brings joy to your life, 

She gives you the inner peace, 	

Looking at her face, 

All the tensions do cease, 

Proud to have you in my life, 

Without you how will I survive? 

Love you sweetheart!"
Daughter,When you were small,"When you were small, 

You used to cry in vain, 

I used to comfort you, 

Even in small pain, 

You would say mom, please hold me tight, 

I would take you in my arms to calm your fright, 

Now you have grown up to be so wise, 

Without you I won't survive,

Love you my daughter!"
Daughter,A sweet daughter like you,"A sweet daughter like you is hard to find
 
A daughter like you whose so kind 

You are pretty beyond your soul 

And you do play the most important role 

My life is surely incomplete without you 

My life is blank without your name 

Do not ever be and don't you change

Be loving and darling like you are 

I wish that you shine brighter than the star 

A daughter like you is like the light 

Making my world so bright

Love you my dear daughter 

There is no one like you or other!"
Daughter,Grow up pretty,"Grow up pretty and confident my girl 

You have the will to go so far 

See the meanings of things that matter 

For those will take you where you are 

See positive insights in life 

That will help you to forever strive 

Try my girl if you have the wish to do 

Nobody can really stop you 

You are pretty and you know it well 

Leave your past and don't you dwell 

Look at the sunshine on your face 

You have that eternal energy and grace 

Just be who you want to be

And life will be so merry 

I love you a lot my daughter dear!"
Daughter,The time that was,"When you came in my arms, 

Your smile made my day, 

That time I did not have words to say, 

But let me tell today 

That you are the blessing of my life, 

Without you I won't survive!"
Daughter,Be whatever you want to,"Be whatever you want to be in life 

Be pretty and be forever so wise 

Show the world what you are capable of

Show the world that you can willingly strive 

Wish that you reach for that distant dream

Wish that you get what you desire 

My loving daughter would love to see 

Reach your destination and higher 

It's lovely to have you around me 

Coz you bring in my life a new glee

Love you my pretty daughter 

And I want that you stay happy 

A blessing from your mom

So that you stay blessed to thee!"
Daughter,My dear you are,"My princess my dear you stay in my heart 

Since the time you were born and start 

You have a special place that no one can take 

Lots of memories that we make 

You are the apple of my eyes 

You are so cute and yet so wise 

A complete character and a daughter so dear 

With you, life has a lot more cheer 

Stay as you are as chirpy as you are

Shine so bright like a distant star

May you stay blessed in every phase of life 

That is my heartiest wish for you my daughter 

I so love you!"
Daughter,With you in my life,"You know me so well oh dear, 

With you in my life,

I have a reason to cheer, 

You are so true in everything,
 
You are the apple of my eyes, 

Over the years, 

You have grown up to be so wise, 

To my lovely daughter!"
Daughter,The Way You Make Me Feel,"You made me feel good when I was feeling sad, 

You made me feel good when I was feeling bad, 

How come you know what I want, 

Cheers to our inseparable bond, 

My daughter you are the best you know, 

I love you so much; I don't have words to show!"
Daughter,You Are An Angel,"You are an angel my dear, an angel you're to us, 

An angel who has been sent from heaven on earth.

You were wrapped in silver paper and placed in a beautiful basket,

You looked like this lovely jewel or a diamond placed in a casket.

God sent you to us and we promised him we'll treat you right,

'coz you were a gift sent to us under the stars in moonlight. 

We love you little daughter, 'coz you're an angel from heaven."
Daughter,In all the good times,"In good times, 

You used to come to me with a smile, 

When you were sad, 

You used to cry for a while, 

But I have seen, you have grown over a period of time, 

I am so glad that you are mine, 

To my pretty daughter!"
Brother,I just want to confess,"I want to confess that you did a lot to see me smile 

Not for a day but all the while 

Brother you are definition of what I call so cool 

And in front of you I am a fool 

I always fight with you without reason 

We stay this way in each season 

But deep down I know that you are there 

And I feel lucky because you care 

So good to have a bro like you 

Whose so cute and loving too 

Bro I love you!"
Brother,We are like so many,"We are like the branches of same tree 

But yes we are not the same 

Sometimes its love all the time 

And sometimes we just blame 

But I love to share this hot and cold relation with you 

As we are bonded with love in time 

So blessed to have a brother like you 

Whom I can proudly call mine! 

Love you brother!"
Brother,You can be so sweet,"You can be sweet at times I know 

But you also shout at me 

You can be good to me I know 

But at times you are the reason 

To lose my glee 

But being as you are has helped me a lot 

Also want to thank you from my every thought 

Coz you are the best in everything 

And that also makes my heart sing 

Coz you are truly the best 

I love you brother!"
Brother,The World's Best Brother,"All the days of fun and laughter,
 
All the things that come after,

Bro we had many fights,

You used to say you are just right,

All the sweet memories of child hood,
 
Its still fresh, like the time has stood,
 
You are the best!"
Brother,You are so very strong,"A brother so strong in thoughts 

A bro who I look up to 

A bro whose always there in need 

Oh I think I have done some good deed 

To have such an amazing brother like you in life 
 
Can't thank you enough for your efforts for me 

And all your little strives 
 
A brother like you is just too awesome in life 

I love you so much bro 

You are too cool you should know!"
Brother,We have shared so many,"We have shared chemistry 

This is like on and off 

When you had some work from me 

You used to come to me 

And when you used to shout 

I felt like you are a crowd 

Now I remember those happy years and smile 

Of all the memories away and while 

I love you so much bro 

Be as you are!"
Brother,I now that you care,"Yes I know that you have helped me a lot 

And you never ever showed 

All the things that were in my mind 

And all the reasons you were so kind 

Your company has always been good 

And you have the most amazing poise 

Your ways and discipline have helped me a lot 

So want to say thanks from my 

Most purest thought 

Thanks again brother!"
Brother,Some silly fights with you,"Some silly fights and lots of fun 

For me you have been my number one 

My brother it is hard to say 

That you have troubled me more or I did that all the way 

But I had fun being with you 

And spending many childhood memories with you 

It was so such fun along the ride 

Like the most vibrant and shining tide 

Brother I love you so much 

More than you off course, it's such 

Keep shining and stay blessed all your life!"
Brother,I have had the best way,"I have had the best childhood with you 

Playing with toys and new 

Doing things to test others 

And doing things a few 

A brother to guide me along the way 
 
Who propped me to have my say 

With you there is a real spark 

And I do feel there is no dark 

When I am with you, I feel so protected 

Love you my bro dear! 

You are my life's only cheer!"
Brother,A brother so sensible,"A brother so sensible like you 

But you are so loving too 

A brother who always fights for me 

And there to protect me in turn 

You are the most prized gift in life 

You help me the reason in strive 

My brother you are like a star 

You shine bright and far 

And I love you for what you are! 

Love you so much!"
Brother,Of all the memories I had with you,"Bitter sweet memories of your love 

Sometimes we also fought along 

But it's you who taught me to stand tall 

And taught me to be so strong 

I may never tell you on your face 

But our bond surely has a grace 

Having a loving brother like you feels so warm 

It's you who have just transformed 

To make my life better each day 

I love you my brother is all I wish to say!"
Brother,My Favorite Bully,"Brother you bullied me so much,

You troubled me such,

But,still I know you love me a lot,

I will share with you my thought,

I also care for you,

That makes us an awesome two!"
Brother,I have a connect with you,"I can feel that emotional connect with you 

It feels so wonderful and so new 

Sometimes we are silly you know 

But we can also be so wise 

Not having a brother like you besides 

How do I even suffice,

Brother you are the best one in life 

You have helped me in my strive 

The best bro that I can ask 

With you easier is my every task 

And I love you for what you are 

In my life, you are my shining star!"
Brother,My True Hero,"Brother what shall I say to you,

You have been a wonderful brother to me,

It's a wish and all I want to see,

Is that you are the best you know,

I don't have many things to show,

You are a true rock star,

May you get everything and you shine like a star!"
Brother,A best friend when I need one,"A best friend when I need one 

A guide who shows me the way 

The protector when there is a problem 

Being there in things dismay 

A brother like you whose always there 

Whether I ask for or not 

I would wish you well my bro 

From my every thought 

Stay simple, as you are the best 

Stay as you are, 

You are the shining star 

Who brings light in my life 

I love you my brother 

I will forever in time!"
Brother,You have done everything for me,"I love you my brother for everything you have done 

From tying up my show lace 

And hitting with fun on my face 

From playing a prank to make me cry 

And doing things that I wanted to try 

You have made times good for me 

But also difficult at times to see 

A brother like you is still so good 

I want to have you as a bro next birth too 

And to that a big Touchwood 

I love you brother!"
Brother,Brother Like You,"A lot of wonderful memories we share,

And you are the one I genuinely care.

You became my brother by birth,

I couldn't have chosen a better one on Earth.

We grew together in hope and love,

You are an angel sent to me from above."
Brother,What I have with you,"When I have the emotional instability 

I always come and talk to you 

You are the key for my happiness 

And your feelings are so true 

There is a instant connect of being there with you 

With you I feel so secured and its so true 

A brother like you is like a gem 

Shining among the few 

You are too good do you know 

My bro I would like to show 

That I too love you!"
Brother,You have some sort of,"You have some sort of magical wand 

When I need you, you are always there 

I don't tell you anything 

But you always do care 

You understand me like no one else does 

And I am lucky and through 

Coz I have such a loving brother like you 

You are truly blessed and I am too 

I so love you my brother 

Just want to say thank you!"
Brother,A brother is the heart,"A brother is that connection 

Which is always there in your life 

You are there in my need 

You have your own way of doing things 

You make me understands the bad 

Pep me up when I am sad 

You are like an anchor in my life 

Always there to help me in strive 

You are alike a diamond brother 

There is no one like you or other!"
Brother,I know that I can annoy you,"I know that I annoy you a lot 

I know that I make fun of you 

I know that you are special for me 

That is why I do all these things in through
 
You are dear to me my brother 

You will stay this way forever 

A bond that no one can break 

I wish you well from my heart 

Nothing is there for sake 

A brother like you whose so cool 

You are kind in your ways too 

You have always been there for me 

To make me smile in the blue 

We have had the best time in life..I love you!"
Brother,No Special Occasion,"You dear brother, understand me so damn well,

The two of us together so effortlessly gel.

You take up for me when other's do me bad,

And make me laugh even when I'm so very sad. 

You are not just my bro but my best friend,

And we'll be just like this till the very end.


It's not your birthday nor your anniversary, 

It is not brother's day nor some happy story, 

It is no special or peculiar occasion in short, 

I just randomly wanted to say thanks a lot.  

It is the love that we share, my sweet brother, 

That makes any day more special than any other."
Brother,Hey do you remember those,"Hey do you remember those silly fights 

For the piece of pizza and some stupid toys 
 
Do you remember that freaking fun 

That competition to be the one 

That jokes and we used to laugh all night 

And things that used to make us fright 

Still remember those happy memories and 

Moments in time 

Brother I have had the best time 

Glad that you are mine 

And I feel so proud of this!"
Brother,My Brother you are Special,"Brothers are special in every way,

Although you always insist you have the last say.

You have always been by my side,

And saw each of my achievements with pride.

I feel close to you even as I am miles apart,

Because our bond is a matter of the heart."
Brother,I am so lucky you know,"I am so lucky coz I have spend the best years 

Of childhood in your company 

You were always loving in your ways 

Without you boring were my days 

You were my only strength in life 

Of all the struggles and strive 

Feel proud to have you around 

And all the love that surrounds 

Bro you are the best 

In every way and test 

I love you a lot"
Brother,A brother whose so cool,"A brother whose is so cool 

A brother who knows everything 

Of all the lessons that I have had with you 

I just want to sing 

That there is no one as perfect as you are 

You are there in ever life's darkest hour 

To help me find my way 

And to help me to have my say 

A perfect bro like you 

Is so very rear 

Thanks for all the love and care!"
Brother,Nostalgia,"The memories never fade,

Its time that does change,

But,for me you will always remain the same,
 
All the sweet childhood games,

Brother I so wish those days come back again,

With all the games of losing and gain!"
Brother,You Are The Best,"If only I had a choice,

I would choose you again as my brother,

In the next birth,

No one is as special as you,

On this entire earth,
 
You are the best my bro,

It was really fun together to grow!"
Brother,Brother so Special,"My brother you are the one I count on,

With you around, my troubles are always gone.

You know my traits and faults,

A day without you,I feel everything halts.

I am proud to have a brother like you,

Coz it's hard to find someone so true."
Brother,There are so many ways,"There are not many times that I have expressed my feelings 

Yes brother I too love you the way you do 

The childhood moments that I have spent with you 

Having to be know the precious few 

A brother like you whose is loving and caring 

There is an urge to that sharing 

You are truly an important part 

Its been this way from the start 

I respect you a lot my bro 

In life's ups and to and fro 

You are always there! 

I so love you and more!"
Brother,We have fought so much,"We have fought endlessly over things 
 
We have fought over small issues 

We have fought over things we do 

And all the things that to be true 

But in all the love was always there 

And I knew that you also care 

So having you in my life I feel blessed 

Thanks for everything brother 

You are the best!"
Brother,I share with you my life,"I share with you all my dreams 

I also have fights with you 

Deep down I surely know 

That my bond with you is so true 

You are as loving as I know 

Sometimes I may or may not show 

But you will remain the anchor of my life 

You are my heart and my brother 

Without you I know I can't survive 

Stay as you are, you are the best 

I know that you shall pass every test 

Thanks my brother for being there 

Thanks for showing that you care 

I love you a lot!"
Brother,I can call you mine,"I can call you my pride 

And I know that you are there with me 

You take things on my stride 

You are the best thing in my destiny 

I love you so much is all I want to say 

And I love you for what you are 

In my world and in my life 

You shine like a gem 

Brother you are my life's cheer 

And you are so very dear! 

I love you so much!"
Brother,You have always been there,"You have always been like a helping hand in life 

I know when no place is there 

You always try and understand 

Bro have I told you that you are the best 

In everything that you do 

I feel is blessed let me tell you this 

I Am so lucky to have you 

Bro you are simply the best 

And I love you!"
Brother,We may not talk,"We may not talk to each other for days 

And we may not see each other too 

But, somewhere deep down in my heart 

There is a feeling of concern too 

I wish that you always have a smile 

I wish that you stay happy my bro a while 

Coz I have had the best memories along with you 

There is a feeling of nostalgia too 

Oh my wonderful brother I love you!"
Brother,I think childhood without you,"I think my childhood without you 

Would be so boring and dull too 

From all the pranks and naughty ways 

From all those wonderful moments and days 

I remember everything my brother 

We have always been there for each other 

Sharing all our joys in happiness

Sharing the tears in the pain 

Life would be dull without you 

Everything would be just bane

Thanks for showing that you love me 

Thanks for showing all the care 

You are a wonderful brother!"
Brother,A Special Relationship,"I may not show you that I care from inside,
 
Together we,laughed and cried,
 
Yes you used to trouble me a lot,

Yes, you were always a subject of thought,

But, still I want to tell you this,

That you are always missed,

This is for a very special brother!"
Brother,So many times we are happy,"So many happy times I shared with you 

Beautiful memories old and new 

A brother so concern over small things 

And flaunting that cool bling 

Bro you have taught me a lot in life 

You have given new meanings to being 

Of what I want to see in life 

And things left to be seen 

A bro like you is perfect to be 

In every which way in life!"
Brother,The Cherished Moments,"We cried together and had silly fights,

Sometimes it was an impossible sight,

But, you always helped me in need,

Ok I have agreed,

That you are the best,

Better than the rest,
 
Love you my brother!"
Brother,I remember those childhood ways,"I remember those childhood pranks 

I remember you not talking to me 

The way you used to hit me 

The way when things were to see
 
Life has changed my brother you know 

But my love is still the same for you 

We may not meet daily in life 

But I still wish you well and through 

I know that life will change for you

My love for you will remain with time 

That bond is special and so very prime 

Think about the moments spent 

And life has been so very kind 

A brother like you is like a blessing in life
 
So thank you so much for all the love

Brother you are the best!"
Sister,The word forever in my life,"The word forever is associated with sister 

Yes forever in your happiness in life 

Forever there in any need or strive 

Forever willing to find you a way 

Forever listening and asking you to say 

Forever is there when you need someone 

Forever there to share the fun 

Forever being that bright light 

Making your world oh so bright 

The beauty of sister is such 

That you feel all blessed with that one touch 

Thanks my lovely sister 

And I thank you for everything 

For coming in my life too 

I simply love you!"
Sister,A Special Bond,"You mean everything to me,

Beyond you there is nothing I can see,

A perfect guide that you are,
 
Remembering me even when far,

You always think of me first,
 
You have supported me,
 
When situations were worst,

The best sis anyone can have,
 
And that is you,

Thanks for being in my life!"
Sister,Some things are just great,"Some things are just great 

When you know it was all fate

Having a sister like you 

Has given me a clue in life 

That it's tough to survive 

In this lonely world with stress

When you have a sister, to talk 

Your life becomes much easier 

So be it you are so good 

A pretty sister like you touch wood 

You are there in my every thought 

I always wish the best for you 

My sis..I so love you!"
Sister,My Beautiful Sister,"Thank you for the magic in my life you bring about,

Thank you for helping me get rid of all my problems and doubts.

Thank you for making my world no less than a beautiful paradise,

Thank you dearest sister for always being to me so sweet and nice."
Sister,Little Silly Moments,"All the silly fights that we had,
 
All my pranks,which made you sad,

Was part of growing up my sis,

This was the time I could not miss,

I truly love you and I am happy to have you,

In my life,

I swear without you I would not survive!"
Sister,World's Best Sis,"All the sharing and caring,

All the happy moments,

All the silly moments,

I have so much to say,
 
I don't know how I will,

But let me tell you this,

You are world's no 1 sis!"
Sister,We were like chalk and cheese,"We were like chalk and cheese my sis 

Still the love could be seen in the eyes 

You taught me to respect people 

You taught me to act so wise 

I remember the time when you shouted at me 

And made me do things I did not wish to see 

I could see your love behind all 

For me you always stood that tall 

Your love is pure and I know for sure 

That you will never change for me 

Thanks for being such a wonderful sis

The one that I adore to thee 

My love for you will remain 

In every situation, it will be the same, 

I love you my sis!"
Sister,My life with you is bliss,"Having a sister like you in life, 

I feel my life is a bliss,

It really feels so special with you 

You support me in all and through 

Blessed to have a sis like you 

Who is so lovely too!

I love you!"
Sister,Your hugs are so warm,"Your hugs are so warm they melt my heart 

You have shared my sorrows and happiness from the start 
	
I can bear my heart all to you 

You are protective towards me I know 

And sometimes your different side you show 

In the end I know that it's all pure love 

You want that I excel through in life 

You want that I forever have that smile 

Lovely to have such a wonderful sister like you 

Whose made my life so easy through 

Just keep smiling is my wish for you 

Thanks for everything my sister,

I so love you!"
Sister,Oh that fondness for you,"Oh that fondness and kindness on your face 

You surely have that loving grace 

So blessed that I can call you my sis

So many memories we made not missed 

Things have changed with time 

Your love is still the same 

I cannot imagine my life without you 

Not without your name 

Thanks would not be enough for you 

As my love for you is so true 

Blessed to have a loving sister like you 

Blessed to truly have you 

I love you a lot!"
Sister,My Sweetie Pie,"You have known me deep inside,
 
There are so many things that I hide,

Still you know what I desire,

You always guide me to go higher,

Without you it is difficult to stay,

Will always love you come what may,

Thanks my sweet sister!"
Sister,Oh my lovely sister,"Oh my lovely sister I want to tell you this 

That I can't live without you 

You help me in things I do 

You are always my savior in life 

You always bring me things 

When I feel like I am deprived 

It's so wonderful to have a pretty sis like you 

Whose always there in need 

It is my good destiny or my deed 

That I have you around 

Thanks for all the love that you have given 

And that care that truly surrounds 

I love you my sister!"
Sister,"My Sister, My Friend","One roof we lived under,

We struggled through harsh rains and thunder.

We may have gone our individual ways,

But we still flock under each other's love rays.

A closer friend I will never have,

Sister I love you for you are the best!"
Sister,If someone asks me who,"If someone asks me who stays in your heart 

It is just your name that I will take 

You do things for me with love 

And not only for the sake 

What would I do without a 

Loving sister like you in life 

Whose not only there to share my joy 

But also there in strive 

If I may confess it today 

It's the only thing that I would say 

That I love you a lot my sister 

And this bond will forever stay 

You and me are forever this way 

To the best sister in life!"
Sister,A bond so special in life,"A bond so special and a bond so true 

Sister love is so pure without clue 

A sister always stands for you 

A sister is always there for you 

You have been my source of smile 

My willing to do things all the while 

My inspiration to achieve all I want 

My sister I think I am so blessed 

To have you as a part of my life 

You are there so I can strive 

Smile through tough times 

Stand again where I wish to in life 

Thank you for being a part of my life,

I love you my lovely sis!"
Sister,A sister like you who is,"A sister is more like a best friend in life 

Helping in each task, there in every strive 

A sister is more like someone with a golden heart 

She is there for you from the start 

Caring for you like no one would do 

Crying along to heal your pain 

There is selfless love with a sister 

Where there is no other gain 

Would like to thank a special sister 

Whose also my life 

You have helped me in my toughest times 

Without your support, I would not have survived!

Thanks I love you a lot!"
Sister,"Sis, you are the Best!","From those innocent years we shared our lives together,

We remained deeply fastened to each other.

There came a time when we had to be apart,

But I don't think our love will ever depart,

For you are a gem truly unique and wonderful,

And I must tell you my sister you are beautiful!"
Sister,You are like my shadow,"You are like my shadow in the harsh sun 

With you, my life is even more fun 

Agreed that our thoughts are not the same 

I always put you on the blame 

We fight a lot and we irritate each other 

But there is no one like you or other 

In the end, I know that I need you the most 

In the end, I know that you will care 

Thanks for being such a lovely sis 

I know that you are always there 

For me and my life,

So blessed to have you in my life."
Sister,A journey that is with you,"The journey with you was surely lovely 

You bullied me many times 

You did things to irritate me I know 

Many times, you used to show 

That you don't care for me 

Then in the very next moment 

You used to come and cuddle me 

Will always remember the sweet memories I shared 

With you, so many things were glad 

Sisters are life I had heard a lot 

Now that I have lived from that very thought 

I want to thank you for everything 

You are just perfect my sis,

I love you for that!"
Sister,I know I am silly,"I know I am silly I fight with you 

I know that I also argue with you 

But can't you see my love for you 

The love that I have in my eyes 

The love that makes me wise 

Having a sister like you 

Gives me a cool solace in life 

Whenever I am feeling low 

You are there to cheer me bright 

Thank you for all the love 

Thank you for being the way you are 

Our love will shine like the star 

You are wonderful sister!"
Sister,You are not only my,"You are not only my baby sister 

You stay in my heart too 

If all the lovely things we do 

Lovely times that I spent with you 

I thank you for coming in my life 

Giving me many reasons to smile 

Having a sister surely feels great 

I take this as a part of my fate 

A sister so loving as you are 

Stay blessed is my wish for you 

Whether you stay near or far

I will always love you!"
Sister,Blessed are those people,"Blessed are those people 

Who have sister in life 

Blessed are those people 

Who share the joy of life 

For having you in my life 

I feel so lucky I may tell you 

I am glad that you are with me 

And things were written as part of destiny 

Will cherish this bond forever with you 

Will cherish the time I share 

My lovely sister, 

Thanks for all your love and care!"
Grandpa,When I think of you,"When I think about you, 

My eyes get teary, 

Grandpa your love can't match up anything in life 

You showed me the true meaning to strive,
 
You are too good to be true,
 
Grandpa I truly love you,
 
And, I mean it from my heart!"
Grandpa,It is boring when you are not around,"It is boring when you are not around 

All the lovely games I play with you 

Your company is so much fun grandpa

I feel wonderful being with you 

It is much fun when you get that game 

We play for hours sitting around 

I know that you are passionate about things 

It's your love that forever surrounds

Grandpa your company is the best 

I think I enjoy the most with you 

A loving thanks from my side 

Only to tell you that I love you!"
Grandpa,You are so adorable to the core,"Grandpa you are so adorable to the core 

You are so charming in your ways 

When I don't spent time with you 

Boring are my all the days 

Can't think of anything else 

Beyond all the reasons to strive 

But you give that varied jibe 

You give me the reason to be 

Grandpa it's all that I can see 

Your ways and your perfection to me 

I love you is all I want to say 

Stay blessed all the way

Thank you for everything grandpa 

You are the best!"
Grandpa,When you walked along with me,"When you walked along with me 

Holding my little finger 

I remember the time you played with me 

Making me swing in the garden to see 

I still haven't forgotten those memories 

I still haven't forgotten those days to see 

Grandpa thanks for your love and time 

You have made my life merry kind 

With you I can be so myself 

With you, I can be myself to thee 

Thank you for all your support 

And undying love that I can see 

Thank you so much my loving grandpa..I love you!"
Grandpa,You are my happiness,"You are the source of my happiness, 

You make me smile,

Grandpa without you I can't imagine my life 

You give me the strength to strive,

Thanks for always being there,
 
Thanks a lot grandpa!"
Grandpa,My Grandpa is the Best,"You are as priceless as one can be,

The gift of love and care that you have given me.

A beacon of light in the darkest times,

Is what I still remember every time the wind chimes.

You're more than just a Grandpa,

You are a friend, soul mate and lot more Grandpa."
Grandpa,One thought in life,"One thought without you,

And I live in fear
 
You are like my best friend,
 
My support of life,
 
You are there when I need you the most 

So, let me just confess, 

That my grandpa you are the best 

I love you!"
Grandpa,You are truly my super hero,"Grandpa you are my super hero

Not because you take care of me 

But you have a role to play in life 

A role that everyone can see 

You are super in your ways 

You brighten up my days 

Nothing can connect as fast as you know 

Its only your wisdom which proves to show 

Grandpa you are the best is all I can say 

I just want to make an effort today 

And tell you that you mean so much in life 

Thanks for always being there in strive 

I love you a lot my super grandpa!"
Grandpa,You have that glint in the eyes,"Your wrinkled hand and glint in the eyes 

All the wisdom and being so wise 

I have learned so much from you 

All the lessons of life and values with you 

I have learned the meaning of giving 

I have leaned to conduct myself 

That choice of discipline with things 

Being free when I want to in life

Grandpa you have had the 

Biggest influence in my life 

With you, I have all the love in my life 

I love you a lot my grandpa..You are superstar!"
Grandpa,You look so cute grandpa,"You look so cute with those chubby cheeks 

So what if you have those wrinkles 

It's the sign that you have lots of wisdom 

And lessons of life that you make me learn 

You know when you smile you have that spark 

That glint that makes your eyes so bright 

When I am in your company my loving grandpa 

Things just become all right 

So love and I feel so glad 

Being with you and spending time with you 

Thank you so much my grandpa for your love 

I promise I will love you forever!"
Grandpa,My Grandpa's Hand,"Only you know a soft yet firm grip,

To shield me from a fall or trip.

You tell me stories and teach me all that you know,

And I want you to be with me as I grow.

We are best buddies today and will continue to be,

For you are the best for all to see..."
Grandpa,I know that you are the best,"Grandpas I know that you are the best 

I know that you are different from the rest 

Whatever you do shines so bright 

With you I feel so good and right 

You have taught me so many things in life 

Many lessons of being so wise 

I wish that in next birth I meet you 

And you be my lovely grandpa too 

I have no words to express my love 

My love for you is so very true 

Grandpa yes I truly love you 

Thank you for everything!"
Grandpa,Grandpa you are simply great,"Grandfathers are truly great 

Guiding you along the path 

Doing the best for you in life 

In spite of all the sacrifice and strive 

Grandpa know that you are the best 

You make me learn new things in life 

You play with me at times 

You are there when no one is besides 

More than my grandpa, you are my friend 

Your love is so true and there's no pretend 

I love you so much my grandpa, 

Know that this will remain for life 

You are the best grandpa I know!"
Grandpa,Your Nurturing Love,"Your nurturing love, your concern and care,

Your willingness to always be there.

The times you have wiped away all my tears,

The way you taught me how to face my fears,

The wise advices you have given me all the time,

Even when I'm low, you manage to make me smile.

You'll never know Grandpa how much I love you,

And it feels so good to know that you love me too."
Grandpa,You are there for Me,"Every time I am on the brink of a fall,

You were there before I could even call.

Your hugs and kisses make me feel good,

You shower me with love that only you could.

Your love will always be there to stay,

This is something I could figure and you don't even have to say."
Grandpa,I want to be like you in life,"I want to be like you grandpa 

I want to have that personality so wise 

The kindness that I see in you 

When you speak, it sounds so nice 

You gave me so much of love in life

You have given me things I love 

I can't be thankful enough to you 

For being the best grandpa in life 

I wish you well and wish you good 

I wish that you stay happy all the while 

I pray that you have a wonderful life 

Where there is no sorrow and only a smile 

I wish you get everything my dear grandpa..I love you!"
Grandpa,I am amazed to see your zest,"I am amazed to see your zest for life 

That love and longing in your eyes 

You are never tired to play a game 

You aren't tired ever to share a smile 

I wish I could be exactly like you 

I wish I could be with you in a while 

Grandpa you are and will stay as amazing 

As I can think of in life, 

Grandpa you are the source of happiness 

In serenity of calmness all the while 

I am so lucky to have you in my life 

I love you a lot my grandpa!"
Grandpa,You are truly the best,"You are truly the best in every way 

You have made all my memories to stay 

You play even when you are sad 

You make things easier for me 

You know that you are the best 

I love you is all I want to say 

Never change the way you are 

Never change the way you care 

You have been a guiding force of my life 

Thank you for everything grandpa

You are simply great!"
Grandpa,There is no one as wise as you are,"There is not one as wise as you 

There is no one as cool as you are 

There is no one as naughty as you 

You are like that shining star 

You bring so much happiness in life 

Grandpa all the lessons that I learned 

From you will forever stay with me 

Grandpa you are the best in everything 

Stay this way being my smile 

I have told you many times in life 

That my love for you is prime 

My love shall never change in life 

You are the best grandpa ever 

Stay this way forever 

I love you so much!"
Grandpa,You are so comforting in life,"You are so comforting in your ways 

With you, I am so relaxed in phase 

You give great ideas that click 

You have a solution to every trick 

No one can be as you are my grandpa 

No one can ever be like you so wise 

Not a moment there has been in life 

When I haven't thanked you for things 

You have always been there in need 

You have always supported me in life 

Thank you so much my dear grandpa 

I will love you forever in time 

You mean so much to me!"
Grandpa,You know that you love doing,"Grandpa know that what you love doing 

Sets an example for me as well 

In things that are just perfect 

I do believe I do not dwell 

You are there I don't need anyone 

You are there with me in life 

In my happiness all around and 

In my testing times and strive 

Grandpa know that you are truly wonderful 

Your heart is as pure as it can be

Just want that you stay happy with a smile that

I love you forever and all in while!"
Grandpa,Just like you,"Just like the tree gives shade in life,
 
You are the same making my life so right, 

You are there in need,

You are always there to enhance my deed,

You are too good grandpa,
 
I love you for what you are,
 
You are and will remain the best!"
Grandpa,You have a cool spirit,"You have an understanding in life 

When there is no one besides 

You come along and make me learn 

Small lessons of the life 

You guide me all along the path 

You inspire me to make a perfect stat 

I can't tell you how much I owe you 

I can't tell you about your love in through 

Grandpa you are the best I can say

I am so lucky that you are in my life 

Grandpa thanks for all your love 

Thanks for being so cool and kind 

I love you so much!"
Grandpa,An Ode to my Grandpa,"As a child, you bounced me off your knee,

When I grew up, you were there for me.

Your hand is what I've held the most times,

Every little thing reminds me of your signs.

Nestled in the clouds up above,

Grandpa you are the true epitome of love."
Grandpa,There is a connection of sorts,"There is a connection that I feel with you 

It's a feeling so surreal I can't say 

Something that connects you and me 

A bond that will forever stay 

Grandpa you have been there 

In times when no one used to care 

I can't thank you enough for things 

I can't thank you enough to talking to me

Whenever I needed a friend in life, 

Just a heartfelt thanks from me to you

For always being by my side 

I love you so much grandpa 

I mean what I say 

I love you forever grandpa!"
Grandpa,Grandpa Like You,"Those days in the garden and while fishing,

You are the perfect companion for adventuring.

Never a moment of anger or despair,

Oh Grandpa, we are a perfect pair.

I have always wanted to be as cheerful as you are,

Grandpa, you are undoubtedly the rising star."
Grandpa,You Are So Handsome Grandpa,"You are such a handsome man Grandpa, 

You are the type that Grandma could boast about.
 
But even more than that you have a heart that is so rare,

You always manage to shower us with so much love and care. 

Your memories are with me even if we ever part, 

No matter where I go, I always carry them in my heart."
Grandma,The name speaks it all,"The name speaks itself in love 

Grandma you are the best in life 

You have been so good with things 

And even better with all the strive 

There is so much to learn with you 

There are so many things that I want to do 

But first I want to confess it to you 

That you have been my strength all through 

So thank you for being so kind

There is no one like you I can find 

With a heart of gold my granny dear 

With you, life has all the cheer 

So stay as loving as you are 

I love you very much!"
Grandma,Missing You Grandma,"You have taught me the true value of life,

You taught me the difference between aim and strive,

With your guidance life is bliss,

Still remember your blessings and kiss,

You  are missed so much grandma,

Looking at your picture,

Please come back to me,

Can't stay so far,

Love you so much!"
Grandma,Granny love is the best,"Granny love is so pure you know 

There are not many moments to show 

Granny love is there all the way 

Teaches you to have your say 

Its the love that is straight from the heart 

As granny is indeed an important part 

Cherish the love that she gives you 

Feeling of contentment and oh so new 

A love that has no condition and reason 

So pure and blissful in every season 

Thank you for the love you gave 

You are the best my granny 

I love you more than me!"
Grandma,Thank You,"Thank you for those bedtime stories that would put me to sleep,

Thank you for making me strong on days when I would feel so weak.

Thank you Grandma for treating me like your own dear child,

Thank you for giving me memories enough to last for a lifetime."
Grandma,I Still Remember...,"I still remember how you used to cuddle me,

I still remember the kisses,

I still remember your fairy tale stories,

Which made me sleep so sound,
 
Whenever I see around,

I see only your face in front of me,

I love you forever,its forever to see!"
Grandma,Life's Lessons Learnt,"Dear grandma,

The small lessons of life that I learned from you,

You gave me so much love,

You don't have a clue,

Never felt so warm as I felt it with you,

You are my reason, my strength,

With your blessings,

I could start everything so new,
 
I love you so much,
 
Longing for your touch!"
Grandma,You are the one in life,"You were always there in my need 

You taught me to water my loving seed 

You were there to wipe my tear 

I can't thank you for that oh dear 

You took the blame to save me 

I adore you so much in my life  

Without your love I will not survive 

Stay as you are you are, so sweet 

That first thing in the morning and wish 

My hugs and kisses are with you 

Coz your love is so very pure and true 

My granny dear I simply love you 

My granny dear I simply do!"
Grandma,You are the gem,"My dear grandma, 

All your talks are so motivating, 

All your ways so cool, 

When I try to outsmart you,

I look like a fool,

Oh my dear grand mom, 

You are so very sweet 

You are the smile I just want to see

I love you to thee!"
Grandma,I am so lucky to have you,"I am so lucky to be blessed with granny love 

And to feel the warmth of granny dear 

With you in life, I have the cheer 

Can't think of a day without you 

When you were not there with me to see 

My granny you are the idol I want to be like 

The mind and body be alike 

You have explained me the meaning of hope 

With you, I have all the scope 

With blessings and good life, I have had 

The road of life has become easy to bear 

Thank you my granny dear for always being there 

I love you for everything!"
Grandma,It was a nice kind of a day,"Its a special kind of granny love 

Where she supports you in everything new

She comes and wipes your tears in pain 

When you are feeling oh so blue 

She makes you smile and gives you her luck 

A special kind of granny love 

She is your angel who loves you the most 

She is your only guiding force 

Of all the moments I have lived with you

I have learned to be better each day 

I just want to thank you and say 

That my granny I love you a lot!"
Grandma,"Nothing Beyond You, Grandma","Holding the hands for a while,

Giving that beautiful smile,

Staying in the heart forever,
 
Your blessings are forever,

Grandma is such a sweet word,

Gives so much blessings and love,

I love you my grandma,

You mean the world to me,

There is nothing beyond you I can see!"
Grandma,My lovely granny I love you,"My lovely grandma I love you so 

I surely want you to know

That with you I have had the best of time 

That you were in my life and destined 

So many things that I have learned from you 

Many things being so old and new 

Can't thank you enough for giving a meaning to me 

With you, I can have all the glee 

I have shared my sorrows alike 

And happiness with that super like 

You are the granny I love the most 

So, let me just raise the toast 

To super memories with you 

My granny I love you!"
Grandma,Proud Grandson,"You held me first when I was tiny,

Your happy tears I remember were so shiny.

The look of love and pride on your face,

Just adds to your aura and grace.

Your arms are the most comforting place on earth,

Where love will never find its dearth."
Grandma,It is your eyes that I can see,"Your eyes are so precious my granny 

You have a heart of gold I know 

There are times when I may be busy 

And I may not just come and show 

But deep down my love for you is true 

And the feelings are as pure as you 

For I remember every moment of my childhood 

How you used to be with me 

And things you used to get for me 

Thank you so much my granny 

I just want to tell you 

That I so respect and love you 

I mean when I say it's true!"
Grandma,It is that warm nature of yours,"The warmth and that compassion in your ways 

The meaning of being so wise

That kindness reflects in your soul 

Very well, you know to play your role 

A granny like you who is so hard to fine 

I am so glad that I can call you mine

Every praise or success in life 

Helping me throughout my strive 

Everything that I get to see 

Is because you smile at me 

Oh my world is so pretty because of you 

My dear and sweetheart granny 

I so love you 

And this love will remain with time to be!"
Grandma,I had no sense before,"I had no sense of life my granny 

You infused many values that could be 

You taught be the value of being so wise 

Of seeing a world so wonderful with my eyes
 
Of letting go in things that hurt 

And doing things with all my heart 

I felt you in my every thought 

Your touch healed away my pain 

Your loving and caring ways 

I am blessed to have a granny like you 

Whom I love so much in life 

It is so wonderful being with you 

I love you my granny dear!"
Grandma,A Special Love,"I knew you from very small,

And a grandma's love is the best of all.

You cuddle and sing lullabies for me to sleep,

You wipe all troubles away and do not like to see me weep.

Your happy tears whenever I achieve,

Makes me beam with pride and it is you I believe."
Grandma,There is a magic in your love,"There is a magic in your hands, I want to see 

You are just the way you want to be 

But still the love can be felt on your face 

Oh my granny you have that charm and grace 

You can make things turn your side 

You can just surpass any tide 

I will cherish the wonderful times I have spend with you 

I will cherish my time I had 

Oh my granny you are the reason for joy 

You made me happy and told me to enjoy 

You told me that life is too short to hold a grudge 

I take your advice in everything 

And life just seems like a bling thing 

Thank you so much my granny dear!"
Grandma,Grandma Stories,"Grandma you have the power to see beyond the truth,

Your caring words and lovely smile does every trouble sooth.

Your wonderful stories and caring embrace,

And the cheerful smile on that graceful face.

Grandma is a special soul,

And mine will be the best in every poll."
Grandma,My Grandmother,"My grandma's love knows no measure,

She is indeed a beautiful treasure.

You have been there for me from the start,

And love springs for you from the bottom of your heart.

You wanted me to do my best,

You taught me to experience life with zest."
Grandma,I always admired you in life,"I have always admired your strength my granny 

The way you stand tall against all odds 

The way you smile when you are sad 

The way you replace good with bad 

The way you are there to comfort 

Me in each phase of life 

My respect has increased with this passage of time 

I wish that I get you in my next birth 

I wish that I can call you all mine

My granny dear you are so blessed 

Brush it on me as well 

I can see the love for me in your eyes 

You have taught me the meaning to survive 

I love you very much 

Please give your loving tough!"
Grandma,You have that charm in life,"Granny you have the charm that can't match up with 

Anything in the world 

With you, I feel that comfort from within 

With you, I feel so good 

I wish that you be my granny next birth

And to that a loving 'Touchwood' 

Years of childhood have passed away 

But I still follow your way 

The values and that love you gave 

Used to make my day 

Granny I love you all the way 

You are the best just want to say!"
Grandma,To My Grandma,"Despite my tantrums throughout the day,

You put up with me come what may.

She is like my mother,

Gentle, caring and yet like no other.

Your beautiful smile and generous heart,

Sets your pristine love apart."
Grandson,To My Grandson,"You are my first grandchild,

But your tantrums are not so mild.
Lovable you are and graceful is your face,

Any kind of worry leaves no trace.
You are my love and my heaven,

Kind and thoughtful you are my grandson."
Grandson,You are my dream,"You are the dream of tomorrow to come 

You are the promise untold 

You don't know what you mean to me 

You also don't know my role 

You do things to please others 

But somewhere get lost in your goal 

But you are still your adorable best 

And I am proud that you pass in all the test 

I truly love you my dear! 

Spread your smile and your cheer!"
Grandson,My Lovely Grandson,"Words can't describe my warm memories
Of my little grandson, who takes away my worries.
Just the way the sun lights up the sky,

Your smile lights up my world, my little boy.
Cradled in my arms so tight,

You are the bundle of love just right."
Grandson,From the time you are,"From the time you were crawling on my lap 

Till the time you have grown to be wise 

It feels so good to see you this way 

It feels so magical and nice 

I love you my grandson is all I want to confess 

Because you are the light of my life 

You make my day so bright 

And give me new cheer to rise 

I love you very much! 

You are a healing touch!"
Grandson,You are naughty and nice,"Oh my! Your naughty ways and through 

Your going out of your way 

To make fun

But I know that you have a soft side to you 

And that may give a clue 

Of a person you are in life 

You are like a candle 

So soft from inside 

I wish that you get whatever you want 

So that you are able to flaunt 

Your life with pride 

I love you my grandson!"
Grandson,Bless You For Everything,"You knew what I wanted even when you were small,

Now, that you are so big and tall,

Do you remember you used to run to me,
 
For every new toy, you made me see,
 
Want to bless you for everything in life,
 
I know it's tough to strive,
 
But, still I wish you get higher,
 
Get all that you wish and desire!"
Grandson,For me you will remain,"For me you will always stay this way 

Every situation come what may 

For me you will always Be the little one 

Who does so much mischief and fun 

For me you will always remain my number one

For you are my loving grandson 

For me you are always the apple of my eyes 

Little blunt but still so wise! 

Love you so much!"
Grandson,My Grandson is my Strength,"For the first time I held you,

Cradled in my arms felt so true.
Life gave me a lot of strength,

For you I will cross any length.
Grandson you are the soul of my life,

Without you life can only be a big strife."
Grandson,"Love You,My Grandson","All your childhood pranks,

Your pretty embarrassing ranks,

Your habit of teasing me,
 
Oh god! so much I had to see,
 
But,I am happy that you made a name in life,

It's always higher after the strive,

My good wishes are always with you,

I love you my grandson,

I truly love you!"
Grandson,You are the aura of my life,"You are the aura of my life 

There is a connection of my mind 

You being around you I feel so good 

And I wish that you get everything in your life 

You keep smiling and be all wise 

Its a Touchwood 

Stay as you are my grandson 

Rise and shine like a star! 

For I will always love you 

My blessings are with you!"
Grandson,Your one smile does,"One smile of yours does the trick 

And I start playing with you again 

Forgetting who I am 

I also tend to pretend

For these moments will be cherished in my heart 

The moments are like special part 

This will keep you as a blessing in life 

My grandson you are the best! 

In life's every which way and test! 

Keep smiling!"
Grandson,A Granny's Wish,"I can't express my happiness,
 
Coz I have you in my life,

Without you my grandson,

It was really tough to survive,

You gave me love and respect,

It has always been an instant connect,

A granny's wish to you,

I will always keep loving you!"
Grandson,Eternal Bond,"You gave me such beautiful memories,
 
That I will always cherish in my heart,

Even if you are apart,

I will always bless you my child,

May you get everything and never be deprived,

Love you forever my grandson,

Without you in life there is no fun,

Cheers to our eternal bond!"
Grandson,The spark of my eyes,"You are the sparkle of my eyes 

Over the years I have seen you turn so wise 

You are a prankster I know for sure 

But your love is equally pure 

I know that you also pretend 

I know that you do things just to offend 

You are as cute as you are 

You don't need to change 

And I wish that you always shine like the star! 

I love so you my grandson!"
Grandson,It feels like yesterday,"It feels like yesterday only 

When you used to play in my hands 

You used to talk absurd things 

That I never used to understand 

Time has passed so fast my dear 

And you have grown to be so wise 

Now you have became the reason for my cheer

Without you I can't survive! 

Coz I so love you my grandson! 

With you life is fun!"
Grandson,No teddy is as cute,"No teddy is as cute as you are 

No one is as sweet as you are 

You have the most flashing smile 

As you always shine like the star 

There are things I want you to know 

But then I don't want to ever show 

That my grandson you mean a lot 

So I bless you from my every thought 

I wish that you always smile 

For today and all the while!"
Grandson,God give you happiness,"God always give happiness in small forms 

As you are and way you look 

To some ways that you always cool 

You make faces and tease people 

But its always in the good spirit 

I am proud to have a grandson like you 

Coz you are a star and one in few 

Keep shining and smiling! 

My lovely grandson..I love you!"
Grandson,When I am with you,"When I am with you I feel no blue 

All my worries just wash away 

Its not a been a single day you know 

When I haven't prayed 

I want to see you so happy 

And I want to see you all wise 

So that you have the best of life 

So that you happily suffice! 

So stay as you are my grandson! 

Coz you are the best in life!"
Grandson,Having you in my life,"Having you in my life was a blessing so true 

Your honest ways at times 

At times you also sacrifice 

But then you become your usual self 

So many shades of life you show 

But I just want you to now 

That your granny will always love you 

And yes with the time it is much more 

My blessings are with you 

I truly love you!"
Grandson,Things have become much,"Things become much easier with you 

As you give me all the clue 

You have helped me a lot with things 

All the knowledge of gadgets and blings 

Actually you are like my life line 

You have supported me all through 

Whenever in old or in the new 

I just simply want to say that 

I truly love you! 

From my heart my grandson!

Yes I mean it!"
Grandson,Your one hug makes my day,"Your one hug does make my day 

I may not always tell or say 

But having you ceases my pain 

When I feel lonely in vain 

Talking to you makes my day so bright 

It takes away my all the fright 

You are the heal in my life 

You are the reason I stay happy a while! 

I love you my grandson!"
Grandson,There is a connection,"There is a magical connection that I share 

Because I know that you always care 

Of things that you want to know 

There is a vibe which gives me positivity 

Its for you to see 

You are a truly a blessing in my life 

Who always make me happy and make me smile

I love you my grandson

Stay happy all the while!"
Grandson,Your one smile makes my day,"Your smile is the only solution to all the problems 

Your one smile melts everything on the way 

Your smile is the reason why I stay happy 

Not today but its each day 

Your smile is the reason for my survival 

Yes its the reason to stay 

My baby keep smiling all the way and every way 

I love you my grandson! 

Stay blessed all the way!"
Grandson,The way you help me,"The way you lie to me I know 

The many things which you hide and show 

Those outings with your friends 

You expect your parents to understand 

The things that you want to see 

And what you really meant to be 

Still there is magic in your eyes 

Over the years you have turned so wise 

And that things you do adorable to thee

My grandson stay blessed!"
Grandson,Proud Grandparents,"Grandson, you are a treasure from above,

Your smile and laughter signify your love.
You deliver a special joy,

Every time I see you looking at your favorite toy.
You fill our hearts with pride,

Every time you take a failure in your stride."
Granddaughter,Your wish will always remain,"Your granny always wishes well for you 

Your granny wants a smile 

Wants to see you happy and loving 

All the way and every while 

There is no other like you 

You are one in millions too 

Because you are sweet in your ways 

Without you dull are my days 

So happy that you love me so much 

So happy that you respect me such 

I am lucky to have you as my grand daughter 

Lucky to have you in my life..Love you so much!"
Granddaughter,Feels like bliss,"Feels like heaven, 

When you take care of me,

With you in my life, 

There is nothing else to see 

Bless you my dear love,

Always stay happy in life!"
Granddaughter,You are the angel I know,"My grand daughter I have shared my 

Life story and experiences with you 

So that you understand me through 

But over the years you have been so nice 

I have shared lessons of being wise 

I have been there to protect you 

I did my bit to save you from everything 

Its a special bond that we share 

I promise that I will always care 

You are indeed special for me 

My sweet little princess I love you to thee!"
Granddaughter,Apple of my eyes,"My pretty little granddaughter is the apple of my eyes, 

Over the years she has become so wise, 

For me she is still the sweet little kid,

Who used to come and on my lap would sit, 

Bless you my child, go higher in life, 

May you get everything, 

So that you don't have to strive!"
Granddaughter,More than child,"They say you love your granddaughter more than your child,

I think this is true for a while 

You are the love of my life my dear, 

With you around, I feel the bliss, 

Let me tell you, you are the best, 

Sealed with a loving kiss,

Stay blessed!"
Granddaughter,You are my life,"You are the angel of my life, 

You light my world in many ways 

Without you I feel so gloomy, 

With you so bright are my days 

Lucky to have a pretty granddaughter like you 

With you, life feels so new

God bless you!"
Granddaughter,So sweet is your smile,"So sweet is your smile my sweet little angel 

I am blessed to stay in your company 

You are the one I can talk my heart with 

You are the one who lets me be 

Know that this bond is special 

This bond will forever remain this way 	

This bond shall be framed with time 

I wish you well for your life 

May success be with you every while 

My sweet granddaughter I would like to say 

That you are the best in every way 

Stay blessed and lovely..I love you!"
Granddaughter,Having a grand daughter like you,"Having a grand daughter like you in life is a bliss

You take care of me in your sweet little way 

You listen to whatever I have to say 

You are a cute Barbie doll who brings smile in life 

You help me in my every strive 

My cute little princess stay as you are 

And my blessings are with you 

You would shine like a star!

I love you!"
Granddaughter,You are so cute my dear,"You are so cute my little grand daughter 

And I love you for what you are 

I pray to God that you always shine 

Bright like the night star 

I wish that you keep smiling all day 

And may you reach your way 

That's a granny's wish to you 

I simply love you and adore you!"
Granddaughter,You are so perfect you know,"You are a perfect example of being a good girl 

Your ways and your smile 

You bring joy all the while 

I may shout at you for your antics 

And I may also rejoice 

But having you in my life has made a change 

Something that words can't really describe 

My baby I love you! 

Stay as you are..a complete surprise!"
Granddaughter,Little angel,"The little angel of my life, 

I still remember your small face,
 
How you used to run after me, 

And tell me lets race, 

I still remember all the small toys, 

Which would give you all the joy!

Truly love you my sweet granddaughter!"
Granddaughter,Cute little angel you are,"A cute little grand daughter like you is really hard to find 

You are naughty in your ways, 

You are one of a kind 

Your smile cheers up the most dull days 

Your fun talks peps up my mood 

Stay as you are as you are perfect in life 

Don't change ever, it's a touch wood 

Love you a lot my angel!"
Granddaughter,A grand daughter like you,"Having a super grand daughter like you 

I feel so proud each day 

There are many things that I don't tell 

Many left to say 

My cute grand daughter I am so lucky to have you in life 

You have helped me each day 

Just wishing you a super life ahead 

And may you have your say 

Love you so much!"
Granddaughter,I was the one to pamper you,"I was the one to give in to your demands 

I know I protected you along 

But hey my values were also strong 

Can't believe that you have grown so wise 

Looking at you, I feel so nice 

Its time that has gone by that passage 

Changing things that mattered a lot 

I am so blessed to have a lovely grand daughter 

Like you in my life 

I wish you well and want that you stay blessed 

In your life my dear..From your loving granny to you!"
Granddaughter,The most wonderful time with you,"The most wonderful time with you 

To all the pretty memories I make 

My dear you do not know how much I love you 

You are my only reason for smile 

Your company makes me happy all the while 

All the things that I share 

All the ways and that silent care 

I know that you are there 

There is longing in my heart too

There is something in your company 

My heart longs only for you my 

Dear grand daughter, I simply love you 

I will always do!"
Granddaughter,There are some things so special,"There is some worth of a special connection with you 

I feel so at ease with you 

I can share my talks when you are around 

Your passion and love that surrounds 

I think I am truly among the blessed few 

As I have a lovely grand daughter like you 

And I want to say that I love you!"
Granddaughter,So kind is your heart,"So kind is your heart my girl,

So giving is your nature, 

So blessed to have you as my sweet angel 

You are the reason why I smile,

Not a day but every while

Keep smiling my dear 

Spread that cheer 

Love you!"
Granddaughter,Things may not be the same,"Things may not be the same 

I may not be familiar with name 

Life was such before you came 

You are like that light which 

Has changed the way I am 

You have brightened up my life, 

With all the things and you are in my heart 

My grand daughter I want to tell you 

You have been special from the start 

You will forever remain this way 

I just have something to say 

That I love you so much!"
Granddaughter,You are still my small one,"You are my small little princess 

I love you so much I cannot express 

I have always had this fear in mind 

That I cannot stay without you my kind 

But I know for sure that it's true 

That you also can't live without me 

Things may change and may remain 

But my love will remain the same 

I love you a lot my dear princess 

I want the best for you every way 

You are and will remain special 

I love you so much my grand daughter 

Always stay blessed in whatever you do!"
Granddaughter,You are naughty in your ways,"You are naughty at most times 

Sometimes you are also cute 

Sometimes you became serious 

And teach me things that I don't know 

Sometimes you are funny and smile 

Sometimes you keep quiet a while 

The best part about it all is 

That you are a pure soul 

You have the most important role 

My granddaughter in my life 

I am so proud of you! Stay blessed in time 

I love you so much!"
Granddaughter,For All The Times,"For all the times that you made sure that to show you care,

For all the times that you made it a point to be there,

For all the warm hugs and kisses you showered us with,

We love and cherish those moments in every little bit. 

Just want you to know that we're so grateful to God for you,

How much we love you my darling, I wish we could give you a clue."
Grandparents Day,Thank god God created,"Thank god, God created such wonderful people 

Their name is also so loving too 

Granny know that I am talking about you 

Grandpa know that I love you too 

Over the years your love has 

Changed me to be a better person 

I still cherish the wonderful time 

I have had with both of you 

Today on this special day 

I just want to thank the both of you 

Thank you so much for your wonderful care 

I know that you both are always there 

Happy Grandparents day to both of you!"
Grandparents Day,To my loving grandparents,"I am in loss of words, 

To express my feelings this day, 

All the care which you showered on me, 

All the sweet things to say, 

All the unconditional love that you gave, 

Taught be to be so brave, 

Played with me even if tired, 

This has only inspired, 

Me to be like both of you, 

I truly love you both, 

Happy grandparent's day!"
Grandparents Day,My childhood and all the memories,"My childhood and all the memories

The time that I spend with both 

So many new things that I learned 

I was lucky to have you along 

When I used to talk to you granny 

It was like a wonderful song 

Grandpa your radiance was a thing 

That inspired me so much in life 

All the lessons of being wise 

A lot more about the strive 

I learned so much from both 

Thanks for being there for me 

I have the best grandparents in life 

Happy Grandparents day to both of you!"
Grandparents Day,For my lovely grandparents,"The wonderful stories of angel and witch, 

There is no difference between poor and rich, 

Running around me when I was small, 

Teaching the meaning of standing tall,

Protecting me from anger of dad,

Comforting me when I was sad, 

My granny and grandpa you are too good to be true, 

And I want to say, 

That I truly love you!"
Grandparents Day,Thank you so much,"If parents are the tree, 

Then grandparents are the root, 

The bonding so special, 

And bonding so cute, 

I am blessed to have sweet grandparents, 

I am grateful for their love and strive, 

Happy Grandparents day to grandma and grandpa!"
Grandparents Day,To both of you,"Grandma and grandpa, 

You are the source of inspiration in life, 

Your love is unconditional and true, 

You have given me so many surprises old and new, 

You both are truly wonderful, 

And I am so blessed to have you, 

Happy Grandparents day!"
Grandparents Day,Compassion in the heart,"Compassion that I can see 

In the eyes, there is empathy 

You both are a gem in life 

You have your own splendid shine 

My granny is the best in the world 

Grandpa is also the same 

So, loving and caring are your ways 

I have had the best time with both of you 

Learning so many things and new 

Thanks for all the love and support 

Thanks for always being there 

I know you people always care 

Happy Grandparents day to both!

Stay blessed in time!"
Grandparents Day,I have searched through places,"I have searched through places 

I have searched through life 

There is no one like you oh granny 

No one like you alike 

Grandpa you are like the light 

That kindles in the darkness too 

Today on this special day 

Let me lovingly tell you 

That both of you mean a lot to me 

There is nothing which is left to see 

Except your love in life 

Happy grandparents' day to both! 

Have a great life!"
Grandparents Day,You both know that,"You both know that you are special 

Both of you have a role to play 

I think I spend so much time with you 

But I have an important thing to say 

That I love both of you so much 

As pure as your warmth and touch
 
I am blessed to have such wonderful 

Grandparents who make my life so special 

I would like to thank you for

Giving me so much love in my life 

Have a lovely day 

Wishing you both a very happy grandparents day!"
Grandparents Day,Some people are so special,"Some people are so special 

That they stay in your heart 

Some people are so special 

They play an important part 

You are so special you should know 

That there are many reasons to show 

Grandpa you are the best in everything 

Granny you make my heart sing 

There are so many moments that I 

Had with both of you 

This made my life more memorable 

And so loving too 

Happy grandparents' day to both of you!"
Grandparents Day,The warm happiness,"The warm happiness, 

In the company of my grandparents, 

Can't be compared to any kind, 

All the moments so good to share, 

All the memories unwind, 

The peace I find in both of you, 

Is really hard to find, 

You have been the best I can ask,

And in this glory I can bask, 

That I have the best grandpa and grand mom 

Love you so much, 

Happy grandparents day!"
Grandparents Day,If I try to imagine,"If I ever try to imagine 

What would be life without the two of you 

I see myself all helpless and blue 

You both give me the energy to say 

You give me the motivation to find my way 

I am really lucky that I have such great grandparents 

Who love me so much in life 

Who share with me all the happiness 

Who share with me the wisdom and light 

Happy grandparents' day to both! 

Have a loving life ahead 

Both of you are my world!"
Grandparents Day,In many ways,"In many ways,

You people were my strength,

Never expressed in words,

Sometimes I felt weird,

That I am so lucky to have you both, 

In my life,

Blessed to learn so much from the two of you,

I just have a word Thank you,

Happy Grandparents day!"
Grandparents Day,Grandpa I was scared of you,"Grandpa I was scared of you at first 

But I knew you have a heart of gold 

When we become close over a period of time 

I had many stories to tell you in prime 

There were so many things to talk 

There are still lift in time 

I think you are my best friend 

A relation that is so pure 

There is no pretend 

Grandpa you are and will remain 

My super hero in time 

I am so lucky and so destined 

To have you in my life 

A loving thanks to you for everything 

Happy Grandparents day to you!"
Grandparents Day,The sunshine that is there,"The sunshine when there is rain 

Healing touch when I am in pain 

Light in the darkness of life 

Being there in my every strive 

Giving that love and support throughout 

So that I stand out of the crowd

I have such loving grandparents 

So I want to thank them today 

Thanks for the love and support 

You people have always been there 

Thanks for your silent care 

Happy Grandparents day 

To Granny and Grandpa!"
Grandparents Day,Life is truly incomplete,"Life is truly incomplete 

Without the love of grandpa and grandma 

Both of you have taught so much 

Both of you have done so much for me 

I do not know how I will repay 

The love that you have given me 

Just want to tell you a heartfelt thanks 

For making all the difference

Just want to tell you a heartfelt thanks 

For loving me so much in life 

Wishing both of you a very happy Grandparents' day!

Have a lovely day!"
Grandparents Day,You both are so caring,"Grandparents are so very caring 

They just believe in wisdom and sharing 

They give all their time in life 

To make things look wonderful 

There is so much to learn from them 

There are so many lessons of being wise 

The love that they have for you 

Is truly visible in their eyes 

Lucky are those people 

Who get the love of their grandparents,

Happy grandparents' day to both 

Stay blessed is all I wish today 

Have a lovely day!"
Grandparents Day,A Huge role in life,"Grandparents have a huge role in shaping our lives, 

They care for everything we do,

They advise us for old and new,

Feeling so blessed, 

Because I have both of you, 

In my life,

I truly love you both,

Thanks for all the love,

Happy Grandparents day!"
Grandparents Day,There is so much peace with you,"There is peace when I run to you 

When I take solace in your arms 

Grandma all your wonderful stories 

Help me be so calm 

Grandpa when you talk to me 

I feel the light of this life 

I am so lucky to have you both 

I think people are truly deprived 

Who don't get the love of loving 

Grandparents in this life 

Happy grandparents' day to both of you 

You both mean a lot to me!"
Grandparents Day,You know that little things you wish,"You know little things you wish to say 

You go over the top to make my day 

Granny all the lovely stories you told me 

Have surely helped me find my way 

Grandpa you always played with me 

You have had this impact on me 

You people are truly the best 

I do not care about the rest 

Wish that you always stay healthy and hearty 

That is my prayer on this special day 

Wishing you both a happy Grandparents day 

Thanks for always being there for me!"
Grandparents Day,The warmth and the love,"The warmth and the love 

That silent care from your side 

My feelings are all pure for you 

There is nothing that I hide 

Whenever I am down or low 

Granny you are the first one to know 

You comfort me in no time 

And I think I am truly destined 

To have such a wonderful granny in my life 

Wishing you a happy grandparents day! 

So good to have you besides!"
Grandparents Day,You taught the value of,"You taught the value of things 

Respect that I can see in the eyes 

Granny whenever I see you 

There is a bright shine 

My face lifts up because of your grace 

I feel so blessed to see your face 

Granny know that there is no one like you 

You are truly one in few 

The respect that I have for you 

Will remain throughout in life 

Granny you are the best know that 

I love you for that and will always do 

You are my part, you stay in my heart 

Happy Grandparents day to you!"
Grandparents Day,The many smiles,"Thousand smiles that you people gave,

So many times you told me to behave,

But living under your shadow is blissful,

Because you people have made my life wonderful,

Thanks grandma and grandpa,

Wish you a happy Grandparents day!

I love you both very much,

My love is true and such!"
Sorry,One word does not mean that,"One word and the meaning changes 

A word can heal a broken heart 

It does not feel so good without you 

You know you are a part 

A part of my life and me 

You have been a part of my strive 

I am sorry my dear is all I want to say 

Not feeling so fine without you 

Forget about that moment 

Forget what I told you that day 

Let go of that moment per say 

Because I am telling you 

Sorry from my heart

I am so sorry for everything!"
Sorry,Sorry that I hurt you so much in life,"Sorry that I hurt you much 

Sorry, that I caused the pain 

There is a feeling so mutual this side 

Look I am also crying in vain 

Life is small and you should know 

That moments are lived only once in life 

Please forgive me for all that I do 

Forgive me with a clear heart inside 

I promise this will not ever happen again 

I promise that it will not cause the same 

Sorry that I hurt you much 

I am asking forgiveness again!"
Sorry,It has all changed in life,"It has all changed since you have left 

Leaving me in a state of deft 

It has changed my perception and being 

Changed the things in doing 

I don't know what will I say 

I don't know how will I make a way 

In your heart so that you forgive me 

In your heart so that you find a way 

Please forgive me is all I ask you 

Because life is different all along with you 

I simply can't stay without talking to you 

I am so sorry!"
Sorry,Sorry for not being there with you,"Sorry for not being with you in need

Sorry for not talking to you that day 

I repeat that I could be there 

But that does not that I don't care 

I care for you, you are special 

I want well for you in life 

But sometimes I get busy with work 

And can't make that time 

So sorry I hope your day was good 

I hope you had an amazing time 

I promise this will not happen again 

A sorry from my side!"
Sorry,I know that I have caused the hurt,"I know that I have caused all the hurt 

You aren't ready to speak to me for same 

I take all the things in my stride 

And I take all the blame 

I am sorry for hurting you this way 

I should have made my say 

Life would not be this way then 

Now there is no one to believe me 

No one to defend 

I am helpless waiting for your smile
 
Coz I miss you every while 

Let go and forgive me for once 

This won't happen again 

I promise you I will keep this in my heart,

Let's make a new start 

I am sorry!"
Sorry,I Feel Stupid,"I brought tears to your eyes and made you cry,

I hurt your feelings and even I don't know why.


I just want to go back in time and change what I did,

When I think about all I did, I actually feel stupid. 


Give me one last chance and I promise to change,

I promise to never make you sad again even in rage. 

I'm sorry."
Sorry,I know that I lied to you my dear,"I know that I lied to you 

I know that I made you cry 

But you should also understand my plight

You should understand and try 

To forgive me this way with heart 

You know that life is purely tough

You know that from the start 

Why hold a grudge for such a long time 

Why hold things in your heart 

Just accept my apology so that I 

Relieve a sigh of freedom from my side 

I am being true to you 

There is nothing that I hide from you 

A heartfelt sorry from me to you!"
Sorry,I was so blind to not,"I was so blind as I didn't see your heart 

You were so correct right from the start 

I have a feeling that something went wrong
 
So I could not stand so strong 

The storm was fierce it took you away

Just could not react or say 

I am sorry for whatever happened that day 

It will not happen again I promise 

You have to believe and forgive me 

As a new light in life, I wish to see 

I want to tell you that I am sorry!"
Sorry,"I Was Selfish, I Was Mean","The pain I'm feeling is like daggers in my heart,

I'm so sorry that my heart is literally torn apart. 


I can't believe I brought tears to your beautiful eyes,

With all the amount of those very selfish lies. 


I don't know how could I be so mean,

I can do all it takes to come out clean. 


I beg you for one last chance my baby,

Please darling, please say that you love me."
Sorry,I Hurt You So Bad,"I'm sorry baby I hurt you so bad,

Thinking about it makes me so sad. 

You've been such a darling to me all the time,

Inspite of the hurt, you try to make me smile. 

My eyes are filled with tears,

And my heart regrets with fear.

I wish I could take it back,

I wish I could take all of it back. 

Please forgive me darling I promise I'll change,

I'll make it a point to never ever hurt you this way."
Sorry,The day when I had this in mind,"That day I was in some weird mood 

I don't know how I told you many thing s

I am aware that I caused hurt 

I am truly aware that I made you cry 

Sorry for everything from my side
 
It happened I admit to it 

But my intention was not to hurt you in bit
 
Just forget about that day and move on 

We can start afresh with where we left 

Life is small to hold such big grudges 

I am so sorry from my side 

I just want to see you smile..So sorry!"
Sorry,I really did not meant to,"I really did not meant to hurt you 

I did not meant to insult you that day 

If you felt bad, I am sorry for it 

If you felt bad, then I am sorry 

End this and then move on 

End this plight so that I be so strong 

Lets make a new beginning my dear 

Lets end all this in a cheer 

Life will be much easier that way 

Forgive me through and make my day 

I ask for an apology from you 

I am so sorry for everything!"
Sorry,No matter things turn so sour,"No matter things, turn so sour 

No matter we fight and argue a lot 

But remember you are dear to me 

You stay in my every thought 

Things happen and you move on 

I want the same thing from you 

Please forgive me my dear 

Life is not the same without you 

I want that you forgive me through 

As I am really sorry for what happened 

I am sorry for my behavior 

Hope you will understand

Hope you will take that stand..Sorry!"
Sorry,I am sorry,"I know that I have caused the hurt, 

I am too feeling the pain, 

Please don't do this, 

Please talk to me, 

The tears have dried up in vain, 

I am really sorry for what I did, 

I would like to admit, 

That I need an apology from you!"
Sorry,I just want to write to you,"I am embarrassed to write this to you 

After that day and story, I want to tell you 

That I did not really mean that way 

I am sorry for whatever happened 

I was not aware of what I was speaking 

I was not aware of my actions 

Sorry is meant for forgiveness in life 

I appeal to you for the same 

Forget whatever happened that day 

It all started with that name 

I am sorry is all I can tell you 

Sorry for being so rude 

I hope that you will forgive me!"
Sorry,No feelings left to say or do,"No negative feelings I am keeping in my heart 

You know that I loved you from the start 

One mistake and you stopped talking to me 

One mistake ended all in thee 

Can't you just forgive me and end this fight 

Can't you just see my tears and plight 

Life has changed because of you 

My world resolves only around you 

My dear I am sorry for what I did 

As I apologize for my deed 

It's the time that you also forgive me 

I am really sorry for everything!"
Sorry,Never The Intention,"Hurting a sweetheart like you was never the intention,

My rude behaviour was never supposed to be the reason. 

Still I hurt you and I don't know why,

I am so angry with myself I can't deny. 

Please forgive me, I am sorry."
Sorry,I share a different kind of,"I share a different kind of emotion with you 

I share the things in the due 

When you don't talk to me  

I don't feel alright 

You are the reason why I smile 

You make my world so very bright 

Please let me stay happy and forgive 

Forgive me for what I have done 

Forgive me for giving you all the pain 

I know that you I have caused those 

Dry tears in vain, 

One forgiveness will change my life 

It will make my day, I am so sorry!"
Sorry,I do not feel like doing that,"I do not feel like looking in the mirror anymore, 

Coz I see your sad face in there 

I know that you still love me my dear 

Coz I can see that you still care 

Then why we have created such mess in our life 

Why don't we move ahead of this strive 

Your one sorry will do the need full 

Then make my life the same 

I accept all what I have done, I take the blame 

End it all here coz I say sorry to you 

For without you there is a feeling so blue 

I am so sorry is all I want to tell you!"
Sorry,Deep and hurt,"It kills me deep down when you don't speak to me, 

It really hurts a lot, 

You have always been special to me, 

You are in my every thought, 

I am sorry and I mean a lot, 

Please forgive me and change my thought, 

Really sorry!"
Sorry,I wish that I could bring back,"I wish I could just bring back that lost smile
 
I wish I could cheer you up every while 

I wish I could just hug you tight
 
And tell you that I am sorry 

No one is ever happy after a fight 

It causes so many emotions in  mind
 
I wish I could just tell you 

That I don't mean to hurt you 

I am sorry as I apologize from my heart 

I am sorry for everything that happened 

This won't surely happen again 

This wont surely happen with you
 
I am also feeling so blue 

A life lived without you, I am so sorry!"
Sorry,The guilt is so killing me now,"This guilt is killing me I want you to know 

I may not have many gestures to show 

Please forget the things of the past 

How I stood there finding the last 

Letting go is the thing you should try 

And don't ask me answers to why 

Just say that you have forgiven me through 

Coz I have no apology left for you 

This guilt of mine is killing me through 

I am sorry for what I did 

Please forgive me for my every bit!"
Sorry,I did not intent to do that,"I am sorry, as I did not intent to hurt you 

My ways are different in my mind 

I was trying to fool you that day 

But never knew I was not being so kind 

I think I projected myself in a wrong way
 
I surely had a bad day 

As you have stopped talking to me 

So I apologize from my heart my friend 

I did not mean to hurt you bad 

I am also feeling the heat 

It is also making me very sad 

I am sorry is all I can say 

I don't have a way out, apart from your 

Acceptance to my apology...I am sorry!"
Sorry,I Am Sorry,"I am sorry that I hurt you so,

By hurting you hurt myself more. 

Your feelings mean the world to me,

I care for you more than I show, more than you see. 

I am really sorry."
Sorry,Five Letter Word,"Sorry maybe just a five letter word,

But it means so much to be my dear. 

I mean every word I say, 

I am sorry from the bottom of my heart today."
Sorry,The Stars Shining In The Bright Sky,"The stars shining in the bright sky,

Remind me of your big bright smile.

The smile that I brought down,

With my mistake I replaced it with a frown.

Now my heart hurts and my mind is sad,

That I made you feel so bad. 

Please forgive me this time, dear,

Coz' losing you is now what I fear. 

Please smile!"
Sorry,I Was Happy But Now I Am Not,"I was happy but now I am not,

I am sad that we both fought. 

I hurt you and was hurt too,

Please, let us put this behind us coz' I really care about you! 

Please forgive me my dear."
Sorry,It is up to you now,"Its up to you and on you 

To move on with things I did 

It just happened, there was no 

Real intention from my side 

You know I am pure in my thoughts 

There is nothing I intend to hide
 
Sorry for hurting you this way 

Sorry for hurting you so bad 

Things have surely changed for me 

Left me in a state so sad 

I just want to tell you 

That I am so sorry for 

All the things I did 

I promise this will not be repeated again

Sorry for everything!"
Sorry,What I want you to know,"What I wanted to tell you and what I could not do 

That was something that made me so sad 

That day my mood was very bad 

I yelled and I know it's my fault 

Things just went all out of the vault 

Forgive me as one mistake you can 

I genuinely want to tell you sorry without any pretend 

Forgive me is all I want to tell you 

For you only give me a hint or clue 

How will I ever be able to live without you 

So sorry for yelling at you,

And I hope that you forgive me through!"
Sorry,I took you so for granted in life,"I took you for granted and I am short of words 

I took you for a ride I agree 

But I also suffered the same 

As I know that, I was to blame 

I am simply sorry for my act 

This will not happen again, I can assure you that 

I can be honest with you at all time 

So forgive me and let go 

Forgive and end this, all the past 

Let's renew our bond in life 

A bond that was special to bask 

Forgive me, as I am so sorry!"
Sorry,Sorry if I caused some tears in your eyes,"Sorry if I caused tears in your eyes 

I know that I am not being so wise 

But believe me what I said was not intentional
 
What I said was in the heat of the moment
 
I promise that I won't ever hurt you 

I promise that I wont ever tell you 

Something that would make you cry 

Listen to me at least my dear
 
Give me a chance to try 

And explain to you that it's not worth
 
Holding a grudge in your heart 

So I tell you a heartfelt sorry 

For all the things that caused hurt
 
I am so sorry for everything!"
Sorry,Things were wrong,"Things were wrong I know, 

I don't have meanings to show,
 
But, life plays another game, 

Where there is just blame, 

I am sorry from my heart, 

Can't really stay apart, 

So please forgive me!"
Sorry,I do not want this to happen,"I do not want to lose you in life 

I do not want to see you far away 

Not spending my time with you 

Makes me blue, things about you 

You have to forgive me for old sake 

Things just went out of hand 

Believe me nothing was so fake 

You have to believe me and let go 

You will surely know 

Your decision was right to let go 

I am truly sorry for everything 

I hope you will forgive me!"
Sorry,I will never lie to you again,"I will never ever lie to you again
 
I will never break your heart 

You are always special in my eyes 

You have been an important part
 
I admit my one mistake 

Caused so many problems for you 

Today as I write to you this poem 

I want to express it right 

That I am sorry from my side 

Please accept my apology my dear
 
And make my world so bright 

This won't be repeated again, 

I am so sorry for everything my friend!"
Sorry,Sometimes things just happen,"Sometimes things just happen in life 

You really do not mean it from heart

That day I was not in a mood 

So I told you many things in a rough tone 

Believe me that I did not intent to hurt you

My heart is not like the stone 

I respect you and have a high regard 

I respect you for what you are 

So sorry if I did intentionally hurt you 

Lets end all this here and through 

Life is fun when you talk and share
 
A bond that is loving too 

I am really sorry for everything!"
Sorry,Please Give Me One Last Chance,"Without you my life has been a mess with absolutely no luck,

I didn't even realize before I was caught in this huge muck.

I was so selfish that I would always mess up all the while,

Still you always forgave all my mistakes with a warm smile.

I kept hurting you all the time, 'coz I thought you were my own,

Finally you couldn't take it anymore and left me all alone.   

I really wish I could take it all back, only if I had a chance,

I promise to make it right this time, I promise to take a stance. 

I'm sorry my baby, please please forgive me this time,

Please dear, just once say that you are only and only mine."
Sorry,Life teaches us a lesson,"Life teaches a lesson each day 

That was surely not my day 

I offended you and broke your heart 

Don't know from where I should start 

So let me start by saying sorry 

Let me start by showing that care 

I have always been there along 

Know that I forever care 

I am sorry is all I can tell you 

Sorry for causing so much hurt to you 

It won't repeat ever in life, I am sorry!"
Sorry,Every Relationship Has its Ups and Downs,"Every relationship has its ups and downs,

Every relationships has its smiles and frowns. 

Let us put this flight behind us for now,

We both will say sorry, I will show you how. 

I am sorry."
Sorry,I Wish I could Take It Back,"Sorry seems to be a very small word,

Compared to the way I hurt you. 

I wish I could take it all back,

And bring back that smile on your face. 

But since I can't, just want you to accept,

my sincere apology from the heart. 

I'm sorry."
Sorry,A Person As Wonderful As You,"A person as wonderful as you,

Needs to you loved too. 

But I hurt you instead and that's why I am feeling bad,

Please forgive me and stop being so sad. 

I am sorry."
Sorry,Do not do this to me please,"Don't stay quiet I want you to punish me 

I want that you talk to me 

I want that you accuse me through 

I want that you argue with me 

Don't stay quiet as your quietness 

Is pinching me every way and through 

Don't stay quiet speak to me this way 

I am really sorry for what I did 

I am sorry for everything that happened that day 

Don't stay quiet and give me hope 

So that I can talk to you, 

I am really sorry I asked you again 

Hope you will forgive me through!"
Bon Voyage Poems,Such wonderful locations,"Exotic locations that you have chosen 

Will surely leave an huge impact 

For not every day you get to visit places 

Which are so appealing and great, 

Just stay as you are do your own thing 

Flaunt on the holiday your own bling 

For the madness of the trip has just begun 

Soak in this crazy trip all your fun 

And make some memorable moments to remember in time 

Have an amazing trip ahead 

Bon voyage!"
Bon Voyage Poems,Feel the cool,"Feel the cool wind in the air 

And feel the sand and beaming sun 

Get all tanned through the day 

As you watch the day go down 

You will have the most amazing time 

A time where you can capture all new 

With your HD camera and phones so new 

Have an amazing trip is all I want to wish 

Have an amazing holiday 

As I am wishing you super trip 

Bon voyage!"
Bon Voyage Poems,That times you are,"The time that you spend on a holiday 

Is your time of all I know 

Relax and don't think about your work 

This is the time when you forget about your stress 

A time when you completely destress 

Its time to do something for you 

Just don't feel the home blue 

Go out there and have a good time 

Coz all that is what matters and prime 

Have an amazing time ahead 

Bon voyage!"
Bon Voyage Poems,Going for a very,"Going for the very first time and that too your favorite place 

Going for the first time on a long trip 

I want to tell you enjoy every moment of it 

Make some wonderful memories and take some pics 

This time would not return back you know 

This time is yours and yours to show 

So have the most amazing time you can 

With your gang and family alike 

This is the time which you will really like 

Have fun on this trip! 

Bon voyage!"
Bon Voyage Poems,You are leaving for your holiday,"You are leaving for your holiday 

It will be super fun for you 

Wish you see many scenic places 

And beaches with that blue hue 

Wish you see all the places 

That give you peace of mind 

You deserve a holiday my friend 

As you are truly kind 

Do things that you love and enjoy the most 

As this is your official vacation for you 

Wishing you a super trip ahead 

All the best to you and your family 

Bon Voyage to you!"
Bon Voyage Poems,When you visit a new place in life,"When you visit a new place 

You also know about the culture and heritage 

Of all the things that you never knew 

And assumptions you make in few 

I hope that you enjoy your trip to fullest 

I hope that you have an awesome time too 

Go in the mood that will make you feel awesome 

Have fun is all I wish for you

All the best for your trip 

A trip that can't be missed 

Bon Voyage to you!"
Bon Voyage Poems,It's the start of a new journey for you,"Its start of a special journey I know 

A journey that you were planning for long 

Do not feel scared to scale new heights

I know that you will grow strong 

Things may look new to you 

But you have the confidence too 

Overcome everything in this adventure trip 

Try everything that you can with a kick 

Happy journey to you my dear 

Let go of all your fear 

All the best and Bon Voyage to you!"
Bon Voyage Poems,The late night party,"The late night party in the beach 

The many new friends you will make on the way 

You will find many reasons to eat good 

As you will taste awesome cuisines of the place 

May this trip of yours be the most memorable one 

Just forget everything on your mind 

This is the great time to unwind 

Just give in to the place your going 

Its going to be awesome I know 

So have a great time ahead! 

Bon voyage!"
Bon Voyage Poems,For the day is so bright you should know,"From night markets to day so bright 

From the snow fun to feeling all right 

You are going with your family I know 

You will have lots of fun to show 

Just leave all your stress here 

Enjoy the pleasant time with your family 

Enjoy the time you will not get back 

It's the super vacation time for you 

Hope you have packed all your bags 

Have a super trip ahead 

Enjoy and have lots of fun 

You were waiting for this time 

All the best and Bon Voyage!"
Bon Voyage Poems,Its really a good thing,"Excitement is clearly visible on your face 

And I can see that you have planned a lot 

So just be relaxed and have a good thought 

Coz your trip would really be nice 

You are as it is so wise 

Visiting places you always wanted to go 

And make some awesome scenic memories 

That you will cherish for a life time 

Along with your wonderful friends and family alike

Bon voyage!"
Bon Voyage Poems,You are such an adventurous soul,"You were an adventurous soul 

And you had that loving zest 

But don't you think scaling heights 

Would put you in an extreme test 

Rest assured you would enjoy this too 

My all the good wishes are with you 

Enjoy and make a record of sorts 

Because you are the best in whatever you do 

All the very best for your trip

Bon Voyage to you!"
Bon Voyage Poems,I can imagine how you are feeling,"I can imagine how you are feeling 

This is the first time to your dream destination 

I hope you are all prepared for this trip 

I hope you took all the things you need 

Do not get nervous and enjoy every bit 

Do not get apprehensive and don't you sit 

Make the most of your 'me' time on this trip 

As I wish you the most amazing trip 

All the very best to you 

Bon Voyage to you!"
Bon Voyage Poems,When you made a plan,"When you have made a plan to travel to as many places 

You also need to have a camera with you 

So that you don't forget anything in between 

Don't forget what's on your mind 

When you will have a good time on the beach 

Or go to places out of reach 

You will surely find the joy 

Its your time to head for a trip of your life 

And an amazing time to enjoy 

Bon voyage!"
Bon Voyage Poems,Hey do see around the place,"Not everyone is lucky in life 

To see the scenic places of this world 

I know you are excited to explore it all 

As you want to make moments from it 

All the best is all I want to wish 

Now that you have a long way to go 

On a holiday that is going to be so awesome 

Just relax and have a good time my dear 

And go with the flow 

As I wish you Bon voyage 

Have a good trip ahead!"
Bon Voyage Poems,The sunny beaches and that life,"Those sunny beaches and lying down 

The scent of feeling the fresh air around 

I can imagine you being so wild 

Coz somewhere inside, you are still a child 

So enjoy the trip that you are going soon 

A break is must for you my dear 

Now is the reason to get all soaked in fun 

A reason enough to cheer 

As your holiday mode is about to begin 

All the best for your trip 

Make the most of it 

You have been waiting for a long time 

Bon Voyage to you!"
Bon Voyage Poems,In the new places in life,"Discovering new places gives a good high 

Exploring new meanings of life 

You have always been wanderlust 

Going through many things unjust 

So on this trip just relax your mind 

And have the most amazing time 

Have a time of your life so that you 

Remember all through your life 

Have a awesome trip ahead 

Bon voyage!"
Bon Voyage Poems,So happy to know that,"So happy to know that you are leaving for your holiday 

Do things you like doing and do take some pics 

This is the time to enjoy with your family and friends alike 

Do things, which you want to do or like 

From adventure fun to soaking in the sun 

This is your time and your opportunity to enjoy 

Just have a good time and see the joy 

Will be visible on your face at The end of this trip 

So have the most amazing time of your life! 

Make the most of your wonderful trip! 

Bon voyage!"
Bon Voyage Poems,You will embrace the new air,"As you will embrace the fresh air on your face 

And look for trees all over the place 

Do not forget to soak in the sun 

That will be all the more fun 

A break that you needed you finally got 

And this was so in your thought 

Get going as you know where to head 

This trip was always in your mind 

This trip was always of your kind 

Have a great trip is my wish to you 

For your vacations will give you a feeling so new 

All the best to you 

You will enjoy all through,

Bon Voyage to you!"
Kindness Poems,Your kindness will always come back,"Your kindness will always come back 

Find that compassion which you lack 

When you are kind to people along 

You will also feel wonderful and strong 

Kindness has that power that can change life 

It has that power to stay in life, 

Being kind does not cost so much 

It's like that pure mother touch 

Today be kind and have that hope, 

Today be kind and you will have a reason 

To be how you feel to be, 

Kindness will always pay in your life 

Whether in happiness and in strive!"
Kindness Poems,It is the way you see,"Kindness is an act, which does not needs practice 

It has to be done from your heart 

What if you were not kind from the start 

You can practice the good deed now 

Now That you rightly feel for others 

Do stand out from the crowd 

For you can truly be kind all the way 

And you will make your presence felt and say

That you are truly blessed 

Be kind you don't need to impress

Be kind always in every test!"
Kindness Poems,You can do anything you like,"You can do anything you like 

It all starts with the kind words 

You can be nice to all the people

You can do things that make you happy 

Be kind and be loving to all the 

People who make you happy in life 

Be kind to all the people who bring a smile 

On your face in life, 

There may be hardships in life, 

There may be things that matter 

But you have a difference in strive, 

Be kind and do things that make you 

A better person in life!"
Kindness Poems,Be good to everyone around,"Be generous to everyone you meet in life 

Coz that will take you far to strive 

Be kind as you will know for sure 

That one is with you in life 

Kindness does not really cost anything 

It just stays with you and along 

It make you to do things 

So that you can get more strong 

Being kind will make you a good person 

So just be the one!"
Kindness Poems,People will take,"People will take advantage of you 

People will always talk behind your act 

That is their way to see life 

If you are kind you will find a way 

And you will always have the power to say 

Kindness is like a sweet act 

And its truly a known fact 

Be kind and you will go far in life 

Be Kind and you will be a all happy and wise

Kindness always pays in life!"
Kindness Poems,It is not an act to see,"Kindness is not an act, which you have to learn 

It comes from within you know 

When you help others in solidarity 

When you show remorse to things 

When you don't find fault in others 

When you stay rounded to being 

Being kind will make you a better person 

Being kind will show you like a star 

Kindness is good you know 

It will surely take you so far! 

Be kind!"
Kindness Poems,Kindness will never cost anything,"Kindness will never cost anything, 

It will just open your heart 

Kindness will forever stay with you 

So that you have a perfect start 

Be kind to all the people you know 

Be kind to all the people you love 

Even to strangers that don't wish you well 

It's your deed of kindness that will tell 

And make you a better person each day 

Make you the best person in life 

Be kind to all and everyone 

Be kind to everyone around you 

That will brighten up the person in you!"
Kindness Poems,Your inner strength in life,"Your inner strength lies in the way you treat people 

The way you always care 

The way when you know you are there 

Kindness always has a role to play 

People will remember you being kind 

People will remember your deeds 

When you are kind you are at peace 

All your worries will forever get ceased 

Be kind and have hope in life 

Life would be tough for some time 

But your kindness will pay with time 

Smile and try to be so kind!"
Kindness Poems,One quality that will stay with you,"One quality that will stay with you 

Forever wherever you go in life 

Is the quality of being kind and wise 

You will be remembered for your wisdom 

You will be remembered for your ways 

You will be remembered for your kindness 

In every context of life and day
 
Kindness is one quality 

That never goes out of trend 

You need to be true to yourself 

There is nothing about to pretend 

Be kind and you will feel so good 

Be kind and things will change for you!"
Kindness Poems,Do not wait for time to come,"Do not wait for opportunities to come to you 

Do not wait for reasons so new 

When there is kindness in your heart 

Everything will look so true 

Be kind to people who love you 

Be kind to thing that you see 

For kindness is an important part 

This will help you with that start
 
Be kind and see that change 

A change that will let you be 

A change that everyone can see 

That change will come with the kindness 

In your heart to see!"
Kindness Poems,You should be very kind,"You being kind to people 

Would only earn you brownie points 

Let them do what they want to do 

You just need to be calm and kind 

Its like a high being as you are 

You will be remembered as the shining star 

The one whose always kind 

The one who is way too bright 

Your good deeds will pay you well in life 

So be all kind!"
Kindness Poems,Kindness in your smile will attract,"Kindness in your smile will attract
 
More power in your life 

Smile and see the world being kind for you 

Smile and find your reasons so new 

Kindness in your heart will stay 

It will help you find a way 

When you are kind it pays you back

When you are kind, you are true 

There is nothing in your heart 

Everything is just as pure as you 

Kindness is like a binding thing 

That will help you through!"
Kindness Poems,You can pay anything in life,"You can pay anything you have with your money 

But you can't really back the love 

You can repay back being kind 

As there is no shove

Kindness is a thing that lingers in the heart 

If you are being kind from the start

People will remember you all the way 

People will call you good in every way 

So practice being kind in your life 

It will truly help you to strive!"
Kindness Poems,Do it only for you,"Do not be kind only for the sake 

It is through your kindness many 

Memories that you will make 

Be kind enough to understand 

That things will surely come your way 

Be kind enough to understand 

That life will have your say 

Be kind today and as you give a smile 

Be kind today as you will have love all the while 

Kindness will follow your heart in every way 

It will surely make your day 

Be kind for everyone around 

You will feel that love that surrounds!"
Kindness Poems,Kindness always pays in life,"Kindness always pays in life 

Kindness always pays you good 

You just do your deed in life 

You will have no reason to say, 

Just stay as you are and you will know 

That kindness will pay you back 

Do not copy others and do things 

Don't do things that you lack 

When happiness is within you 

It will reflect on your face 

You will never leave that grace 

Be kind and be more wise!"
Kindness Poems,It is easy to take in life,"It is easy to take in life my friend
 
But giving is a difficult thing 

If you are kind enough in your ways 

You will smile in your giving ways 

Life is small so spread the love around 

Everything you do will bright your light
 
Everything you do will be all right
 
Be kind in your ways my dear 

You will spread a lot more cheer 

Be kind and compassionate in your heart
 
You will truly get that start 

Be kind as it's an important part 

Of your life."
Kindness Poems,Be kind and it will help people,"Be kind that will help you to find 

Many answers you are looking for in life 

Kindness helps to melt your heart 

Kindness indeed can be an important part 

Lets you stay the way you are 

Let's you be in your space 

Kindness reflects in that loving grace 

If you are kind things will change 

Everything will look good to you

Kindness does not take anything 

But you know to the world all the things 

Be kind and stay happy in life!"
Kindness Poems,You are what you do,"You be kind in life and people will respect you more 

Be kind in life and you will know for sure 

Kindness is not something that you can copy 

Kindness is not something that you can ape 

Kindness is a great deed 

And it's done from your heart 

Kindness lets you take that perfect start 

Be kind in life and that will show you the way

For being kind will give you a wing to say 

Be kind in life!"
Kindness Poems,Being kind will cost nothing,"Being kind to people should be your being 

One life to which others come and see 

Kindness in your actions will raise you high
 
Kindness in your words will do you good 

Kindness in your life will teach you a lot 

Kindness should be present in your every thought 

It's the basis of who you are in life 

It's the basis of being you to strive 

Be kind and be remembered in life 

Be kind and you will know that 

Life is wonderful when you are kind 

It's the peace that you can never find 

Eternal peace of being so kind!"
Kindness Poems,Do not hold back on things,"Do not hold back on things you love 

Do not hold back on things you can 

Because that will make you a better 

Person so in life 

It will help you to understand 

There is a power in what you do 

A power on how you act in life, 

That power will track you down 

Make you so wise and nice 

Be kind to everyone you meet in life 

They also have had their share of strive 

Your one smile can make their day 

It will also give you a reason to say 

That kindness never hurts in life!"
Kindness Poems,Life would be same for you,"Life would be the same when you are same 

Things just turn around and go 

But you should go ahead and know 

That situations change with time 

What remains is the way you are kind 

If you are kind, you will cope up

If you are kind, you will know for sure
 
All the things in life in store 

Be kind and respect everyone around 

Be kind and you will find love all around 

Smile and be kind all the time!"
Kindness Poems,There are many ways to show,"There are many ways to show your kindness 

Many ways that will reflect upon 

Many ways that will make you 

The best in everything you do

Be kind to say to someone 

Love someone from your heart 

When you have that compassion within 

It will be visible in your eyes 

It will make you content from within 

It will also make you so wise 

So blessed you will feel being kind!"
Kindness Poems,You can truly create,"You can truly create many memories in life 

By being kind you know 

Many which ways that come in front 

And the difference left to show 

For kindness lies in the heart forever 

It does not come in a day

But by being kind in life my dear 

You can always find your way 

So be kind!"
Life,You win and lose,"You win some and you lose some, 

Nothing can be same ever,

Life does give you a choice, 

It is for you to understand, 

Moments will not be the same, 

There will be no one to blame, 

You win some and you lose some, 

But, you have to win this game!"
Life,Life is like a mystery,"Life is a mystery still you want to solve 

Life is a period a thing to evolve 

Life is a drama where the stage is set 

Its just the characters have to be prepared

Life is a blessing if you take it positive 

Its a curse if its negative 

The many shades of life which you have seen 

To things that are set to be

To things that you wish to see 

That is life for you!"
Life,Wishing You A Great Life,"Life is never certain, it always seems to change like the tide, 

You can never be sure that any person will not leave your side.

So live life to the fullest like there is no tomorrow,

But always be prepared to fight away unexpected sorrow. 

Never think twice before bringing a smile to some body's face, 

And your life will be filled with beautiful and happy days. 

A happy and contented life is what I wish for you, my friend,

I wish you a life without regrets till the very end."
Life,Life is really good know that,"Life is really easy and good 

It's you who complicate things in life 

You do not find happiness when you are sad 

You turn positive situation to bad 	

It's all in the mind if you feel good 

It's all in the mind for you to say 

There are many things that change in life
 
Many things to life per say 

Live as you are and you will know 

There are many things left to show 

Don't create things that are not there 

Be all kind and do care 

For you have a life just once 

Be as perfect as you can be!"
Life,Your glory of life lies in,"Your glory of life lies in the way 

You conduct things for yourself 

See the life you want to see 

Be the freedom to express in be 

Be the sun that shines so bright 

Be the moon with the radiance and light
 
Be the change you want to be 

Everything you want to see 

Be the master of your own life 

You will not have to struggle or strive 

Be the happiness in all times 

Be the life that cheer you wise 

The life that would be so nice!"
Life,People blame life for small things,"People blame life for small things 

Even the things that don't matter in time 

Life is not as bad my dear 

There is a lot of fear

But that fear is all in your mind 

It does not let you be so kind 

let go of things that bother you 

Let go of things and feel so new 

Life is good if you are positive 

Life is good if you smile all through 

Be the one you wish to be 

Life will be more wonderful for you 

Keep smiling, as life is good

You will surely have a good life!"
Life,Life is an emotion,"Life is like an emotion so deep, 

You lose some and you win some, 

Sometimes it makes you all happy, 

Sometimes it makes you numb,

But, still that is life for you, 

It does not give any clue,

Just worth living this way!"
Life,Enjoy and Always Smile,"You should enjoy the little things that you have in life,

Because when you look back in time,

Those things will also look big to you,

So, enjoy and smile always!"
Life,Nothing can go against,"Nothing can go against life 

Coz its all the game of destiny 

A thing you had in the past 

The same things loses from you to last

The thing which gave you joy 

From your broken toy 

Everything has a reason in life 

Everything changes with time 

As such is the story of life!"
Life,From all the things,"From vice things which control the mind,

To good thoughts, being one of the kind,

From everlasting bliss and happiness within,

To all the sorrows, anguish and sin,

From living to be a complete human being,

To believe the other side of what one is seeing!

Life is just a name of being!"
Life,Doing the right thing in life,"Doing the right thing at the right time 

When situations go out of hand 

You can't find a solace of any kind,

When there is no apprehension of any kind 

Why life moves at this pace 

Why do I struggle in every race 

Things do change and I will too 

Things do change like a dew 

Life takes new turns each day 

You are left with no choice to say
 
The things that are hassled all away 

The things that are left on to say 

Nothing will change as of now 

You just have to move on!"
Life,To see what really is,"To see what really is,

You need an timeless soul,

To see the shining star,

You need to reach your goal,

To see the frame of mind,

You need to be the delicate kind,

To feel the tender pain,

You have to cry in vain,

To see the truth behold,

You have to relax from mould!"
Life,If you are prepared for anything,"If you are prepared to face the light 

There should be a feeling so bright 

Be prepared to stay calm in the storm 

Things will truly be all right

Be prepared to laugh when you are sad 

Be prepared to move on when you feel bad 

Be prepared to lead a life 

That would change the meaning for you 

Be prepared to lead a life 

That would give you dimension so new 

A life that would change everything 

A life that would make all new 

Be prepared to lead a life 

That would be just perfect for you!"
Life,Life Ain't Easy,"So you thought it is easy, but now you know.

It is all hailstones here, before the snow.

For what comes just goes, seeking unknown, searching something,

And one day you learn, without pain, we can have nothing.


Too afraid to let go, you hold on to fading memories,

Too sober to realize, melting life in a quest for basic groceries. 

Day after day, exploring the vibes, you all learn to grasp.

Cheating with a smile, hoping for a lie, till for the last breath you gasp.



So you thought it is easy, but now you know it is not,

You have to live and enjoy, and never greed for a lot. 

Playing games with a bless, a life, you forget what you need 

And while you decide between heaven or hell, on earth you can only bleed."
Life,If you think good about life,"If you think about life 

You will dwell more in to it 

So give it your peace and all your stress will cease 

Be sure of what you really want 

Then you will be able to flaunt 

Life may be complicated at times 

It may be really bad 

But it's not the same each day 

So there is nothing to get or say

Life changes its routes 

So you also do!"
Life,It is always unplanned,"Life is unplanned you know 

Things happen when we don't even know 

Things happen when we feel all good 

Its a mix of emotions touch wood 

Life is a game which every one has to play 

It is a feeling of being 

Just get along where you want to head

Don't think much and move in the direction of your dream 

As life is unplanned you know!"
Life,Don't feel bad,"Don't feel bad if things go wrong, 

Don't feel bad if your wait is long, 

For life will never be the same for you, 

If things are old, then will become new,

Don't feel bad on any blame, 

Because life will never remain the same, 

Life is just an unknown name!"
Life,It puts you in the last,"Its the things that puts to last 

The message of life is indeed so vast 

So many moments of happiness it has

And so many moments being so sad 

There are things to cheer also 

There are things to cry on 

But life is such my dear 

That one has to move on 

Yes its important to keep moving in life 

That is an ideal way to survive!"
Life,Cherish small things in life,"Cherish small things in your life 

You will never know before it will 

Go away far from your life 

Cherish the love that you get from 

All your loved ones around 

Cherish the kindness that you have 

This is forever surrounds, 

Cherish the good times that you have 

Cherish the love in the heart 

Cherish the feeling of being 

Cherish that it's a part 

Of your life which you are seeing 

Time will not always stay 

Cherish each and every way 

Of this wonderful life you have!"
Life,Sweet And Salty Life,"Life is truly unsure, 

But you need to play your role,

Don't think about what is going to happen, 

Because that way only you would reach your goal,

That is life for you,

Little salty, sweet and new!"
Life,This Is The Time,"This is the time to succeed.

This is the time to inspire.

This is the time to think.

This is the time to work.

This is the time to befriend.

This is the time to accomplish.

This is the time to enjoy.

This is the time to adore.

This is the time to love.

This is the time to care.

This is the time to dream.

This is the time to live a great life."
Life,Life Is Beautiful,"Everything that happens to you in life is wonderful,

It is a feeling so pure and true to heart, 

Because it's there from the beginning and start, 

Coz life is truly beautiful, 

So stay as you are!"
Life,No Problems Are Forever,"No problems in your life are here to stay forever, 

They will pass away my dear, so shrug away all the anger. 

Don't complain even if your sad days are taking away the shine,

Smile my friend, because your happy days are just down the line. 

Nobody said that life was going to be free from troubles and a perfect road, 

They only promised, it would teach you how to smile even in times of load."
Life,It is not so simple in life,"Life is not so easy as it seems to be 

There are problems all along 

Sometimes we lose out way 

And at times to where we belong 

Life is a lesson that we all learn

Its a thing to take the turn 

No one gets out of the life anyway 

It's a thing to get going come what may 

Life lessons learnt!"
Life,Love More,"To sum up in words, 

Life revolves around the three most important things, 

To love more,

To be loved more, 

And forever love more, 

Because love is more powerful than anything in life!"
Life,Feel the joy within,"Feel the joy in your heart as life is so short 

Time will not stay for you always 

You have to take a stand and make it alive 

You have to play your part well 

So leave all the stress of yesterday 

And leave the things of dwell 

Just look ahead to the bright new day 

As it's a new day and a new way 

Of life per say!"
Life,Life is a wonderful journey you know,"Life is a wonderful journey 

You learn so much from it 

One moment of sadness on your face 

Another moment your face is lit 

The journey of happiness and joy 

Feeling helpless is also a part 

You get many opportunity here 

Even if you do not make a start 

There is so much to learn in life 

There is so much to give 

Do not live your life in regret 

Give whatever you wish to give 

Do things that make you happy 

That is what life is all about!"
Life,Happiness in hand,"I heard that happiness comes in hand,

But, opening my fist,

I found the flowing sand,

My passions are my chase in life, 

Life is though difficult to survive, 

But, I am hopeful to find my way, 

And I am hopeful to have my say, 

I know life will get back to me one day,

That would be a new day!"
Life,Life is full of hope,"Life is full of hope, 

Life is full of new scope,
 
You can find a way with your will,

You can excel with your skill,

Life gives you many ways to choose,

Give it a try coz you have nothing to lose, 

Life is wonderful, 

Live in the right way, you will feel beautiful!"
Life,You Bring The Change,"Life is a journey where all good and bad people come your way, 

However it doesn't mean that only the good ones are here to stay.

So don't be sad if you find bad people surrounding you all the time, 

Simply set an example for them to be good, and soon they will mime."
Life,No one has ever known,"No one has ever known the meaning of life 

Its full of all the struggles and strive 

You cry out when you feel so sad 

You are happy as you have a nice day 

Its strange that things don't change a but 

And when you see behind everything has changed
 
Such is the puzzle of life 

Unsolved and unfazed!"
Life,It is a mix of emotions,"Life is a mix of emotions 

Sometimes its all happiness and 

Sometimes there are only sorrows 

But leaving aside everything in life 

In search for a better tomorrow 

Life is such and you must find your own way 

Life will bring in new cheer 

You just need to keep smiling 

And stay happy all the way oh dear!"
Life,In complications of life,"In the complications of life,

We often lose our say, 

Things become really tough,
 
That we often lose our way, 

Life is such my friend, 

You can't fake it or pretend, 

When it hits you hard, 

You have to find a solution, 

You have to find your own way!"
Life,Life Live King Size,"Don't let troubles get you down.

Never cry and never ever frown. 

Live for the day because time flies,

And you will one day touch the skies.

Life is something to be lived king size,

Never forget this wise old advice."
Life,Life is when,"'Life' when we say what it really means, 

It means that are sorrows along with smile, 

Stress shall stay, but only for a while,

Time will pass through tide, 

Take what comes in your stride, 

Coz life is cool that way, 

Go ahead and do your bit, you have a part to play!"
Life,Life shows you a reason each day,"Life shows you each reason and face 

When you know you will lose your grace 

Things vary and reasons too 

You are often left in the blue 

But something happens and makes you happy
 
That is the moment to cheer in hue 

Life is about winning and losing 

Life is also about smile and sorrow 

Live your life is such a way 

That you will be all glad tomorrow 

Living a life that you want to 

Living a life without any clue 

Just live a happy life all through!"
Life,A Bitter Heart,"Beauty and peace is what I fear, 

Hatred is what my heart adheres.

Life has made me bitter as gall, 

I don't give a damn even if I fall.

All I want to do is reach to the top,

Whoever comes my way I shall drop.

Successful is what I am going to be, 

For that I can do anything I need."
Life,Endless trials in life,"Endless trails and troubles every day, 

But, life makes us feel like a new day, 

So many things undone, 

So many words unspoken, 

Life gives us many chances, 

To have our say, 

Live your life in the present and you won't regret,

Feel good on emotion and everything you will get!"
Life,An unsaid feeling,"Life is an unsaid feeling, 

The feeling is unthinkable,

The many things we share, 

Over the top and uphill,

Makes us a better person,

Life is truly a way, 

Do explore with your right and say!"
Life,With Or Without You,"Life always movies on, people keep coming and going,

Some make you feel like you are important in their lives. 

But the truth is, it is just that at that point,

They need you the most. 

When the need is over, the importance disappears. 

So don't waste your time thinking about somebody,

Cause for somebody, you maybe just a nobody. 

Live life for yourself my friend,

Cause, life movies on, with or without you."
Life,Give it a shot,"Life yearn a new desire,

When you want to go a little higher,

Life fulfills beautiful creations,

Though there are some frustrations,

But, everything apart, life is bliss,

A wonderful giving of god,

This can't be missed,

Life is truly a bliss!"
Life,It is like a journey,"Life is like a journey 
Sometimes its so far and sometimes its so near 

But when you need to reach your goal 

You also know about your role 

Things will change for you 

And you will have your way

You just have to move on with time 

And everything will be perfect and fine

Discover many things on the way 

Go ahead and have your say 

In this pleasing journey of life!"
Life,Life is a game,"Life is a gamble, 

So you better play your turn,

So what if destiny is uncertain and stern,

Thoughts in mind, and never be down,

There is nothing to complain and blame, 

Life is just a game,

So, keep that smile on your face, 

And, you will win through the race, 

Life is a gamble, so play your game,

Go ahead and make your name!"
Life,Each day is new,"Each day is new and dream is new, 

But, blessed in life are the chosen few, 

Life gives us new challenges in every way, 

Living an eventful life per say, 

The one who survives the challenge is the one, who wins,

Each day is new and dream is new, 

Keeping patience will get us through!"
Life,Things will always remain,"Things will always remain this way 

Life may change for some each day 

The directions and that reach 

You will know how to breach 

Each lesson that you learn in life 

Each lesson of being so wise 

Will let you know about something 

Will teach you something you will 

Remember all through your day 

Do things that you love doing 

You will have a better way 

You just live once in life 

Make the most of your strive 

Stay happy and keep that smile 

All the way and every while!"
Life,Wait for your turn in life,"Wait for your turn, as it will lead to a way
 
Where you would relax and have your say 

Wait for an opportunity in life 

You would do things in life 

Things that may be different for you 

Things that will change in time

Never lose hope because that is important
 
Never lose any scope in life 

When you live your life positive 

You will have that smile on face 

Do not lose your role and affection 

That is your most loving grace 

Lead a life your way my dear 

You will have a reason to cheer 

Each day in life without any fear!"
Life,Time runs so fast,"Time runs fast as life is getting over bit by bit,

No matter what you think it does not counts to anyone,

It is like evading from unbearable heat of sun,

People are unfocused and can't find a right way,

The bond of relations are broken like a piece of clay,

But what so ever we have to live in this world,

Where all things are confused and curled!"
Life,It is a way of teaching,"Life has its own way of teaching lessons 

You know that you are not at fault 

But in all other and vault 

It takes a turn you never imagine 

It shows you the way 

Life may be tough even for you to say 

But there is always one way 

That will solve all your problems 

And give you all the glee 

That is the meaning of life for me!"
Life,Life is a gamble,"Life is a risk you better play your turn,

So what if destiny is unsure and stern,

Whatever you choose meaning remains the same,

So what's the point to cheat and to blame?

Life is worth living only with a smile,

You can root for contentment, but only with an extra mile!"
Life,Take Risks In Life,"Life is like a gamble, 

If you don't take the risk, 

You won't win or lose,

So take risks in life, 

Because that would help you to strive!"
Life,We all share a life we love,"We all share a life we love 

We smile and we cry in one 

Things are great at times 

Sometimes we have to bear the brunt 

Never lose hope in any situation 

Never know what will happen too 

Things will change every way 

Whether in sadness or in blue 

Keep your head high in life 

You will never have to strive 

Keep your spirit going through 

That is all about life!"
Life,Value Of Happiness,"You know why life gives you tears, 

So that you know the value of happiness, 

A tad better,

Life gives sorrow,

So that you cherish the smile a lot more!"
Life,Trust is the word,"Hope is the word by which people confide,

Devotion is a swear by which people abide,

Truth is the word by which people swear,

Fakeness is the mask which people wear,

Life is a word which compels you to live, 

It's the other name to struggle and to give!"
Life,Endure The Pain,"Apart from all the ups and downs,

Life is always fun in the end, 

Because your pain only, 

Becomes your biggest strength, 

This helps you to lead your way!"
Life,The color that never fades,"Sometimes it's the color that fades 

And sometime it's the rainbow in the air 

There is happiness here and there 

We can't really search for it 

There is a dwell in the eyes 

That breaks us bit by bit 

Life is a long struggle but you have to face it 

Life is a long wait you must admit 

But the end result is way to sweet!"
Life,Never Lose Hope,"In life people come and go, like the waves on the shores, 

There is never a dead end, there's always more to explore.

It is more like an unfinished story where we are the writers,

We make our own life, we just got to hold on to our goals tighter.

So my dear friend don't ever let the flame of hope out in your life, 

And you will find happiness at your door, without having to strive."
Life,You can't call it perfect,"You can't call life as perfect as can be 

There is nothing like perfection to see 

Coz life has many ups and downs 

Some make you smile and then you frown

But if you know the right way to tackle it all 

You would be able to stand so tall 

Yes you can do it you know 

Its just that you won't show 

But life does gives everyone and all!"
Life,Life is full of,"Life is full of love and desire,

So be honest to your beloved and not a liar,

Life is full of fruitful creations,

Achieve it by endurance and not by frustration,

Life is a journey behold by past,

Choose your goal, means are vast!"
Life,You know you are blessed,"You know you are blessed when you 

Have your loved ones around you 

You know you are blessed when you know 

Things may not change for you 

Still you are happy in your life 

Still you have that wonderful smile 

You will get all the things 

That you ever wished in your life 

Stay happy and you will know 

That perfection is yours to show 

Life will give you reasons 

To stay happy with that glow 

You know you are blessed in life!"
Life,Live each day,"We all are busy in life,

Busy with day, struggles and strive, 

We all are busy with hope in heart,

To get that right first start, 

We miss out on life each day, 

Where we could have our say, 

So, live each moment as new, 

Where life would feel to be true!"
Life,Excitement In Life,"If you want the excitement of deep waters,

if you want the excitement of distant waters,

You have to leave the safety of shore

And walk towards the ocean."
Life,Life is not the same as you expect,"Life is not the same as you expect 

Situations do change with time 

Sometimes you feel so low 

Sometimes you know you are prime 

Things may change for sure 

People will change with time 

One thing that does not change 

Is the way you lead your life 

You have a happy heart 

In spite of all the sadness 

All in your only part 

Stay the way you are in life 

Amidst all the strive, 

You will emerge as a happy person!"
Life,Life's A Surprise,"They say, life can amaze you,

For it can bring abrupt changes and turns.

But life is just a joyful ride,

For the one, who with experience learns.


A dream, an ambition, it is all attainable,

All you need to do, is believe.

A hope, some faith, will find its way,

All you need is an eye, to perceive."
Life,Life is full of fun,"Life is full of present dream,

It gives you a high to scream,

Life is full of happiness and gay,
 
Where contentment also finds a way,

Life is full of opportunity and test,

But, on the positive pretext, 

Live your life in a perfect way,

Give your best shot, come what may!"
Life,Life will change for you my dear,"Life will change for you every moment
 
Things will get all new 

You will have a connection of sorts
 
For everything in the dew 

Feel the light in the dark 

You also have that shining spark 

You have to find yourself somewhere 

You have to search for reasons in there 

Know that you will have a reason 

Know that things will turn all bright
 
You will have to know for sure 

That radiant and so bright light 

Life will give you a reason to smile

Stay blessed every way and while!"
Life,You need to feel blessed,"Life is easy so you need to feel blessed 

Count on things that you have 

Do not count on things you don't 

You will have a reason to show 

All the things of your heart 

Make it some reason to stay 

A really important part 

If you know how to balance things 

Things will be easier for you 

If you know how to balance things 

You will have a heart to show 

Feel blessed as you have one life 

Feel blessed you have a reason to survive
 
Life is truly beautiful outside and inside!"
Life,The more I try to understand,"The more I try to understand life 

The more it eludes me and say 

There is a reason to which things happen 

There is a reason to find your way 

Life can show you many colors 

Life can also be dull at times 

But you will feel so good 

Sometimes you will not feel so nice 

Embrace whatever comes your way 

Embrace this life every way 

Because you just have one life 

So live it your way!"
Life,Life is Life,"Life is life after all,

It won't change for you, 

But, you need to have a proper clue,

To live it your way, 

To make each day your day, 

So, keep smiling,

And have your say!"
Death,Be Strong,"The times of pain and days of sorrow,

Are over you, but keep the faith.

For who has left was no less than a hero,

Someone who carved his own fate.


But no less worse the loss could be,

For he who left was so close to thee.

I wish the merry soul rest in peace and stay free,

A soul that only spread smiles and faith, all with a true glee."
Death,What Better Than Death Can You Achieve?,"Smile in its face, as time cuts by,

For he alone is not a traveller, you are too.

Rush with it, or against, it will still fly

For he who stays nerved and true, will sail through.


A race of a kind, a journey appreciably divine,

But the end is always a known truth to all.

No matter how much you earn or steal,

No matter how you stash, you are certain to fall. 


Fighting for something obscure, all run the tested lanes,

Only to search a joy, a peace, in which they believe.

But if peace is what you seek, and not only gains, 
What better than death can you achieve?"
Death,Time To Be Happy For Our Friend,"It is not a day to weep,

It is not the time to cry and be sad,

It is the hour when we should be thankful,

For our dear little friend has met our Almighty Dad.



They will surely be forever missed by all,

Never will a time come when they be forgotten,

But we will smile and wait for the day,

When we will reunite once again in heaven above."
Death,God Loved Him More,"He was such a dearest friend,

It is a pity that he is no more with us, 

We loved him so so much,
 
But probably God loved him even more,

And that's why he called him up, above."
Death,Its destined to happen,"Its destined to happen one day, 

God had to do this today, 

In this period of gloom and grief, 

Stay strong and please don't weep,

Loved ones can't come back in our life, 

I know it's really difficult to survive, 

But, stay strong!"
Death,Rest in peace,"Rest in peace is my only prayer for you, 

I am sad; coz people like you were few, 

I won't cry, as I did promised you, 

I miss you so much you have no clue, 

May you stay blessed in the arms of lord,
 
May you stay in peace with god!"
Death,Don't sing any song for me,"Don't sing any song for me,

As I may not hear, 

Don't cry for me, 

As I may not be there to wipe your tear,

Just pray that I rest in peace, 

These memories will forever cease!"
Death,All the memories,"All the memories which are found, 

All the things around, 

I will miss you the most in my thoughts, 

You were the reason of all lot,

I shall pray that wherever you are,

You stay happy and blessed, 

May your soul rest in peace!"
Death,I had a strong intuition,"I had a strong intuition in my heart,

That you will go apart, 

I should have paid heed to the thought, 

Should have spend more time with you, 

You gave no sign or clue, 

Just left me all alone in this race,

Now, that you are gone, 

Will pray to god that your soul rest in peace!"
Death,I am going far away,"I am going far away, 

Never shall I return again, 

This is not in my hands, 

This was not planned, 

My time has come and I had to go, 

Without me your life would be slow,

But, it shall continue in the same way 

I just like to say, 

That I will keep blessing you from up there, 

And will soon come back to you I swear, 

Stay strong!"
Death,Don't come at my grave and cry,"Don't come at my grave and cry, 

Don't show your that side to me, 

I may not be able to see, 

Death is a harsh reality and everyone has to go, 

My dear you must also know, 

Live your life as you used to live before, 

Don't cry for me as I will feel sad, 

Stay blessed as I love to watch you smile, 

This gloom is not forever, it is for a while!"
Death,I did not leave,"I did not leave, 

Just changed my way, 

I am not able to say, 

But, I am the wind you feel,

I am in your every zeal,

I am the leaf that has fallen down,

Look and see around, 

I am there with you, 

I did not die, 

Death is just a real lie!"
Death,I am yet to feel,"I am yet to feel the pain, 

I am yet to face the reality,

You are no more has come as a shock in my life, 

It's true, without you it will be difficult to survive, 

Why did you leave me and go 

How did I not come to know? 

You will be missed every moment,

Rest in peace!"
Death,The harsh reality,"The harsh reality of life, 

It's the day that gave me nightmare, 

You were sitting with me last night,

And you are not there today, 

Whom to blame and whom to say, 

Death has taken you away, 

You will always stay in my heart, 

Forever and ever, RIP!"
Death,It is a sad moment,"It's a defining moment in life 

When someone is lost in a moment 

Life runs as a flash in front of you 

Life runs like a moment turning in hue 

Death is a reality everyone knows

No one has this gut to show 

That it true and it leaves a mark 

When someone close to you departs 

There is a void in the heart forever 

That cannot be fulfilled with time 

There is a void in the heart which breaks 

All the things in spite 

Death is a reality when one has to seek 

A dark reality in bleak!"
Death,The heart no more,"That heart is not beating any more 

The eyes are at peace 

There is nothing to worry about 

As all the things have ceased

No one talks anymore 

No one pays heed to what you say 

I do not have words to express myself 

I do not have anything to say

Death has taken away someone I loved so dear 

There is no spark in my life left 

It's all a thing of lost cheer 

Death has taken it all for me 

Leaving all black and things to see..As a memory!"
Death,A life that was,"Living a good life is easy

Living a life with regret is simple 

What if one day we are not there 

To experience the life we hoped for 

Death comes and it's a harsh experience 

One moment and everything gets lost 

It's all over in the whale of time

It's all over with things in prime
 
Death is reality and it takes away 

Everything in a second's time 

Death is a reality and no one accepts 

But no one is surely going to stay alive!"
Death,It is indeed brutal,"It is brutal and it takes it all 

Leaving behind memories of people you know 

Death is a reality which everyone has to face 

It's not pleasant and it has no grace 

Death leaves everything apart 

There is nothing left to start 

One end and there is darkness all over 

Death is predefined and it has to come 

You cannot roll it back in time 

Death is natural and it will come 

It's all the matter of time that is destined 

Death is a reality of time!"
Death,I ask for freedom,"I ask for freedom for the ones that left 

No I am not in the state of deft 

Everything has to go one day 

So accept it with a graceful say 

Death takes away all the things 

That matter in time and being 

Death is a reality which one does not accept 

Things that are left to be seen 

Do not fear death as it will come along 

It will be the end of your wonderful song 

But a start of another life for sure!"
Funeral,Farewell to you,"Farewell to you, 

This is the last time,

Farewell to you as I bid goodbye, 

You will not be there with me forever and now, 

But, I will still feel your presence in my life, 

Farewell to you from me to you, 

No, I won't cry or weep for you, 

As I know that you will always be there with me, 

You will remember me in your blessings, 

And I will remember you in my prayers, 

Rest in peace!"
Funeral,Remember me,"Remember me when I am gone, 

Remember the time that I spent with you,

Remember all the memories so true, 

Remember me when you think of new,

I will go but I hope you remember me as the time will go, 

Life will change, situations will change, 

But, remember me in your prayers!"
Funeral,I loved you dad,"I loved you dad and will love you forever, 

So what if you left me alone, 

So what if you are so far, 

I know you have a special place in my heart, 

I know that death also can't make us apart, 

I will remember you each moment of my life, 

I know life would not be the same again,

But, believe you me I shall survive, 

Love you dad, rest in peace!"
Funeral,Death is for real,"Death is a harsh reality you know 

Those who leave us and go 

The pain and that crying in vain 

Feeling the loss from within 

It is the most difficult phase 

Its the most difficult thing 

Just praying to Almighty for peace 

Everything will remain and cease 

A special prayer for them!"
Funeral,Shed those tears away,"Shed the tears and burn your sorrow 

For there will no another tomorrow 

The loved ones who leave us and go 

There is pain left to show 

But I seek blessings and peace for them 

May the memories leave and dwell 

For time cannot be bought back 

Those who left are forever gone

Shed the tears in vain 

Burn all your pain!"
Funeral,Let me go,"Let me go as my time has come, 

Everybody has to go one day, 

Today it's my turn, I am going my way, 

Don't cry or weep for me my dear, 

Always remember me with a good cheer, 

Don't cry as I am leaving you today, 

Stay happy that I spent with you, 

All the memories that shall stay, 

Let me go as my time has come!"
Funeral,The last call from me,"The last call so I remember you 

Of all the memories old and new 

You were in my heart forever 

And your space is there my dear 

Goodbye a final time to you 

May you find a place in heaven 

And smile all through 

I will long for your love 

But I know somewhere you will be there 

Guiding me along the way 

Guiding me with love without a say 

I pray that your soul rest in peace!"
Funeral,Don't cry for me,"Don't cry for me, 

I am not far, 

Don't cry for me, 

Find me in the sky, 

I am the brightest star,
 
I am happy so please don't worry, 

I shall be happy seeing you smile, 

This is only for some time, for a while, 

Please don't cry for me!"
Funeral,Pray for her,"Pray for her as she left us today, 

But smile that she lived a content life, 

She may have left us forever in time, 

But, the music will remain like the chime,
 
Pray that her soul rests in peace, 

Pray for her soul as she now lays decease!"
Funeral,All the memories,"All the memories which I shared with you, 

All the times so nice, 

Oh I wish you were there with me forever, 

Why did you leave me and go, 

I just wanna know, 

The road was long and journey was not strong,

How will I travel alone without you now? 

Time just stands still and how, 

For the last time my final bow, 

RIP!"
Funeral,Those who leave and go away,"Those who leave us and go away 

In our memories they always stay 

With silent prayers and love around 

Its their presence which forever surrounds 

Their love will never fade away with time 

Their love will stay in the heart forever 

So, there is no goodbye 

As they are with us forever!"
Funeral,"Mom, I can't say you goodbye","Mom, I can't say you goodbye, 

Coz I know you will always stay with me, 

Mom, I promise I will not cry, 

I swear I won't feel bad, 

But, I am sad, 

That I wanted to be with you for some more time, 

I wanted to spend some more days with you, 

Things are never gonna be the same again, 

As I have to start anew, 

But, mom you will always be missed, 

Rest in peace!"
Funeral,I did not die,"I did not die,

Just changed my role, 

Look at me I am happy, 

If you can feel that is, 

I did not die, 

Just changed my way, 

I have nothing to say, 

Just stay the way you are in life, 

I am sure you will be strong, 

I am sure you will survive, 

I did not die, 

Just changed my role!"
Funeral,I never got a chance,"I never got a chance to wish you good bye, 

No I am being strong,

I will not cry, 

But, wish that I could have talked to you,

And pour my heart out, 

Sorry if I hurt you ever through the life, 

It's really tough for me to survive, 

Please rest in peace, 

Your memories will always cease!"
Funeral,The soul has departed,"You have just departed for some time 

I feel the pain which is mine 

But we will meet up there for sure 

Be there and always smile 

Don't worry about me I am happy with your part being in me 

I will live till my destiny

We will meet until then take care 

I will always be there 

To remember you in time!"
Sad,I feel so lonely and alone,"I feel so lonely and I feel alone 

Staying with so many people also 

There is nothing that I feel in the heart 

There is not a way to rejoice 

There is nothing left from the start 

Everything just looks shattered, 

Like a dream has come to an end 

I gave me all and was true 

But people thought I pretend 

I have lost all feelings of love 

I have lost the way to see 

Nothing is left in life now 

Nothing is left to see 

Everything is just over for me!"
Sad,Things go wrong,"Things do go wrong,
 
But why I need to be strong,

Not a moment to rejoice,
 
Why I only need to suffice,
 
Can't take this agony anymore, 

Because my life is nothing,
 
But a zero, a nil score!
 
That is my life!"
Sad,No reason of joy,"The gobbles of hope are getting zapped,

The lifeless feelings are getting cracked,

The crowd, the people, the hundred voices,

There is no serenity in those noises,

The tiring and depicting state of mind, 

Can't find a reason of joy, when I unwind, 

Life has turned into being, being into existence,

Can't find a respite or pretty instance!"
Sad,I have no feelings left in life,"I have no feelings left in my heart
 
The pain has surpassed it all 

I have no feelings left in me 

It's all over before I could see 

Hope and love have lost meanings 

Nothing true here will stay 

I have just given up on things 

Looking on things dismay 

I have lost all the joy of life
 
I have lost it all to know 

There is nothing now left to do
 
Nothing left to show 

I am in a state 

Where I do not know what will happen 

Just some lost thoughts in me!"
Sad,Standing all alone in this way of life,"Standing all alone in the whale of time 

There is no one to support me 

No one to share my pain 

I did try to reframe my life 

But everything looks like a bane 

Seems like some curse on me 

There are many things I do not want to see 

Life will change I know it well 

But the past forces me to dwell 

I am reeling under some kind of fear 

Which is just not letting me near 

I am afraid to trust people 

Want to remain in silence of the dark 

Life has become like a distant spark!"
Sad,Tired Of Trying,"Tired of trying, 

sick of crying. 

Yeah, I'm smiling, 

but inside I'm dying."
Sad,Losing on,"Am losing on the frame of life on the whole, 

Am losing the voice of my conscious, my soul, 

Am losing on the words which mattered,

Am losing on the promises which are now shattered, 

Am losing on the life which had some reasons, 

But now it seems like bygone seasons!"
Sad,Tough life,"Perception of peace is a far thought, 

Situations have become tough to sought, 

Smile which will end all darkness and gloom,

It is a deception that life can really bloom,

Today I seek no answer from life, 

Coz I have seen enough to strive!"
Sad,Since the time,"Since the time you left me,

Since the time you are gone,

I am crying in vain, 

Can't you see my pain,

The pain which you gave me, 

Is for you to see,
 
Please come back in my life!"
Sad,I am losing,"I am losing on life on the whole,

I am losing the voice of my soul,

I am losing the meanings which mattered,
 
I am losing on the promises which shattered,

I am losing on the life this way, 

That I have nothing left to say, 

I am losing on the life this way!"
Sad,I always do count my tears,"I silently count my tears 

I silently cry when no one's there
 
People who used to love me much 

They only don't bother to care 

Times have changed and people too 

They don't really love you 

They show that you are special in life
 
But leave you in your strive 

Fake and dual role is something 

That pierce through your clear heart 

There was never so much of love 

It was all fake from the start 

I am shattered to the core 

I am lost in life somewhere!"
Sad,When I look for hand,"Whenever I look out for a hand, 

Everything flows like sand, 

When I want to trust people, 

They Betray and leave me in pain,
 
I have nothing left in my life, 

But to cry in vain, 

But to cry in vain, 

Who shall understand my pain?"
Sad,I spoke my heart,"I have spoken my heart, 

But there are tears to weep,
 
So many emotions unsaid, 

So many things too deep, 

When will my pain end I don't know, 

There is no way left to be seen or show!"
Sad,Tired mind,"The epitome of silence, wisdom of mask,

Deeds are on stake, unfair is the task,

Shocking reality, situations which surge,

Choked up on bliss, now left with no urge,

Dual existence, fakeness of role, 

Tired is my mind, body and soul!"
Sad,The door is locked,"The door is locked with small light beaming in, 

Am I suffering more than my sin?

The clouds of darkness are all over the place, 

I am waiting for a new phase, 

When will my life take a turn, 

When will the hopes stop to burn? 

I am waiting!"
Sad,Truth or lies,"The truth or lies,

Where this vicious circle will end, 

Living a life, where rules are never mend, 

I am missing the warmth which I can't feel,

Colors of contentment and feeling of zeal,

No positive vibes or feeling of purity, 

I can't get any peace of mind, no eternity!"
Sad,I tried so many things in life,"I tried many times to take a cue 

I tried but I witnessed a fall 

Many times that I held my head 

But I could  not stand so tall

Everything looks shattered 

Everything looks broken apart 

Nothing seems so good to me 

Nothing seems like a pretty heart 

There are no feelings left 

I am in a state of deft 

Waiting for this moment to get through
 
Where I will see things so new 

Waiting for that life too!"
Sad,There is a feeling of pain inside,"There is a feeling of being so vulnerable 

To all the pain that bears in my heart 

I do not know where is my way 

I never made a perfect start 

Things have changed for me 

There is nothing left to see 

I think there was never a moment 

When I got to enjoy my glee

I have strived hard through the pain 

I have suffered all in the vain 

Happiness has a role to play in life
 
Its just sadness which I have seen 

Struggling for a moment to smile 

All the while in time!"
Sad,No feeling,"There is happiness around me,

Then why do I feel sad, 

There is everything around me, then why do I feel bad, 

I feel gloomy and at loss of words,

I know it is kind of absurd, 

But I feel some kind of a pain within, 

A strange emptiness that I feel, 

I really don't know the reason for it, 

But, life is hurting me bit by bit!"
Sad,I had a story to tell in my heart,"I too had my story to tell 

I do had my dreams to say 

I too had my wishes per say 

But nothing went as I thought 

Every difficulty that I sought 

Things turned worse over time 

Things that were then so prime 

No meaning left in life 

Nothing is stable as of time 

Everything looks so in dark 

There is not a single spark 

The smile also went away 

Leaving nothing more to say 

Lost everything in dismay!"
Sad,When there is nothing to cheer about,"When there is nothing to cheer about
 
When you feel so lost in the crowd 

When you cry your heart in your life 

When you want to get out of the strive 

There is sadness deep down in your role 

It stops you to reach your goal 

Cure that sadness and see the world 

There is light left in life 

You know how will you feel 

When you do not feel all bright 

Sadness has captured your mind 

It's not letting you be so kind!"
Sad,The night turns into the day,"The night turns into the day 

The day then turns to night 

There is not a single thing to do 

Everything looks out of sight 

I have lost all my focus in life 

There is not a direction left to see 

Things that used to look pretty 

Now look like worse to me 

Nothing left to say or do 

Nothing left in the blue 

Thoughts that wander due in dream
 
I do not want to scream 

Just want to stay this way forever
 
And see how life changes for me 

For there is nothing left to see!"
Sad,What is life?,"What is life without a smile?

But, I haven't smiled a while,

Because life is not so easy,

Everything is not so breezy, 

My life is too aloof and bad,

Because the feeling is really sad, 

My life is really bad!"
Sad,Loser,"Going down with the fall, with every tick of time,

Ready to be held and slayed, in return of a crime.

Ruthless days, just crawl till the dark

Darkness too, throws no mercy on this losing stark. 


Shielding the gone, eluding a collapse,

He stares in to an empty faith.

Blinding the mind, resurrecting the time

He runs against and alone, to distil self fate.



For he knows what lay behind, is ahead again,

If death you have achieved, of no worth is pain.

He stares on the other side, yet not blind to the another,

Losing it all in this lost world, He now breeds no bother."
Courage,Time does not really,"Time does not really wait for anybody 

And moments just go by 

If you don't have the courage to speak your mind 

You may not even find 

A solace of any kind 

So gather that courage and the will 

To endure so much with time 

That will bring you closer to life 

A peace that you will find!"
Courage,In life there are,"In life, there are some situations, 

Which make us more fragile,

There are clouds of darkness all over,

There is nothing to smile, 

Courage helps us to change the situation, 

By following our way, 

Go out there in the crowd,

To have your say!"
Courage,Have the will,"Have the courage to sail the storm, 

Have the courage to change the norm,

You know what is true for you, 

Even when choices are few, 

Have the courage to surpass each way, 

Have to courage to face each day,

Stay strong!"
Courage,Can make or break,"Courage can make you or break you in life, 

If you have the courage, you will truly survive,

Courage is the test of our strength, 

It shows us the way, 

It gives us the right reason to have our say, 

So, have the right courage to explore, 

You will get to the right door,

To your destiny!"
Courage,Realize your dreams,"Courage is the quality which comes from within, 

To have the power to realize your dreams

To give your best shot in life, 

With courage you will survive 

Every test of time, 

Courage shows you the way, 

The power to have your say, 

Have that courage!"
Courage,You may need that,"You may need the strength for staying on 

But you also need some will 

To achieve what you want to in life 

To do things and you wish to strive 

Courage plays a huge role in life 

As you know it will make you reach so far 

So go all out and have your say 

As I wish that you truly find your way!"
Courage,No one is really,"No one is really in pain 

No one is too weak in life, 

It all depends on your thoughts 

It all depends on your way 

No one is that bad at things
 
You just have to make your say 

Your strength lies in things you do
 
And that will make you wonderful too 

Discover your courage within! 

That will make you smile!"
Courage,Courage does not really,"Courage does not always mean the roar 

It can sometimes be the little voice,
 
It means that you have that spirit 

To say things that are on your mind 

Courage is not a thing to find 

You have that in you, 

You just have to find it for you 

So that you can see the change 

You can see the very new 

Find that in you!"
Courage,Things will go wrong,"Things will go wrong as life changes with time 

Sometimes its just not with the prime 

But, giving up is not a solution enough
 
That makes you weak and shove 

So, try your best as you have that will 

Stay as you are with that courage of yours 

To strive hard on the way 

Because tomorrow will be a new day 

Have that courage going far!"
Courage,Do what you feel,"Do you feel the heat when there is sun? 

Do you always stay behind the number one? 

Why don't you have the courage to surpass everyone? 

Do what you want to do, 

And reach very far,

Do what you wish to do,
 
And shine like the star, 

Stay strong and have the courage!"
Courage,You can be happy,"You can be as happy as you want in life 

You can be all good to strive 

You can just have your way 

You can truly find your way 

You can set your goals for life 

You can just have that will to survive 

You know you can do whatever you want 

If you have that courage to flaunt 

So, have the power to do more!"
Courage,It's all in your mind,"It's all in the mind and in your thoughts 

There is nothing like fear in life, 

Just let go of all the inhibitions 

And get go that extra mile
 
You may have to strive 

You may have to work hard on you 

But the end result will be pleasing 

You will feel oh new 

Have that courage in you!"
Courage,Take a deep breath,"Just take a deep breath and relax 

Don't take that stress on you 

Speak up your mind and things in your heart 

This is the moment and your perfect start 

You have that courage to gain 

So, do it for yourself 

Do it again, 

And you would see a new dawn in life 

Where you will feel so proud to strive 

All coz of your little courage!"
Courage,Are you aware,"Are you skeptical about things, 

Are you too aware of the beings? 

You get scared on small things 

You shy away from the bling 

You don't speak up you mind 

You don't do things that you like doing 

As you lack the courage 

Its within you, so do gather the will 

As it will take you far 

All up there to the star! 

Have that courage in you!"
Courage,You have that in you,"You know that you have it in you 

You just have to find a way
 
Come out of your shell my dear 

Go and have your say 

You have that vibe to change the world 

You have that flair in you 

Just seek answers from your soul 

And you will know your real role 

You have that courage in you 

So, go for it!"
Courage,Life in parts,"Life is a part of happiness and sorrow, 

We don't know what will happen tomorrow, 

But, life throws challenges each day this way,
 
That we don't have anything to say, 

If you have the courage you will be able to face, 

Anything that comes your way, 

Keep your will going this way!"
Courage,Nothing can scare you,"Nothing in this world can scare you, 

If you have the courage to behold 

You must know your worth in life 

Why do you want to strive 

When the answers are all clear 

You would know where you wish to go 

You will know for sure 

You have that courage within you 

You just have to discover it through!"
Courage,Dark clouds will go,"Dark clouds are part of life,
 
For you won't value the light 

So don't fear anything that comes in life
 
You are strong and you are bold 

You may not have your say or told 

Find your path that will lead 

Persistent in your own deed 

You have courage to go a long way 

You will go through the day! 

Coz you have that in you!"
Fourth Of July,There is a feeling of pride,"There is a feeling of pride in celebration 

There is a sense of freedom to being 

There is a way to see things 

A nation full of sacrifice 

If you value your culture a lot
 
Then do give in to the thoughts 

Of all the sacrifices made by heroes
 
Of all the ways that changed it through 

Today let us salute all those 

Who made us free and gave us through 

Happiness to feel so free in life 

Let us remember those brave souls 

Who played such important role 

Because of them we are celebrating 

The 4th of July today!"
Fourth Of July,Happy Fourth of July,"I am proud to be a part of the greatest republic,

And I take an oath in public.

The word to stay loyal and committed,

To my nation and its protectors I feel submitted.

One nation for all,

Unbiased and liberty beyond all."
Fourth Of July,To Uncle Sam,"Our flag the red, white and blue,

Defends us for all that we do.

America , the land for the people,

Places its countrymen right on top of a steeple.

May God keep you safe every time,

So that you and I are always fine."
Fourth Of July,Fourth of July,"I see the ocean and the sky,

Today on the glorious fourth of July.

Stripes of red and white,

Stand regal on stars very bright.

I honor survivors on what they have done,

Today, the reason we all have fun."
Fourth Of July,Look up high in the sky,"Look up high to the colors so bright 

The colors of radiance and the pride 

Take a bow to all those who have 

Sacrificed so that you could smile 

Look up high and feel so good 

Look up high and feel the freedom 

You are what your nation gave you 

So on this Independence Day, 

It's your turn to say thanks 

To all those who gave you the 

Real meaning of feeling so free 

Thanks to those wonderful men and women 

Who gave their all for nation 

Happy 4th of July!"
Fourth Of July,Today there must be a celebration,"Today there must be fireworks 

To mark the freedom of this day 

It was back then with support 

Of all the heroes of the nation 

Who made it possible for us
 
To feel the freedom in the air 

Today there must be celebration 

With your family and friends 

So that you feel that sense of pride 

So that you be proud to be 

Born in the nation so bright 

Today is the 4th of July 

A celebration should be on your mind 

Happy Independence Day!"
Fourth Of July,Every wind of freedom,"Every wind of freedom and change 

Starts with the sacrifices made 

The people who gave their all 

The people who gave their lives 

In the ode to celebrate the freedom 

Let us all take a moment and 

Thank them all for giving a life 

This will change the way to be 

Freedom in sense comes from pride 

If you feel proud, then celebrate this time
 
Celebrate the proud day of 4th of July 

Happy independence day to you!"
Fourth Of July,Our Hearts Are Filled With Pride,"Our flag is painted in the proud colors of white, red and blue,

Our hearts are filled with a sense of deep pride and solitude. 

We salute all our brave heroes who fought for our country,

They built a new world for us with fairer boundaries. 

Have a great forth of July."
Fourth Of July,I am proud that I am,"I am proud of the nation my love 

I am proud of the culture and being 

I am proud of all rich traditional ways 

I am proud that I am so free 

Proud to salute the flag 

Of my super great country 

I feel proud today the day of freedom
 
I feel proud today on independence 

It's a day to celebrate the love 

It's the day to celebrate all pride 

The love that I can see through 

I feel proud of this day 

It feels so amazing too 

Happy 4th of July to you!"
Fourth Of July,My Nation,"Today is a day to celebrate the spirit of our survivors,

They are our nation's biggest drivers.

We should strive to find several ways,

To repay them because nothing else pays.

Fourth of July is just one more day to pray,

But our commitment forever stays."
Fourth Of July,Today as you close your eyes,"Today close your eyes and take a 

Moment to celebrate this day with pride 

Close your eyes and remember all 

The heroes who gave their lives

Say thanks to all those who matter 

If you are free then you feel the independence 

If you are free, then feel that vibe 

Take a moment to thank everyone

Who gave you this sense in out 

4th of July is special and you will know 

All the proud moments to show 

Happy independence to you 	

Feel free this 4th of July 

As you celebrate with family and friends!"
Fourth Of July,It's the day of freedom today,"Today is Independence Day 

So take a moment to celebrate 

The pride of your country 

Take a moment bow in front of 

The flag that flies so high 

Take a moment to remember those 

Who gave their lives 

A moment to celebrate with fire works
 
A moment to feel proud 

Of the freedom that made you wise 

Today on this day, let us salute 

To the nation so great 

Let us salute to the freedom,

Happy 4th of July to you!"
Fourth Of July,The colors all,"The colors blue, white and red,

On the flag gives us the message of love, 

As there is a deep solitude today, 

It is the Independence day,

So, here is our salute to the country so great,

May there be Peace and harmony to every state!

Happy 4th of July!"
Fourth Of July,The red and the white colors,"The red and white stripes on the flag 

Gives a sense of joy and freedom 

White is for hope of good times to come 

1776 was a day when we got free 

So this 4th of July salute to 

All the men and women who gave their 
	
Lives so that we could experience the real freedom 

The real sense of joy in the heart 

Feel special, as you are also a part 

Of pride of the great nation, behold 

Where there are many stories untold

You are free because of this day 

Happy 4th of July!"
Fourth Of July,The day of celebration,"The day of celebration, 

The day to cheer,

For our country so special and dear,

It's the day to salute the spirit, 

A day to pray,

May this pride remain forever, 

May this glory stay!

Happy Independence Day, 

Happy 4th of July!"
Fourth Of July,Let us all celebrate the freedom,"Let us all celebrate the spirit of freedom 

Let is celebrate the oneness on this day 

Let us celebrate the pride that we take 

Let us all celebrate the Independence Day 

A day when we salute to those 

Who gave their live for the pride of nation
 
Let us take a moment to	

Thank them for everything with a prayer
 
This day is to cheer around 

This day is all about being proud 

So celebrate this lovely day 

4th of July it is 

Our Independence Day!"
Fourth Of July,Sense of joy,"Have the sense of freedom, 

Have the sense of joy,

I am proud to be an American, 

And I am proud to be free, 

But I won't forget the great men, 

Who also died for me!

Happy 4th of July :)"
Fourth Of July,Remember the day,"Let us remember the day of choice, 

The pride that gave us all, 

Give a salute to those, 

Because of whom we stand tall, 

A day full of love and peace,

Make the most of it today,

As it's the Independence Day!

Happy 4th of July!"
Fourth Of July,Our flag color is awesome,"Our flag color is white and it is blue 

The sense of pride in the heart is true 

So true as we bow in front of the nation 

So true as we celebrate this freedom 

The freedom lies in the peace 

Freedom lies in the way we approach things
 
Let us take an oath today 

That we will not misuse our freedom all the way
 
Feel free as the country in being 

Feel free on this date so good 

May peace remain all over 

To that a touch-wood 

Happy 4th of July 

Happy Independence Day!"
Halloween,Spooky Halloween,"When you least expect it an ugly witch comes by your side 

She looks deadly as ever under the full moon light,

Before you know it, pops out a scary looking black cat,

It jumps in front on you and gives your heart a smack.

Frankenstein calls out your name from the dead,

Lucifer's little children on earth have now bred. 

Have a spooky Halloween."
Halloween,It Is Time To Fear!,"Halloween time is finally here,

So all you scaredy cats, it is time to fear.

For all the evil spirits and witches are now near,

You can run but you just cannot hide, my dear.

Have a spooky Halloween!"
Halloween,Halloween Will Frighten You,"The Demon's cradle rocks to and fro,

Frankenstein's knocking at the door.

The spooky goblins are calling out your name,

The pumpkin is waiting for you out in the rain.

Be ready for the skeleton's dance tonight,

I'm sure this Halloween will give you a fright.

Have a scary Halloween."
Halloween,It Is Finally Halloween Time,"It is finally Halloween time,

So together let us rhyme.

Skip the candies and the pumpkin,

Let us feast on blood tonight.

Jack O' Lantern is smiling bright,

Frankenstein is laughing at your plight. 

Have a horrific Halloween."
Halloween,The Perfect Halloween,"May the friendly ghosts make your nights bright,

May the scary ones keep giving you a fright.

May this Halloween, you receive lots of candies and treats,

Lest somebody catches you tricking, I wish you are dead meat.

Happy Halloween to you."
Halloween,Walking Out On A Halloween Night,"As you pass by, voices from the trees call out your name,

The spirits from the graves, stare at you again and again. 

You can't ignore the man with red eyes standing at the end of the road. 

Nor can you miss the child in white walking next to you, or the goblin's shadow.

They are out to get you this time, so run for your life my dear,

Just remember you can run as much as you can, but you can't hide, it is time to fear!  

Have a Memorable Halloween night."
Halloween,On A Halloween Night,"On a Halloween night beware, for the witches'dreams come true,

On a Halloween night watch out, before the goblin attacks without a clue. 

On a Halloween night take care, for Frankenstein is reborn again,

On a Halloween night be careful, cause monsters today are a real pain. 

Have a Scary and Fun-filled Halloween Night."
Halloween,Halloween Night,"Halloween is an awesome night filled with so much fun,

Tricking and treating from house to house, we run. 

The candies and costumes are the best part,

How many we manage to get, it just is never able to satisfy our heart. 

Keeping aside all the fun, it is not a very peaceful night my friends,

Tonight is the night when all the good comes to a scary end. 

From witches to goblins, there are so many demons out tonight,

But none of them will be able to give us brave kids a fright. 

Have a Superb Halloween Night. 

May you get more candies than last year."
Halloween,Tonight Is The Night,"Tonight is the night when the dead come to life,

Tonight is the night when for your blood they strive.

Tonight is the night when witches fly on brooms up high,

Tonight is the night when Bloody Mary mourns and sighs.

Tonight is the night for lots of tricking and treating,

Tonight is the night for creating havoc and freaking. 

Tonight is October 31st, so I hope you are living it up,

So tonight being Halloween, tonight what's up?"
Halloween,It Is The Night When...,"It is the night when, 

Skeletons and goblins can be seen, 

It is the night when,

The little girl in white has eyes that are green.

It is the night when, 

Frankenstein has risen from the dead.

It is the night when, 

Ghost that were trapped, now have fled. 

It is the night when, 

The vampires hunt for fresh blood to satisfy their thirst,

Beware people around the world, 

Because today is October 31st!!!"
Halloween,May You Have A Great Halloween Night,"May you have a great Halloween night,

May everything around you give you a fright.

May you be introduced to witches and goblins,

May food be plenty in the form of candies and pumpkins."
Halloween,The Halloween Fever,"The witches are out on their brooms,

Safety is hanging on a thin thread really loose.

You can run baby, but you cannot hide,

Wherever you go, Frankenstein will find. 

This Halloween night is going to be scarier than ever,

Wishing you to join in the adventurous Halloween fever!"
Halloween,It's that time of the year,"The cat is growling, 

Have a look,

It's Halloween time,

So, have a nook,

Because you would get scared,

You better be prepared,

Wish you a happy Halloween!"
Halloween,The night is dark,"The night is so dark today, 

There are screams all over the place,

The witch is ready for the spell,

As there is no other to tell,

So, beware this day, 

Coz it's Halloween today! 

Wish you a happy Halloween!"
Halloween,The black bat,"The black bat over your head,

The eerie acts in the air,

You have got to be scary,

No you also need to scare,

Because it's Halloween time,

Wish you a happy Halloween!"
Halloween,I wish you the same,"I am not afraid of the night,

But of the deadly sight,

Where spiders make their way,

Where ghosts also say, 

That it is Halloween today, 

Wish you a happy Halloween!"
Halloween,Tonight is the night,"Tonight is going to be tough,

Coz there is scare all around,

All the cats and bats that surround,

It's time for Halloween,

Wish you a happy Halloween,

Today you are the mercy queen!"
Halloween,The pumpkins in the basket,"The pumpkins in the basket,

All ready to scare,

Making weird faces,

This time is rare,

Of bats and ghosts all around,

It's your turn to surround

And scare,

Wish you a happy Halloween!"
Halloween,Spooky tales and spooky you,"Spooky tales and spooky you

You know what you have done in through

From that glowing pumpkin near your door

To that costume that make you scary

Halloween is the time to get spooky

With trick and treat all your way

You will have a fabulous day

Getting scared of things that don't exists for you

Getting scared for things that change in hue

Its the scary Halloween night

Are you prepared for that fright

Wishing a happy Halloween to you!"
Halloween,If you were,"Happy Halloween to you,

Get ready to wear a costume so new,

Be what you desire,

A cat or a vampire, 

Have a rocking time, 

Ring like the chime 

Boo boo..Halloween is here!"
Halloween,it's all the day today,"Is your eyes all green today,

Not the case of yesterday,

There is some kind of scary feeling

That is taking away your calm

There is some kind of a happy feeling

That is not making you strong

Its the Halloween night today

So wear that dress and sing along

The songs that will scare off the evil

The songs that will break along

It's the Halloween night

So have a great time!"
Halloween,Trick or treat is up to you,"Trick or treat you give me something

Not as sweet as your face today

Today is not the day to show love

Today is the day to scare someone

So scare someone out of might

Show that you can feel the fright

Dress up as a witch or pumpkin

To reflect upon that spooky light

Halloween is a day to just be

Of all the things that you shall see

Wishing you a happy Halloween

Hope that things will be all bright!"
Halloween,Halloween is the time when you can,"Halloween is the time when you can

Scare anyone who you don't like you

In the fun spirit that things do tell

To making it all the more bright

Feel scared as you make a face

It's like doing it with that grace

Halloween brings out your feeling

Of many things untold inside

So have a day full of fright

Have a day with all your might

This Halloween as you scare someone

Happy Halloween to you!"
Halloween,The costume that you wear,"The costume that you will wear

All the things that you will do

Will you look like scary

All the way and part in through

Do not forget to smile a bit

With those scary teeth you will wear today

Keep your imagination fancy as can be

Make people scared to be

Halloween is a time to feel scared

Its the time to make people do

All the thoughts in your mind

That will make that spooky too

Wishing a happy Halloween to you!"
Halloween,The witches alike,"Boo are the witches alike,

Boo is for all that and fright,

Boo is for pumpkin so bright,

Boo is for spooky by,

Boo is for ghosts that fly, 

Boo boo, because it's Halloween,

Wish you a happy Halloween!"
Christmas,Let us cheer so loud,"Let the bells ring so loud 

Join the wishful and lovely crowd 

Let that joy look through your heart 

You will have a perfect start 

The lights of the festive cheer 

Make that vibe more magical my dear 

Thank thy lords for all his blessings 

Thank thy lord for being with you 

Christmas is the spirit to cheer 

Doing things that you wish to do 

Spread that light this Christmas 

Wishing a Merry Christmas to you 

May all your wishes come true!"
Christmas,This Christmas do what you like,"This Christmas do what you feel like 

Shine and sparkle like that light 

Do charity and feel so good 

Do something that well make you all right 

This Christmas as you spread that cheer 

Take it to the heart my dear 

The message of peace that will give you 

The heartfelt things that you will do 

Spread that love and make the moments 

You will remember for a long time 

By singing the pretty Christmas chime 

Wishing you Merry Christmas all the way 

Have a super awesome day!"
Christmas,It's time to reach the heart,"It's time to reach the heart with love 

It's time to show all your moments 

Filled with the magic in your eyes 

Things that make you all right 

Decorate the tree with your heart 

Make wisdom an important part 

Help others and spread the cheer 

Don't leave a moment in the fear 

Feel blessed and feel all right 

Feel blessed and you will see the light 

Things will get pleasant for you 

You will have an a reason to smile 

Spread happiness this Christmas Time 

Merry Christmas to you!"
Christmas,The red and white theme,"The red and white theme and love 

There is magical vibe in the air 

Wherever you look on Christmas 

You will find the cheer here and there 

Christmas is like a light 

This brightens up the darkest day 

Christmas is like a hope 

That makes a reason out in way

This Christmas as you spread the light 

Don't forget to make it bright 

For someone who needs the way 

For someone who needs in the day 

Merry Christmas to you 

Wishing all the love to you!"
Christmas,That icy snow outside,"That icy snow outside the window pane 

Making a snowman is also fun 

Decorating the tree gives you a high 

When you see all those sparkles in the sky 

Christmas brings a merriment in the heart 

It gives you a reason for that start 

Christmas is fun when you  know that cheer 

With all your loved ones around you 

Christmas is magical and it feels so new 

Wishing you merry Christmas with a great cheer 

Feel so magical oh my dear 

For Christmas has come to brighten your life 

Wishing you Merry Christmas!"
Christmas,It's fun that Santa visits,"It is fun when Santa visits the place 

It is fun when you see in grace 

There is a vibrancy in the air 

You can see that everywhere 

Christmas is surely a fun way to cheer 

To ignite that love that you have in your heart 

Christmas is surely that glorious day 

To make a well perfect start 

I wish you well on this lovely day 

May you find happiness all the way 

Have a wonderful Christmas time 

Have a time to remember in life 

Wishing you Merry Christmas 

With lots of good wishes in the heart!"
Christmas,May you have a good time,"May you have a good time this Christmas

Spread that peace in your heart 

Make someone your special pair 

Sing some great carols on that day 

You will have a wonderful way 

Spread the Christmas light my dear 

You will certainly have no fear 

Decorate that tree so bright 

Feel so good like that light 

Christmas just comes once a year 

So brighten your life with a smile 

Christmas is a happy time 

Make it more memorable all the while 

Wishing you a Merry Christmas!"
Christmas,Make new memories,"Make new memories and you will know 

There is a magical vibe to show 

Do something extra for people you love 

Make some new promises in life 

Christmas is a wonderful time 

When you can have a lovely time 

Do things that make you smile 

Stay happy all the way and while 

Just like the Christmas tree 

You have a reason to cheer 

Just like the light in the life 

Make your Christmas a day to remember 

Wishing you a jolly good time 

Merry Christmas to you!"
Christmas,Carols are just wonderful,"Carols and the wonderful lights 

Christmas makes your world so bright 

With the almighty and his blessings galore 

You bake some things and do much more 

Do some charity and feel so good 

Your life will be wonderful with this 

Christmas as I wish you merry time 

Have the best time of your life 

Stay happy and spread the cheer 

Wishing you a lovely Christmas oh dear 

Wishing you Merry Christmas time 

Have a lovely time!"
Christmas,So much cheer and joy,"So much cheer and so much joy 

Do things to spread the light 

Do things that make you enjoy 

Christmas is fun if you spend with 

All your loved ones around you 

Christmas is so much fun in hue 

This Christmas be happy and smile 

You will know the worth all while 

Have the best time of your life 

Have the best Christmas time 

Spread the Christmas spirit around 

Wishing you a lovely Christmas 

Merry Christmas to you!"
Christmas,It is special,"Christmas is truly special,

With all the love around,

The good cheer of the family and friends,

That truly surrounds,

Makes it all the more fun,

Some prayers and some food, 

Is all about Christmas cheer,

Merry Christmas to you!"
Christmas,The ray of hope,"The candle of hope, 

And lots of prayers,

There is calmness in the air

The spirit of joy is here to stay, 

Be happy along every way, 

Because the season of delight has finally come,

So eat your fruit cakes and plum,

Merry Christmas!"
Christmas,To share is love,"There are lots to do on Christmas, 

From everything to share, 

You know that you are loved, 

Because everyone is there, 

But, do something for the other kind, 

That will help you to find, 

The real meaning of joy, 

The real meaning of Christmas!

Merry Christmas!"
Christmas,Joy in the heart,"When the moment arrives,

There is serenity in the heart, 

That moment of one prayer, 

For that awesome start, 

You know that Christmas is here, 

A great time to endear, 

Merry Christmas to you!"
Christmas,The festive spirit,"The festive spirit and the joy,

Feeling really blessed today,

Because it's the time to enjoy, 

The time to celebrate, 

The holy time of Christmas,

The holy spirit of Christmas,

Merry Christmas!"
Christmas,Enjoying The Christmas Season,"Closing my eyes & dreaming of a White Christmas,

Forgetting the world around me, minding my own business.

Listening to the lovely sound of Christmas songs around me,

Singing and dancing to the brilliant melody.

Watching the beautiful & divine snowfall outside,

Waiting for my loved ones to show up, with arms opened wide."
Christmas,Christmas Candles,"The Christmas candles are burning bright,

Under the beautiful moonlight,

May the angels pray to the heavens for you,

And may all that you wished for, comes true. 

Merry Christmas to you!"
Christmas,Christmas Gifts,"As the busiest time of the year comes in the North Pole

Santa's elves are busy preparing gifts for the awaiting souls

The reindeer's are also busy doing their warm-ups every second,

As they prepare themselves for the long journey that lies ahead.

The season of Christmas means lots and lots of gifts

May this year Santa Claus also gift you with abundant happiness.

Have a blessed Christmas."
Christmas,Christmas Is About Spreading Joy,"Christmas is all about spreading joy and happiness around,

It is about giving out praises to the Lord who's above. 

So let us together count the blessings he has showered us with,

And celebrate the day Jesus Christ was born with bliss!

Wish You a Merry Christmas!"
Christmas,Christmas Brings Happiness,"Bells ring and the birds sing,

May you get all the happiness that Christmas brings!

Wishing you and your family a very Happy Christmas and a wonderful New Year."
Christmas,The Christmas Season,"The making of cribs, the preparation of sweets;

the baking of cake, the chocolate icing underneath;

The Christmas carols sung out loud,

brings happiness and bliss all the year round!

Merry Christmas and a Happy New Year!"
Christmas,Santa Claus's gifts,"Santa Claus has got us gifts and toys,

Let us sing and welcome him, all you girls and boys.

For if we make Santa really happy, he'll visit us each year,

He'll get us gifts, sing and dance with us the merry cheer.

Merry Christmas! May you get lots of presents."
Christmas,Sing Praises to the Lord,"It's time to give praises to God,

Let us sing together in one chord.

For Christmas has come after a year,

Lets show our love to everyone, near and dear.

Merry Christmas to you, my dear one."
Christmas,Celebrating Christmas,"The Christmas cake is here,

Birds are singing out the merry cheer.

Let us dance and sing,

Let us pass on the joy that Christmas brings.

Merry Christmas!"
Christmas,Cherish This Season,"Cherish memories with family and friends.

Spend time with your loved ones.

Spread cheer and joy to unknown faces.

This is the season of love. 

This is the season of joy.

This is the season of peace.

Wishing you a Merry Christmas."
New Year,Look forward to many things,"Look forward as peace is coming your way  

Look forward to all that you wish to do  

Being in New Year with a smile  

So that you feel all new  

I wish that you have a great year through  

And you also feel so lovely too  

My dear wishing a very happy new year to you  

Stay happy and stay true  

In the year that is about to come for you!"
New Year,The feel in the air,"The presence and the feel in the air 

You can feel the good vibe everywhere 

So raise a toast to a new beginning 

For you will feel so glad 

Desire the things you want to have 

Feel blessed to ones you had 

Wishing you a great new year 

A very happy new year!"
New Year,Make a list of things to do,"Make a bucket list of things you want to do 

Make a list you have to achieve  

This year has gone past by  

So put it in the archive  

New Year will get you the new feel in life  

Everything will be special for you  

All will be nice and bright  

So, have a awesome year ahead  

Wish you a very happy new year!"
New Year,New hope in life,"New Year means new hope in life

New Year brings some new strive 

But, amidst the new things,

There is a strange happiness within,

Of all the things so special,

Of all the things as seen 

Celebrate this time for sure 

Because New Year is here!

Happy New Year!"
New Year,Let go of things,"Let go of the things that are old, 

Let go of all your stress,

New Year is the time to let go of your past, 

This time has surely moved fast,

But welcome the New Year with smile on your face,

Because that is the only grace, 

That should last,

Wish you a happy new year!"
New Year,Reach where you want,"Reach to the goal that you have decided 

For it will take you far in life 

May this New Year bring you lots of joy 

So that you don't have to strive 

Look new and feel all new 

As it is that time when you bid adieu 

All the memories of this year,

Wish you a very happy new year!"
New Year,It brings in many things,"New Year brings in new dreams  

It also brings in new aspirations  

So much is there to look forward to  

So much is there in moving and through  

Say bye to the year that has gone  

For it is the past for you  

Say hi to the coming year  

It will give you an awesome feeling so new 

Wishing a very happy new year to you!"
New Year,Do what you want to do,"This new year just listen to your heart  

If you want to make that great start  

Let go of any fear in the mind  

Try to be more kind  

Do what your feeling says  

You will win your pleasant race  

Just be as you are with your time  

Things will be pleasant for you  

Life will be like the sweet chime  

Wishing a very happy new year to you!"
New Year,Say bye to this year,"Say bye to this year with an open heart 

Remember the memories in some part

For a new year will bring in many good times 

When you will feel the cheer that is destined 

Smile because the year is going to end 

Mix of happy times and sad 

Overall a perfect blend 

Wishing you a happy new year!"
New Year,It is about something,"New Year is about something unknown 

Things that are never shown 

You know you want to move ahead 

In the direction where your heart takes you 

So, go on that road so new 

When you will feel like a dream 

Like the merry and cheer all through 

Wishing you a happy new year!"
New Year,Gather All Your Family And Friends,"Gather all your family and friends,

Dance the night away till it ends.

Let us wait for the ball to drop,

And then for the balloons to pop.

Wishing you a very Happy New Year!"
New Year,This time and year,"Bring in the new year with lots of fun, 

Dance your heart out because music is loud,

Get there with your friends alike

Awesome seems the crowd

Soak in the spirit of New Year my dear 

Groove tonight with that new cheer 

Wish you a happy new year!"
New Year,You feel so good,"New Year is the time when you feel so nice,

There are many emotions to suffice 

Of things that are over in the past, 

From thinking about being so last 

Think ahead because it's a new start 

Wish for that one blissful start 

Wish you a lovely new year!"
New Year,The year that is to be,"The year that is ought to be  

Of everything that you wish to see  

Start your year with a new grace  

When you move ahead and make your space  

A new year will be good for you  

You will get all the things so new  

My wish is that you stay blessed  

Among the chosen few  

Wishing a lovely new year to you! 

With wishes all new!"
New Year,New Year Is Finally Here,"New Year is finally here,

So let us fill it with cheer.

So get the rum ready and the wine,

Together let us make the New Year shine. 

Happy New Year to you!"
New Year,As The New Year,"As the New Year is about to start,

And with old memories you are about to part.

Before the sun sets in this year,

And before the good old memories fade,

Let me wish you happiness forever to stay.

Happy New Year to you, my dear one."
New Year,Just try to be as you are,"Just try to be more kind next year  

Try to smile a little more  

Try to be as good as you can  

Try that you do not have to pretend  

Try to embrace all the happiness  

Which you deserve in your life  

Try to be at your toes  

Even when you need to strive  

Try to stay happy all the while  

With your smile  

Wishing you a lovely year!  

Happy new year!"
New Year,Its the new time,"Its always about the new beginning, 

It is not about the end, 

This time is so peaceful,

Its a time to spend, 

Some flashes of the year that has gone, 

And waiting for a new dawn,

Wishing you a happy new year!"
New Year,May the coming year,"May the coming year bring surprises all new 

May you also get a cue 

Do the things that you want to 

Do the extraordinary and new 

Live every moment of your life 

With that lovely smile 

You will feel so blessed 

In the coming year, 

Wish you a very happy new year!"
New Year,Keep The Smiles,"Keep the smiles,

Walk past the tears.

Forget your worries

And look forward to the coming year.

A very Happy New Year To You!"
New Year,It is that time of the year,"It is that time of the year when you feel all excited  

To see what is going to come through  

So keep your mood all happy my friend  

As it's the start of something new  

A new way to see things ahead  

A new way to smile and through  

It's the start of new year, so here is wishing you  

A very happy new year to you!"
New Year,That smile of yours,"That smile of yours on your face 

Get to the year with that grace 

The feeling will take you far 

Like the shining distant star

A new year wish direct from my heart 

I wish you have a wonderful start 

Have an awesome year ahead, 

Wish you a lovely new year!"
New Year,It will start,"As the New Year will start with a cheer,

There will be lots for you my dear 

New ideas that will cross your mind, 

New things one of a kind 

New beginnings for that perfect end, 

New emotions to make a blend, 

So, have a good time 

Wish you a happy new year!"
New Year,Just a wish,"Just like to wish you a lovely new year,

May you have a rocking time, 

May you enjoy with your family and friends. 

Be real and be good to all

Its a time to have fun and not a time to pretend 

New Year cheer is here again

So have a good time

Wish you a happy new year!"
New Year,It's all about fun,"New Year is all about fun, dance and music,

It is the time to say goodbye to things of past,

So, dance all night to the DJ beat 

As you will have a blast 

Enjoy your time with your loved ones 

Because this is the time to celebrate 

It is the time to dictate and wait for a new start

Happy New Year!"
New Year,Keep that smile on your face,"Keep that smile on your face 

For a new year is going to start  

With all the cheer and all the grace  

All your dreams and your wishes 

Will get fulfilled in the coming year  

May you get what you desire  

Because it's the time for a new year  

Smile and do spread the cheer  

Wish you a great New Year! 

With love and blessings for you!"
New Year,When life changes for you,"Life changes in a fraction and things turn old  

But as they say old is always gold  

So cherish the moments of this year  

And move ahead without any fear  

For a new year is waiting for your smile  

You will feel all good every while  

So make the most of your life  

The coming year,  

Wishing you a lovely new year!  

With lots of good cheer!"
New Year,The real value of time in life,"The value of time is known to those  

Who value the moments each year  

The happiness and that fear  

All becomes thing to remember  

As the New Year is near  

Celebrate with the mighty cheer  

The year that taught you so much  

The year is getting over in such  

Wish you have a great new year, 

A very happy new year!"
New Year,Let the old year go,"The old is going so you must let it go  

You must also let go of your ego  

Let go of things that make you weak  

Let go of things that you do not want to seek  

Let go of all your fears of the past  

Let go of thoughts of the last  

Let go of the life that made you sad  

Of everything so bad  

Embrace the New Year!  

Wishing you a very happy new year!"
New Year,It will surely bring in smile,"The New Year will surely bring many surprises for you  

You will get what you wish for  

Just smile and embrace the coming year  

Smile and see that vibe and cheer  

You will feel good to start afresh  

You will feel good to address  

Things of past are already gone 

So, make the most of your new year plan  

Wishing you a very happy new year  

Have lots and lots of cheer!"
New Year,New lights and new aura,"New lights and new aura upbeat 

Nothing can really make you defeat 

If you have that will than go ahead 

You will get what you deserve, go get 

For a new year is like a new way 

When you can just have your say 

Wishing you a lovely new year 

A very happy new year!"
New Year,Let there be light,"On this New Year, 

Let there be a new cheer 

In the air and in your heart,

For making that one wonderful start 

For the year that is to come ahead, 

For the year that is now,

So, soak in the spirit of New Year 

And, give one final bow to year that has gone 

Happy New Year!"
New Year,When the cheer will start,"With the New Year starts a new cheer  

The horizon and the sunrise is new  

You feel that magic from within  

The positive feeling and vibe in dew  

The year that will come will bring the good  

You will get everything you want touch wood  

Just keep your hope going strong  

Your life will be like a wonderful song  

Wishing a very happy new year to you!"
New Year,A good cheer your way,"A good cheer and celebration galore 

I wish that you get so much more 

This New Year smile all through 

Feel all blessed in the new 

Embrace the new vibe with your will 

Things will be good 

Trust your confidence and your skill 

Wish you a lovely new year, 

Happy New Year!"
New Year,It takes you ahead,"A new year is a road that takes you ahead 

To the destination of your dream

One-step closer to all your wishes 

And a step closer to what you realm 

New hope in the heart 

New aspirations for that perfect start 

Wish you have an amazing year,

Happy New Year!"
New Year,Change the way you think,"Change the way you look at things 

Change the way you see  

For New Year brings a new vibe  

A vibe that you will see 	 

Feel blessed in the New Year  

It will be your gain in life, 

When you smile all through  

Easy becomes the strive  

Wish you a lovely new year!  

With a great vibe!"
New Year,Little By Little,"Little by little, time slows down,

As we think about the year gone past.

But do not sadden yourself or frown,

For happiness is on your way to last.

Happy New Year to you and your family."
New Year,Change is just,"Change is just in the date 

It is never too early or too late 

You can always start afresh 

And, never ever blame your fate 

The coming year will be all bright 

Wish that you always see the light 

And darkness never comes to your side, 

Wish you a bright and happy new year!"
New Year,Welcome this year with,"Welcome this New Year with a new hope  

Yes, you will have all the scope  

Feel the love that is in the air  

You will find smiles everywhere  

Embrace the year with your charm  

It's almost here up in the arm  

Warmth and love for the coming year  

Make it special oh dear, 

Wish you a very happy New Year!"
New Year,The Year Has Finally Come To An End,"The year has finally come to an end,

But whine not, my dearest friend.

Let your courage surpass all your fears,

May all the doubts you had, be cleared. 

A Very Happy New Year To You & your loved ones."
New Year,The Past Has Gone By,"The past has gone by long ago, it is already history,

But the future is yet to come, it's the brand new mystery. 

So let go of all your bad experiences of the past,

May you have lovely memories this year forever to last. 

Have a Happy New Year."
New Year,Another year so good,"Another year is coming to an end,

Have you planned where will you spend?

This night is going to be awesome 

Because it will be the last day of the year 

So, forget everything and do cheer 

Because this year is going,

Wait for another bright start 

Where you would welcome it from your heart! 

Happy New Year!"
Father's Day,Your wish will be fulfilled,"Your wishes are just there 

Your thoughts are just random 

You sacrifice to see your family 

Happy all the while 

Even if you are in pain 

You make an effort to smile 

A father whose so special 

With all the love that you give 

Just want to thank you for every bit 

And all the love that you have for me 

You will remain a special part 

Always in my heart 

Wishing you a happy father's day 

Have a lovely day!"
Father's Day,You are so special,"Fathers are so special 

Fathers are always so right 

They fill your world with colors 

That makes you feel so bright 

Having a father like you beside 

I feel so blessed each day 

Thank you for all the love dad 

Thanks for being along the way 

I promise that I will not let you down 

I promise that I will surely make you proud 

Happy Father's day to you 

I simply love you!"
Father's Day,You are what you are,"You are the wisdom of life, 

You are the strength of the strive,

You are calmness of the shade 

You are spark of the jade 

You are generous when you need to be 

You have the knowledge like the sea,
 
You have the power to turn the tide, 

You are special, you are my pride, 

I love you so much dad, 

Happy Father's day to you!"
Father's Day,I Could Never Thank You,"You wake me up in the mornings with a smile,

You tell me that you love me every once in a while.

You spoilt me with gifts much more than I need,

You believe in me encourage me all the time to succeed. 

I could never thank you Dad for everything you are,

I will always love you like this, even if you're far."
Father's Day,Your Smile Is So Bright,"Your smile is so bright, it's brighter than even the sun,

Your optimistic nature is so contagious, I have not seen it in anyone.

Your happiness means the world to me Daddy, cause you are so dear

Whenever I'm two minds I turn to you, and everything becomes so clear. 

I thank you so much for loving me so very much every single day, 

Always be by my side Daddy, never leave, to you I pray."
Father's Day,You Mean So Much To Me,"How can I ever tell you what how much you mean to me? 

When you are around the grass always seems to be green. 

You lighten up my day with your smile that is so bright, 

Thanks to you we might not even require the stars at night.

Cause the stars are right there into your eyes,

Mom fell in love with them, is definitely no surprise. 

You are the most handsome man I have ever met,

With a heart just as amazing, Daddy you are so perfect."
Father's Day,Nothing can change,"Nothing can change the love 

That I hold for you in my heart 

Dad you have always been there 

For me from the start 

I respect you and I love you a lot 

You always want that success for me 

Thanks for everything dad 

Know that you are special to thee 

Happy Father's day to you 

I simply love you!"
Father's Day,Most amazing dad,"Happy Father's day to the 

Most amazing dad I know 

You are the best one 

You taught me so much 

From being wise to that grace 

From losing to winning a race 

From being patient with things 

To get what I need in life 

Dad you are great 

I so cherish this time

That I spend along with you 

Dad I truly love you 

Happy Father's day to you!"
Father's Day,My love for you,"My love for you can't be expressed 

I am so very impressed 

By your ways to see things 

By your solutions to all the problems,

Your approach towards life 

Your ability to fight and strive 

Dad I wish I could just be like you,

So very perfect and so very true 

I love you, 

Happy Father's day to you!"
Father's Day,My dear father,"My dear father I love you 

For all the things, you have given me 

All the lessons of wisdom that I can see 

I love you when you have the patience 

To solve each problem of my life 

When you push me to do good 

When I struggle and strive 

Dad I love you a lot 

And with my positive thought 

I would like to wish you happy Father's day 

Dad I mean when I say 

You are the world to me!"
Father's Day,You inspire me,"You have inspired me at each stage of life 

Holding my hand each day 

And teaching me things 

Those are true every way 

So thank you to you my loving dad 

As I know that you have that magic 

To make our lives truly great each day 

On this father's day, 

Just want to wish you happiness 

And love all along your way 

Wishing you a happy Fathers day!"
Father's Day,You'll Be Right Behind Me To Pick Me Up,"Your sense of humour is devastatingly so funny,
Your heart dear Daddy, is tender and sweet like honey.
Your warm magical smile is so very divine,
In the deep dark night, it still manages to shine. 
Life by itself has never been perfect, probably never will,
But having a Dad like you, I manage to keep myself chill. 
Because I know that even if I stumble or fall,
You'll be right behind me to pick me up, after all. 
Happy Father's Day to the best Daddy in the world!"
Father's Day,You are truly dear,"Fathers are truly dear to your heart 

They motivate you to get that head start 

Always there to guide you along 

Always inspire you to be strong 

Great fathers live each moment 

In your happiness and your smile 

So today on this special day 

Just want to wish you a while 

Thanks so much for being there 

You are and will remain special 

I love you so much dad 

Wishing you happy Father's day!"
Father's Day,You are the best,"I knew that you are there, 

Backing me from behind, 

All the things that you did for me 

Smiling and being all kind 

Can't ask for more 

As dad you are the number one for me, 

I give you a perfect score 

Thanks for everything! 

Happy Father's day to you!"
Father's Day,You are the super hero,"You are the super hero of my life 

You are the hero of my life 

A friend when I need the most 

At the party when we raise the toast 

You save me from mom's scolding 

You save me from the secret flings 

Can't ask for a better father than you 

My respect for you is so true 

I know that you are special 

I know that you will always be 

Wishing you a very happy father's day! 

You are lovely as can be!"
Father's Day,The time with you,"The years that fly with time 

The ways that are prime 

I never had the courage to tell you oh dad 

That I love you the most 

And I love you forever 

The little that I learned whatever,

Is only because of you, 

With you I feel so blessed 

Everything looks new 

Thanks my dad, 

You are special to me,

Happy Father's day to you!"
Father's Day,Your love is so warm,"Your love is extra ordinary 

Your love is so true 

If I could put in some words 

Then I would like to tell you 

That your place in my life is special 

I have not told you this before 

Dad let me tell you that your 

Love means a lot to me 

It's all the lessons you taught 

Which I learn and see 

Happy Father's day to you 

Have a great day dad 

I wish you all the happiness!"
Father's Day,Playing with me for hours,"Playing with me for hours 

Showing me the real meaning of life 

Motivating me big time 

Giving me the lessons of being wise 

A father is not only a great friend 

But someone you can choose as a role model 

A father's love will not change 

It remains so true and same 

Nothing affects the bond that we share 

Not even the money and fame 

A father remains special 

All through your life 

Help you in your happiness 

Whether you do strive 

Happy father's day to you!"
Father's Day,You are always there,"You are there when I need you 

You are there when I call 

Whatever I remember 

Whenever I recall 

I find you with me and in my task

Of being in the life's glory and bask 

I am so lucky that I have you as my dad 

I swear I am really glad, 

Thanks my dad for being there, 

Happy Father's day to you!"
Father's Day,Daddy you gave me a reason,"Daddy you gave me so many reasons 

To stay so tall in life 

You were the one who used to run 

When I was lost in the sight 

Father you are the reason 

That I have learned so much from life 

You taught me the wisdom 

You gave me the right balance to be 

Whenever you are not around 

I miss your love to thee 

Thank you for a wonderful 

Life and all the wonder ways 

Thank you so much my father 

Happy father's day!"
Father's Day,You're The Craziest Person Ever,"Daddy you're the craziest ever, words are not enough to say,

You amuse us with the raw energy with which you dance and play. 

We always love to have you around because you are so much fun, 

Yet you are so mature at giving advices, that it is to you I always run. 

You're not just my Daddy, but you're my best friend ever,

No matter where I go, a little part of you will live in me forever. 

Happy Father's Day."
Father's Day,I know that you know,"You won't show but I know 

That deep down you care for me 

Things you don't do, 

And want me to do, 

You guide me when there is a problem, 

You are there in every way, 

You may not say, but I know 

That you are there for me

And, this is my only plea

That I get a dad like you 

In every birth and through! 

Happy Father's day to you!"
Nature,Everything looks so perfect,"Everything looks perfect 

When it rains like the sky descends 

The first smell of the rain 

The first smell of that mud 

Your heart yearns a thousand dreams 

Nature has a wonderful role to play 

The rains give us a reason to cheer 

Drops pouring and sound so good 

Sipping that hot cup of coffee along 

Rains make the nature look like heaven 

A perfect way to make a start 

Rains and nature give you a vibe 

That you get lots in that pleasant jibe!"
Nature,Glorious Sun,"The sun rises with its beaming glory,

Everyday it starts with a new story,

The chirping of birds, the sound so sweet,

The sweetness of the pleasant heat,

The summer is here and so is fun,

It says the day has just begun!"
Nature,Wonderful rains,"The wonderful feeling of the rain, 

You tend to forget all your pain,

The pitter patter drops falling on you,

It takes you to another world so new, 

Oh! Why rains make you feel so nice, 

It's a great feeling looking at the falling rain, 

You tend to forget all your worries and pain!"
Nature,Nature is indeed so pretty,"Nature is so beautiful and creations so good 

All the colors of life you can see 

All the shades that let you be 

Nature gives you a feeling of being so real 

Forgetting about the world around you 

The tree that sways gently 

The air that comes on your face 

The rivers flow with an amazing sound 

Sunset also has a grace 

So pretty creation of God it is 

It makes the heart just sets in 

Nature's beauty can't match up 

With anything in life 

It gives you solace of every kind!"
Nature,The winter time is so good,"The winter time is so good 

The snow that falls down the road 

I recollect many things in life 

The snow fall fills the life with color white 

The snowfall gives a positive vibe 

The winter Christmas vibe,

The snowfall makes my snowman 

Makes me feel excited about the sledge sessions 

I just love that white snow on my roof 

It gives me a silent proof 

That nature surely has all the colors 

The most pretty one is color white,

The winter time is good!"
Nature,The beauty of sunset,"The beauty of the sunset,

Tells us something each day, 

That another day has ended today,

The beauty of sunrise, 

Tells us this day is here to stay, 

The wind blowing on the face, 

Tells us life is a running race,

So, get inspired by nature each day, 

To make your way!"
Nature,Colors of life,"The trees of nature depict colors of life,

Every color is a symbol of strive,

In autumn, the leaves so dry, 

Depicts the state of cry,

In summer, the blossomed leaves,

The message is surely deep, 

In rains, the green blue color so bright,

It depicts that life is beautiful, so forget the fright!"
Nature,Captivating nature,"The vivacity of nature is for everyone to see, 

Looking at the scenic views, 

You feel so tranquil and glee,

The high mountains, 

The captivating sky,

Staring at it, and taking a sigh,

Why is nature so beautiful?

God's creation is truly wonderful!"
Nature,Flowers so Beautiful,"The flowers so beautiful depict colors of life,

Wonderful colors of autumn so bright,

The butterfly finding its own way,

To the flower, it has much to say,

The bee finding its nectar so pure,

The flower pulls it towards allure,

The flowers so beautiful depict colors of life!"
Nature,As you look,"As you look at the bay, 

You will notice the horizon, 

The sound of the waves so sweet, 

The cool winds and the beat, 

The rhythm of the sea has music, 

Keep listening to it, 

Looking at the sea, for hours you can sit!"
Nature,The flowers when they bloom,"The flowers when bloom in full glory 

The fields when look so green 

The trees that sway with fruits in it 

The hilly air which remains

The mountains that touch the sky 

It makes the world look so high

The nature and its natural glory 

Makes everything looks so pretty 

The scenic sight that makes my day 

Wish to stay this way forever 

Whether in December or in the month of May 

Nature is always beautiful!"
Nature,Nature so beautiful,"The serenity of the nature so quiet,

The sound of the enchanting tide,

The pictorial view takes your breath away, 

The scenic beauty of the bay, 

The beauty of nature is a captivating sight, 

Looking at it, you can forget your entire plight!"
Nature,Look outside the window,"As I look outside my window,

I watch the moon so bright,

The stars twinkling in this quiet night,

The wind blowing on my face, 

The darkness of night and its pace,

Nature can be so peaceful at times,

As pleasant as the sound of chimes!"
Nature,As you look,"As you look at the bay, 

You will notice the horizon,

The sound of the waves so sweet,

The cool winds and the beat, 

The rhythm of the sea has music, 

Keep listening to it, 

Looking at the sea, for hours you can sit!"
Nature,So wonderful,"The chirping birds make sound so sweet, 

The clear blue sky oh! So high,

The sea is so deep and intense, 

The many gardens and their fence,

The mountains so big and huge, 

The forests giving out some clues, 

The intensity of the wind and air, 

Tells us, look around, something is there, 

Yes, I am nature, and love me to the core,

Yes I am nature!"
Nature,The time of the day which is all bright,"My favorite time of the day is night 

When there is darkness but still so bright 

The constellation of the stars 

Makes up for the most amazing sight 

The moon when shines in its glory 

Gives a radiance and peace along 

Night time feels so good and graceful 

There is silence in the air 

Wherever you look same thing you will feel 

In the darkness of the night that reel 

Many emotions untold in the heart 

Night time is my favorite part 

My favorite time of the day!"
Nature,When you look at the sun,"When you look at the sun set, 

There are varied colors along 

Blue for the sky so deep 

Red color for the day to end 

The color of sun that fades away 

Gives a message that day is going to end 

To make way for the moon so bright 

To make way for the thousand lights 

The pretty sight of the stars 

Making your heart loom and far 

Natures beauty is so graceful 

Nothing can be compared with it!"
Nature,Lovely tree standing at that side,"Lovely tree standing at corner of my house 

Gives me air when the wind blows

Gives me so much shade in the sun 

Gives me the fruits that I want

Gives me solace that I need in thoughts 

The tree standing at corner of my house 

Gives me vibes so cool and well 

That I forget everything in life 

The tree gives me a strange respite 

I love the tree and nature along 

It gives me peace like a wonderful song 

That tree at corner of my house!"
Nature,The fresh air that comes on my face,"The fresh air which comes on my face 

The scenic snow clad mountains have grace 

Those flowers blooming so bright 

Making me feel so relaxing and calm 

The river that flows in between 

The warm sun that makes an amazing sight 

You feel out of the world 

You truly feel all right 

The fresh scenic view that I see 

Makes me forget everything in the world 

I feel so fresh and have that glee 

Nature is truly so pretty 

Nature is really so awesome to see 

Nature is just so lovely!"
Nature,The mountains look so green,"The mountains look so wonderful 

Covered with the layer of green 

It makes me feel just awesome 

That cover which looks so white 

My mood gets bright seeing the tree 

My mood gets bright seeing the scenic view 

I want to spend my time 

Looking at this wonderful nature which 

Makes me forget all my stress 

Makes me forget who I am 

Nature a beautiful creation of Almighty 

It makes you forget everything 

Just makes up for a pretty scene!"
Nature,Natural Beauty,"Natural beauty is so enticing,

It captivates the attention, it's so mesmerizing,

The vivid oceans and the sky,

It looks so good and high,

The beautiful scenic view,

Everything seems awesome and new,

Everything is as beautiful as the dew!"
Winter,The long and chilly day,"The long winter and chilly day 

You know that winter is on the way 

You feel the cold and feel so warm 

There is a kind of brightness in the air 

Winter chill is everywhere 

That snow and that rain and dew 

The white blanket of the snow 

The lovely fire place and candles 

Increase the lovely winter glow 

Winter is the best season of the year 

Where you can feel good and cheer 

Happy winter season 

Fun has just begun!"
Winter,Get that tick,"Get tickled by the snow, 

There are many things to know, 

You know the winter is here, 

When the color is white, 

There is nothing to worry, 

Because pleasant is the sight, 

Winter is finally here to stay, 

Making you feel like good today, 

Happy winter season!"
Winter,Snow every where,"Everywhere there are snowflakes, 

White is the color of every lake, 

The cars are too flooded with snow, 

There are many things to know, 

Winters are finally setting in, 

So, it's time to cover your skin, 

Winters are here again!"
Winter,The winter bliss,"The winter bliss is here to stay, 

The pleasant vibe in the air, 

The snow falling on the ground, 

There is serenity every where 

Yes! Winters are finally here, 

And they do bring in cheer 

Happy winter season!"
Winter,It is truly chilly,"Winters are truly special,

Because they bring in lots of joy, 

In the snow clad regions, 

Where you can enjoy, 

Spend time with your family, 

And get that calming serenity 

Winters are really cool

Happy winter season!"
Winter,It might be the coldest time,"It might be the coldest season of all 

But it's the warmest season in all 

With that sip of warm cocoa 

With that coats to go along 

When you feel so loved during holidays 

When you get to experience the chill 

When you get to feel for a reason 

Perhaps winter is the best season 

It is this warmness that reflects 

And happiness which can be seen on face 

Winter has a different grace 

Happy winter season to you 

Enjoy it way and through!"
Winter,Winter is the best season,"Winter is the warmest season 

Winter looks so awesome with reason

Winter brings in that brightness in the air 

Winter brings in that spirit which is there 

It's the time when holidays begin 

It's the time to spend with family 

May this winter season be good for you 

With chilly white blanket of snow

Of the love around and new 

May this winter be happy for you 

Wishing you a lovely winter season!"
Winter,The cold winter breeze,"The cold winter breeze makes your 

Heart so warm by the day 

There is peace and dark in the night 

There is hope in the heart that it brings 

Winter is a pleasant time 

So feel the radiance of the season 

You will have no reason just to smile 

Looking at the white blanket of snow 

Winter is the time to relax, 

So that you have that chilly glow 

Happy winter season to you oh dear

Feel that chill and that cheer!"
Winter,It is a feeling so warm,"It is time to feel warm in the wool 

It is time to make that lovely snowman 

It is time to let go of all the things 

It is time to hope some new 

It is time to let go of the old 

It is time to tell things untold 

Winter is a wonderful time 

Just love the spirit of the winter season 

And you will feel all bright 

Happy winter season to you!"
Winter,It is winter time,"The pair of woolen sock, 

The pine trees inside the home, 

Christmas comes in here, 

You know that it is the winter time, 

The time to greet and dine, 

When everything is white, 

When everything is a cool sight, 

Winter is here!"
Winter,It is blanket of snow,"It is the blanket of snow everywhere 

With the warm kindle of the fire 

It's the heart that stays so warm 

It's the season to spread some joy 

So wear your jackets and trench coats 

And walk up heel and high 

The warmness of the love will prevail 

There will be something to cheer about 

May this winter you be blessed 

With everything you want 

Happy winters' to you 

Feel so lovely and so new 

As winters are finally here!"
Winter,There is snow all over the place,"There is snow all over the place I see 

And there is chilled air blowing on my face 

The winter magic is here to stay 

Feeling cozy and feeling warm all day 

Inside my blanket as I snuggle 

And read that book which I like 

This is a magic of winter alike 

Feeling so wonderful and feeling so nice 

The winter magic is back 

So be prepared to enjoy 

Happy winter season to you!"
Winter,Winter season is all about,"Winter season is all about that thrill 

When you step out to cut that snow 

When you sit across the fire place 

When you know that things will change 

Winter gives a sense of staying fine 

When you know that season will 

Bring lots of cheer in the heart 

Winter will for sure bring that start 

Which you were longing for all the while 

Winter is the best time 

To kindle the spirit in your life 

Happy winter season 

Happy holiday season!"
Winter,There is a kind of peace,"There is some kind of peace 

There is some kind of solace you find 

A reason for you to stay in time 

Feel that peace in the white blanket of snow 

As you look at the dark blue sky 

Feel that winter vibe which will 

Give you the chill that you will want 

Feel good as it is the start of another holiday season 

Where you will have all the reason to cheer 

Feel the winter my dear, as it is already here 

Wishing you happy winter time 

Wishing you happy winter time!"
Winter,The wonder and the winter is here,"The wonderful and cold winter night

When the stars will shine all bright 

Gaze at the stars and feel the chill in the air 

When there is peace of mind all over the place 

Something lovely about that grace 

Winter fun has just begun and there is 

The chilled air blowing all through 

Are you ready to grace the change 

Because winter is finally here 

So enjoy this pleasant time oh dear 

With hot chocolate shake and cheer 

Happy winters!"
Winter,Winter cheer,"Winter spreads in the white sheet, 

It is the time to greet, 

Winter with some woolen clothes, 

Winter brings in Christmas hopes, 

Winter is the time to rejoice, 

Winter is the time to spread the joy, 

Because winters are awesome!"
Winter,That blanket of snow,"The blanket of that snow 

Things that take it to the glow 

Your feel the chill in the air

But inside you know there is warmth 

Winter feels are so very pleasant 

Winter feels are so good 

Everything is covered in white 

Everything looks more bright 

Winter season is finally here 

So embrace it with a good cheer 

Winter season is finally here 

Happy winter season to you!"
Winter,That icy feeling that I have,"That icy feeling that I have in mind 

I can see snow all over the place 

On the roads and on the window pane 

Snowman standing in front lane 

The warmth of that cozy fire place 

And that hot and soupy soup to grace 

Winter is surely fun with everyone around 

There is something magical that surrounds 

I love the winter cheer 

Do you also love it dear 

Enjoy the winter time 

A very cool time

Happy winters!"
Summer,Sunny days are back again,"Sunny days are back again 

The clear blue sky and high 

Feeling of that warmness in the air 

But there is brightness in the air 

Sunny days are back again 

With things that get to see 

So feel that warmness and the light 

For summer is a way to bright 

Summer season is surely fun 

As it brings along a new light 

Happy summer season!"
Summer,The clear blue bright sky,"The clear blue and bright sky 

The sunlight on your face 

Feel the freshness in the air 

There is a cheer and grace 

Do the things you love to do 

Feel the colorful vibe 

It's the summer vibe that is here 

So do things that are so dear 

As it's the summer time 

Happy summer season to you!"
Summer,Summer is all about winds,"Summer is all about the windy air 

But with warmness of the sun 

Summer is spending some awesome family time 

With all the cheer and fun 

Summer is all about the pancakes

And about the chocolate shakes

This summer as you enjoy to fullest 

Have some summer foods for the sake 

Enjoy the overwhelming summer time 

Happy summer season to you!"
Summer,It is such a bright day,"It is a bright day 

It feels so lovely today 

Summers surely have a great charm 

When sunlight comes pass the way 

I can open my heart to this 

Stand along for the fresh air on my face 

Summers feel so good 

There is brightness and a light 

Summers are the best 

It brings a lot of zest 

Happy summer time to you!"
Summer,Summer is surely hot,"Summer is surely hot 

It feels so warm in the day 

But it also has a pleasant vibe 

This simply makes your day 

Summer has the right feel 

To brighten up your day 

It brings so much happiness 

Just like the sunshine all your way 

Summer is perfect as can be 

As perfect as you can feel 

Summer time is here to stay 

So make it pleasant every way!"
Summer,Take along your family for fun,"Take along your family for a beach holiday 

Soak in some fun and water activities 

It is the time to tan a bit so wear your lotion 

And also do not forget to wear the swimming suit 

Summers are fun as you get to spend a lot of time 

With your family and all your loved ones 

Make a plan as summer season is here 	

Do all the things that you want oh dear

Plan a bucket list and you can flaunt 

The summer season with style and some cheer,

Summers are the time to enjoy, 

And summers are finally here!"
Summer,Long days are here,"Summer days are really long, 

As you sing your favorite summer song, 

The heat of sun can impact the skin, 

With that sweat and that grin, 

Summers are the time to rejoice, 

With some wholesome family joys, 

Coz summers are here to stay, 

Enjoy summers!"
Summer,The heat above your head,"The heat above the head 

The birds flying so high

Wherever you look smiling through 

You will notice the clear blue sky 

The feel of summer season is such 

You feel so happy and so nice 

Summers surely pep your mood 

To make you feel so alright 

Look at the summer sky 

And feel so good and so high 

Summers are surely good 

Happy summer season to you!"
Summer,Some hot air,"Summers are here with chirping of birds, 

The hot air flowing through the bay, 

Cooling drinks give some respite, 

To make some play some way, 

Summers are the time to chill, 

With some awesome thrill, 

Summers are time to relax, 

Enjoy your summer break!"
Summer,The time to cheer aloud,"The time to cheer aloud 

The time when you can play 

On the beach with your loved ones 

And do what your heart say

There is no one to see here 

There is nothing as such to see 

Only the sunlight passing the home 

And clear blue sky as can be 

Summers are finally here 

So have a good summer time

As it's the most amazing time

Happy summer time!"
Summer,It is the best time to play and cheer,"It's that time of the year my dear 

When you can head to a beach without fear 

In that super swimming gear of yours 

To soak in the sun and get some tan 

But things can get hot with the heat 

Summer sun is tough to beat 

Just stay cool in your mind and wear cool clothes 

To enjoy the season with hope 

Summers bring a unique joy 

There are many ways to enjoy 

Get going with that summer fun 

As the season has just begun, 

Soak up to some summer heat, 

It will be a loving fleet!"
Summer,Hot summers,"Hot summer time, 

There is something to whine, 

As the temperature will soar, 

There would be heat some more, 

Summer time is surely hot, 

It's the time when no thought, 

Comes in mind, 

But, summers are also time to unwind, 

So enjoy the season with cheer, 

Happy summer oh my dear!"
Summer,Are you summer ready and prepared,"Are you summer ready and have a way to cool 

The sun will shine as bright as it can 

But you will have to understand 

So stay in your tees and shorts 

And you will get an idea of fun 

Summer season is about to begin 

Spend great time with your loved ones 

Head to a vacation and explore 

Summer time is fun for sure 

Have lots of moments in the sun

This summer season my dear,

Wish you happy summers, 

For all the good times to come!"
Summer,You may feel the sunlight,"You may feel the sunlight and heat 

Because the summer days are long 

You may feel the air so fresh 

Look at the clear blue sky 

There are many reasons to cheer 

As summer is finally here 

So do the things you love to 

Feel so awesome oh my dear 

Happy summer season to you 

Feel so amazing and new!"
Summer,Hair may get lighter for sure,"Hair may get lighter for sure 

Your skin may also get a tan 

The water around may get so warm

And the cheer may also get louder 

The summer season is surely fun 

It brings so much brightness on the face 

You feel so awesome all the way 

As summer is always here to stay 

Happy summer season to you 

For a time as happy as you!"
Summer,Oh this heat,"Oh the sweltering heat is here, 

Coz it's the summer season, 

There is no need or reason, 

Summer season is for some fun, 

Summers are there to enjoy, 

Summers are to take a break, 

From the routine of life, 

A break from the strive, 

Summer season is finally here!"
Summer,The planning and those summer dreams,"The planning and thinking of the summer holiday 

Is often tough to sort and stay 

But summers give a chance top explore 

All the things that we want to do 

This summer season get some time 

As you soak in the sun for some fun 

Do not forget to head to a beach 

Do not forget to have some fun 

Summer season has just begun, 

Do something for your loved ones 

Summers are a great time 

When you can just be yourself 

Happy summer season, 

It is the time to soak in some heat!"
Summer,Go on the beach with family,"Go on the beach with your family 

And play with some mud and clay 

Look up in the sky my dear 

You will see a clear blue day 

Sunlight will make you warm

Also give you a reason to cheer 

As it is the super summer season my dear 

Happy summer season to you 

Have a jolly good day 

Just like the fresh summer dew!"
Spring,Do not feel dull any more,"Do not feel dull any ore 

No not, feel so gloom anymore 

Super springtime is here 

To bring along a new cheer 

The sun will shine so bright 

To make you feel all the light 

Spring time will be so great 

It will be the time of your life 

Spring is a great time 

So feel that radiance and that glow

Winters are over in a blow 

So embrace this new time in light 

So wonderful and so bright 

Its super spring time!"
Spring,You do not need woolens anymore,"Don't need those sweatshirts anymore 

Do not need that fire place 

It's the super spring time 

A time to up your pace 

Have fun with your family for sure 

Have fun all along the time 

It's the super spring time for you 

A time when things will be destined 
	
Super spring time it is 

A time when you can have your say 

The sunshine will be with you
 
All along and every way 

So smile and have a reason 

It is the super spring season 

A season to be happy all along 

Happy spring time to you!"
Spring,Listen the birds are singing,"Listen the birds are happy 

They are flying in the clear sky 

Listen the pets are happy 

They have a place to play 

Listen the plants are happy 

As they have the sunlight too

Spring time really feels so good 

As everything seems so new 

Spring is super awesome time

Happy spring season to you!"
Spring,It is the spring summer time,"Its spring time so are you ready?

To soak in that lovely sunshine 

It's the time to clear your garden 

And do things in the prime 

A time you can just spend with loved ones 

A time as loving as you are in life 

Sunlight and things ahead 

Will give you a reason to smile 

Your world will be so bright 

As you will see that light 

Spring is the best time in life 

As you will have a stay 

With all the things that come in the day 

Happy spring time!"
Spring,A happy spring song it is,"A happy spring season brings so much joy 

You have host of things to do and enjoy 

Soak in the spirit of the sun 

Look at the lovely flowers blooming their way 

Go for a walk out of your home 

Feel the fresh hot air on your face 

Spring time is surely a great time 

So have so much fun your way 

Happy spring season to you 

It's a season of joy so new!"
Spring,The colors of life,"Red, yellow and awesome pink, 

It makes you think, 

Oh what a beautiful nature it is, 

It is the time of spring, 

When the bees are buzzing on the flower, 

To find the nectar, 

When fresh seems everything around, 

When there is positivity that surrounds, 

Spring is finally here!"
Spring,The sun seems happy,"The sun seems so happy today, 

The beautiful flowers on the way, 

Swaying to the colors of life, 

When everything is so calm and bright, 

There is no need to feel the fright, 

Coz the feeling of spring is here, 

Yes, spring season is finally here!"
Spring,There is a bloom in the air,"The flowers are blooming right 

There is a spark in the air 

Things are just more bright 

When you know that things are there 

Something just stays with you

Something that connects in time 

Spring season is the best time 

To enjoy with everyone along 

Spring is the best time 

To have a great time 

So bloom like the flower and say 

Spring is the season for cheer 

Have a happy season along 

Happy spring time to you!"
Spring,Do away with the coolness,"Do away with the coolness 

Do away with that white sheet 

Now is the time to flaunt your skill

To play ready in the sun 

It's the spring time my friend 

So let the challenge begin

Everything seems so happy 

Everything seems so good 

It is the super spring time 

Do enjoy the season 

Far away from the firewood 

Happy spring time!"
Spring,Spring is back again,"Winters are going and almost gone 

Now is the time for splendid bloom 

You know that everything will be great 

When you have a reason to stay 

Spring time means time for fun 

When you can also play 

Lots of time outdoors with family 

And friends also along with you 

Spring time will be all fun 

When you will have a say 

Its super spring time 

A time when you can have your say 

So enjoy this season all along 

Happy spring time to you!"
Spring,Spring time is so much fun,"Winter time is surely a fun time 

But spring season is the best 

You can do what your heart tells you

There is no sheet of the white 

Everything looks so pleasant in there 

Everything looks so bright 

Spring season is surely the best time 

To soak in the sunlight 

Enjoy this spring season oh my dear 

Do not forget to pass the cheer 

Happy spring time!"
Spring,Summers are here to stay,"Great days are here to stay 

Sunny weather along the way 

There is no white sheet of 

Blanket to make you feel so gloom

There are so many colors of life 

In the form of flowers that bloom 

Indeed, it's a special time 

For you to have some fun along 

So have a great time with your family 

Feel blessed to enjoy this time 

Spring is special and spring is fun 

It's the time to feel so good 

Spring time is here and how 

To make you smile all through 

Happy spring time to you!"
Spring,Budding leaves,"Leaves are budding every where, 

Flowers which blossom in might, 

Spring is the time, 

When colorful is every sight, 

Yes, it is the season of joy, 

Spring brings in new hope, 

It gives us a new scope, 

Enjoy the spring season!"
Spring,The flowers all over the place,"The flowers are blooming in all their might, 

Everywhere there is a pretty sight, 

You know its spring, when you feel so good, 

You know its spring with colors of hope, 

Spring is the time to start afresh, 

It is the time when you feel refreshed, 

Spring is finally here, 

Happy spring season!"
Spring,Blooming flowers are happy,"Blooming flowers and happy way 

It will surely make your day 

Look the sun is shining bright 

It will make things all right 

Look there is something that reflects 

Everything that matters in the time 

Season of joy and vibrancy 

Season of doing things you like 

Spring time is super time 

A time when you will feel the joy 

Happy spring time is all I want to say 

For things that will be happy along the way 

Super summer spring time

Happy spring season to you!"
Spring,Look the wonderful season is here,"Look the wonderful season is here 

With the vibrancy in the air 

Look the season of joy is here 

So that you feel so good too 

Spring time is the time to rejoice 

With a loving heart and through 

Spring will make you feel so good 

Spring will make you feel so glad 

You have a part to play 

You have a reason to be happy 

As sun will shine a lot bright 

Making you feel so right 

Spring season is the best time 

To spend all along 

Happy spring time!"
Spring,It is indeed a season of joy,"It is indeed the season of spring 

All the chirping birds that sing 

The flowers and the bloom 

Does not feel like that gloom 

Spring season is like that sunshine 

Which brightens up your life 

It gives you a reason to smile 

After so many months of white 

Spring is the season to 

Make you feel so blessed in time 

So it's the time to gear up 

For the sunshine in your life 

As it's the super spring time 

Happy spring season to you!"
Spring,The big and the yellow sun,"The big and round yellow sun 

Is telling me to have some fun 

To go out and indulge in things 

That I have been looking for 

To spread the wings in the air 

And look at the lovely colorful flower 

Spring is the most amazing time 

When you feel so happy 

Like the pure sound of the chime

Happy spring season to you!"
Fall,The color of orange,"The color of fall is orange, 

The color of fall is new, 

The mood looks lost in thought, 

The many things to seek, 

Fall is the season to think, 

With the leaves all over to blink, 

Fall season is finally here!"
Fall,Night is short,"Night is falling short, 

As days are getting long, 

The brown leaves all over the place, 

Has a special place, 

Coz season of nostalgia is here again, 

Coz season of fall is here, 

Feel the season in the air, 

With that empty rocking chair!"
Fall,Brings new color,"Fall brings new color of hope, 

But also a dull vibe, 

Things will begin anew, 

As we bid adieu, 

To colors yellow and brown, 

It will bring a new day, 

But, for now fall is on its way, 

So, happy fall season!"
Fall,Time has come,"It's that time of the season, 

When the leaves fall apart, 

It is not the time to mellow, 

Because it's for a new start, 

A season of new hope, 

A season of being, 

When everything is pleasant in the seeing, 

The fall season is here!"
Fall,Fall is here,"Birds have a feeling in the air, 

They are flying here and there, 

The leaves are of gold and yellow, 

Where all the emotions are mellow, 

Fall is the season to rejoice, 

Stay prepared by your choice, 

Fall is here again!"
Positive,You can smile away,"You can smile and smile all through 

Pain is not so permanent in life 

So why do you dwell in the past 

Why do you think you are the last 

You can also excel in your life 

Have the faith in your strive 

Go far and reach where you wish to 

You will have things so new 

Keep smiling!"
Positive,Happiness is just the state,"Happiness is a state to which you belong 

But it's the your calling to be strong,

Happiness begins with a positive mind 

It leaves you in things you can't find 

Stay happy and you will surely know 

The power of staying positive in life 

Being positive will give you something 

To cheer my dear, 

Stay positive and you will be able 

To let go of all your fear 

Positive being and positive seeing 

It's a thing to ask about in time 

Be positive and you will find a reason 

Of staying happy in each season!"
Positive,You may have a bad day,"You may have had a bad day in life 

Life is not so smooth each day
 
But the moment you lose your calm 

Is the moment you lose your way 

Don't do things just for the sake 

Follow your calling and awake 

Life is better off with a smile 

All the way and all the while! 

Be positive and keep smiling!"
Positive,You can change,"You can't really change a situation, 

And you can't really care, 

Things will happen, 

It is bound to happen, 

You can only swear, 

By the positivity around and in mind, 

Then only solution you would be able to find, 

So, stay positive in life, 

To survive!"
Positive,Do not ever fear,"Never let fear take you over, 

Never get scared in life, 

With a positive frame of mind, 

You would be able to strive, 

So keep smiling as you keep the hope high, 

With such spirit you will reach the sky, 

Keep the hope going, 

Stay positive!"
Positive,Stay this way,"Smile is too precious, 

Smile is too rear, 

So, stay positive and always smile,

Not for a moment, 

But every while, 

Being positive will help you through, 

In every situation cold and new, 

Keep smiling all the way, 

This is life's only say!"
Positive,One life is not worth crying,"One life it's not worth crying and in pain 

While being sad you won't ever gain 

One life do spend it with joy in your heart 

Be positive and make happiness a part 

If you are positive, good things will happen to you 

You will stay happy without any clue 

A positive mind is for a positive life 

Being positive will give you all the reasons 

To stay happy all the while, 

Do your best and know well 

As there is no reason to dwell 

Stay as you are being positive in life!"
Positive,Positive vibe brings in a new cheer,"Positivity brings a new vibe in life 

It leads to so many things 

It leads to happiness all the while 

If a person is happy in life, 

There is nothing he cannot do 

Life will be good for that person 

It will make it better too 

Do not leave the hope of doing good 

Do not leave the hope of positive vibe 

Just do along the things you like 

You will have all the reasons to enjoy 

Stay positive and stay happy in your life 

Because that is what matters!"
Positive,Its how much you do,"It is not how much you do 

But, its how well you do in life 

Don't dwell if its not right 

If its not meant to be, 

Then it won't really happen to thee 

Don't make a mockery of your feelings 

Keep calm because that will help you 

Situations will turn so new 

And you would stay happy!
 
Stay positive!"
Positive,Anger destroys your inner soul,"Anger destroys the inner you 

Negative vibe will ruin your mind 

If you are positive in every way 

You will remain humble and kind 

Being positive in life is must 

To face every situation with a sound mind 

Negative thoughts surely come along
 
But you have to be strong, 

To overcome that phase of being 

Do not be negative in your life 

Always remain positive every while 

If you are positive, you will find 

All the reasons to be happy in life 

Simply stay positive in life!"
Positive,Everything is negative I know,"Everything is negative when you have that 

Frame of mind in life, 

With that negativity, things will get complicated

Nothing will stay in your mind 

It's better to have a positive vibe 

So that you can hope for the best 

Negative ways and reasons will 

Give you nothing much to impress 

Stay positive and feel positive along 

That is your test for staying strong 

Stay positive as you will never have

A reason to smile in your life 

Staying positive will give you a happy vibe!"
Positive,It will happen,"It happens, when you have to bear the pain, 

Many times you cry in vain, 

Coz life is not always the same, 

Its entangled in the blame, 

But, if you are hopeful and positive, 

Things will turn right, 

Everything would then appear to be bright, 

So, stay positive my friend!"
Positive,You can be down in life,"You can be down but what is the use 

You will lose your sleep over things 

That do not matter to you 

Why think so much when you know 

That there will be no solution to show 

Stay happy and do stay blessed 

There will be many reasons for you 

A positive mind has a solution 

For all the problems in your life 

It helps you take a call in your
 
Happiness and your every strive 

Stay positive and you will have 

All the reasons to lead a happy life 

Just stay positive in your life!"
Positive,It is all in the mind,"Its all in the mind you know 

If you have the will to change

You can get off shore 

You need to open yourself for you 

You need to do it right 

So let go of the fear in mind and completely unwind 

Let go of all you have 

And be positive in your mind

That is the essence of life!"
Positive,If you are not positive,"If you are not positive in life, 

You won't really reach where you want to go 

Have that strength in you to move ahead 

Have that you can also show 

Have that power to overcome the pain 

And smile all the way 

Things will be difficult  

But you can have your way 

With one smile you can change everything 

Smile with that perfect bling!"
Positive,You should have this,"You should have a bucket list for life 

And do things one by one
 
Life is one so why do you crib 

Cry for small things in nib 

Do what you feel and feel what you do 

Life gives you moments so few 

Laugh and have a hearty day 

Have a happy day today! 

Keep smiling for the day!"
Positive,Life will be as simple for you,"Life will be simple if you smile 

You will stay happy all the while

Life will take a turn for you 

Everything will remain so new 

Stay happy and show your positive side 

You will have all the reasons to be happy 

Never lose any moment in life 

There may be things and a lot of strive 

With that positivity you will reach 

Where you really want to in life 

Just stay positive and you will get 

Whatever you need in your life 

Stay positive every while!"
Positive,If you dream big,"If you dream then you need to dream big 

Achieve what you want to in your life 

Time will not come back or it won't stay 

You only have to find your way 

So, don't think negative all day long 

Somewhere you also know that you are strong 

Be positive in every phase of life 

That will give you enough strength to survive! 

Have a super amazing life! 

With a smile on your face!"
Positive,You have it in you,"You have it in you, 

You need to find yourself and explore 

You need to settle all the woes 

Don't look back as yesterday is gone 

Look at the bright future that will come 

When you will feel so good 

When you will not feel numb 

So keep smiling all the way! 

Stay happy today!"
Positive,Pain is just there,"Pain has a permanent place in life for sure, 

But suffering is optional my dear 

If you think about yourself all the time
 
Is when you can spread the cheer 

What is gone will never really return 

It is simply your very turn 

To look life in the most pleasant way 

To go out there and have your say 

So be positive and keep smiling!"
Positive,Life is small,"Don't fret as life is too small, 

We all have a role to play, 

The words that come from your mouth, 

All the things you say, 

Should be positive to enlighten the soul, 

Because that is the ultimate goal, 

So, stay positive in whatever you do, 

Whether the situation is old or new, 

Keep the hope!"
Positive,Your path may be,"Your path may be wrong, 

Your way can also be the same 

But if you only blame 

Then things may turn more sour 

So, don't turn behind and see 

Life is waiting for you to thee 

New things for you to feel special 

New things for you to smile 

Stay positive and friendly all the while!"
Pregnancy Announcement,Little joys,"The little joys in our life, 

Give us a reason to suffice, 

I am on top of the world today, 

Because I just came to know,

So many feelings to show, 

That I am pregnant

Looking forward to a super happy time,

A cute baby of mine!"
Pregnancy Announcement,It feels so good,"It feels so good my God
 
And it feels so bright this day 

As we have an awesome news 

That is coming your way 

It's been three and in the remaining six

We will get the kick and fix 

Coz our bundle of joy is on the way 

With cute little antics! 

And smile which will stay!"
Pregnancy Announcement,Time so soon,"We are so happy to share our joy with you,

We are happy to announce this wonderful news,

That we are expecting our first bundle of joy, 

A very sweet toy,

Want to share the good times with you,

Coz you will also witness the things so new,

Need your love and blessings!"
Pregnancy Announcement,We want to share this,"We want to share a special news with all the people we know 

It will show in some time 

The baby bump in time 

But, this phase is a blessed one 

So looking for all the blessings from your side
 
We are going to be parents 

For the very second time

So need your wishes!
 
As our baby is on the way!"
Pregnancy Announcement,Our life will change,"Our life is going to change for good, 

The moment of super joy touch wood, 

We are expecting our bundle of joy, 

Making more room for the toys,

Want to share our happiness with everyone around,

With many blessings and love to surround,

Need some love and blessings for sure!"
Pregnancy Announcement,We are happy,"We were happy in our own den,

We were happy in our space,

But, time flew and now in our nest, 

There is one empty place,

So we wish to welcome our new member,

As my wife is expecting soon,

The arrival of our baby!"
Pregnancy Announcement,That news so good,"I was waiting for this moment, 

Since so long, 

So precious is the time, 

The joy that belong, 

I will wait because the moment will make me smile,

Will stay happy till that while,

Yes I am pregnant, 

And feeling blessed to be!"
Pregnancy Announcement,We have always shared our life,"We have always shared our life, 

We have shared our love alike 

So let us share the good news too 

That our baby is soon to be due

Yes it's that phase 

That is making us feel so good 

We are expecting a good news soon

So need your blessings all the while 

As it is the matter of a new life!"
Pregnancy Announcement,The news is good,"This news is going to be a big surprise,

No guesses or any prize,

We are over the moon, 

Because we are expecting so very soon,

Our first baby boy or girl,

With cute hands and hairs curl

So it's time for astounding joy!"
Pregnancy Announcement,Its on the way yes!,"Its on the way and its really cute 

My baby bump will show in time 

The little noises to spoil my day 

But, will make me happy all the way 

I am on the pregnancy way 

Waiting for the little bundle of joy
 
Will have lots of fun with the little toy 

I am pregnant and I am shy!"
Pregnancy Announcement,A big news your way,"Big news is coming your way 

We are so excited don't know what to say 

You might have guessed by now 

Its just so awesome and wow

Yes we are going to be parents soon 

Its the great boon and how 

Waiting for our little joy 

With sound of the sweet toy!"
Pregnancy Announcement,We are over the moon,"We are over the moon this day 

Our hearts so filled with joy 

Today we want to share the news 

That soon there will be a new toy

A little cute toy who will fill our heart 

A great way and a great start 

So want to share this great news 

That we are expecting out child too soon 

Waiting for that lovely day 

When there will be baby cries all the way 

Need many blessings for this phase!"
Pregnancy Announcement,The day is special,"The day is so special,

And we waited for very long,

Today I am excited to sing, 

The baby song,

Coz today is a fun filled day, 

As we are making the announcement of our baby today, 

Yes, we are waiting for our bundle of joy,

And all the special toys!"
Pregnancy Announcement,With a smile on my face,"With a smile on my face I want to share this news 

Our family is about to grow 

And not everyone so know 

So we are breaking this news for sure 

We want the world to know 

That we are going to be proud parents 

With smiles and joy galore!
 
Waiting for the moment!"
Pregnancy Announcement,We waited for so long,"We waited for so long 

We waited with a smile 	

Finally this is the day 

When we are happy all the while 

My wife is expecting 

And we are over the moon 

So let me share this happiness 

With all the loved ones around 

Need your prayers and blessings 

For this lovely day, 

As soon, there will be a little 

Cute child to play!"
Pregnancy,Things I hear,"I can hear your heartbeat fast and slow,

I want you to know, 

That your mama loves you so much,

I am waiting for your tiny touch,

In my life,

Can't wait to hold you in my arms,

Can't wait to kiss you tight!"
Pregnancy,Only for you,"The calories I eat do not matter to me, 

Coz there are many things I wish to see,

I feel so kicked to have you in me,

I feel so good you know, 

I have no words to show,

That I am so waiting for you,

Coz I truly love you,

Your mother to be!"
Pregnancy,Sweet poem of mother,"The sweet little baby bump,

That glow on your face, 

That confidence in your voice 

And that awesome grace,

This is the best phase of your life, 

So, live with all your heart

For very soon, 

Life will show you a wonderful start, 

Of being a mother!"
Pregnancy,Being a mother,"There is a bit of sleeplessness, 

That is because of happiness 

Of nurturing a new life within,

Of all the new dreams of tomorrow 

This state is the happiest one, 

Little pain but lots of fun, 

Pregnancy is the best phase!"
Pregnancy,This is the most,"This is the most blessed phase of my life,

But, I am feeling so good,

Sometimes I feel the kick within,

But, it is fine only because of you,

Can't wait to see my bundle of joy, 

The feeling of my sweet little toy,

Can't wait to see you dear,

When you would be near!"
Pregnancy,It is a special feeling,"There is a special feeling 

When you give birth to a child 

From the first kick of the child 

To so many reasons that are bind 

The positive feelings of taking the child in your arms 

Is enough to make you smile
 
So while you enjoy this happy time with your hubby 

I would wish you congrats for the same! 

Stay happy and in bliss!"
Pregnancy,This phase of life,"This phase will forever stay in your heart 

For this brings a wonderful start 

A feeling so changed and so new 

A feeling so wonderful so as you
 
Enjoy this time and stay in bliss

Its time to be pampered and kissed 

So feel special my pregnant dear 

Keep smiling all the time 

As you spread the cheer of the little one to come 

Many congrats to you!"
Pregnancy,The day is here,"My eyes shine as bright, 

There is a radiant glow,

The feeling is exceptional,

And I so wish to know,

That you are a girl or a boy, 

Coz you will be my post precious toy,

Feeling so blessed, 

Because of you!"
Pregnancy,This is surely a blessing,"This is surely a blessing for you 

Starting another wonderful chapter of life oh new 

Having that tiny tot inside your tummy 

You know that you feel so blessed 

And everyone is there 

To embrace you and make you feel special 

As I also wish to do! 

On your pregnancy news my dear! 

Many congrats to you for this cheer!"
Pregnancy,I so wish to see you,"I so wish to see your face soon,

I know you will be in my life,

A real boon,

Can't wait to see your shining face,

Can't wait for that special place,
 
You will make in my heart, 

I so wish to see you soon,

My baby!"
Pregnancy,The bond is so special,"This bond is so special

This bond is so new 

My baby I want to sing you a baby song 

I want to take you in my arms 

And kiss you with all my might
 
Oh what a pretty and wonderful sight it would be
 
To see you my baby 

Please come soon in my life! 

As your mom to be is waiting for you! 

Only for you! 

For a wonderful phase so new!"
Pregnancy,So happy on this news,"So happy on this super news 

I feel like dancing already 

Feels so good to see you grow so big 

That you are going to be a mom
 
Can't believe it still I know 

That you are going to be all strong 

You have to keep calm and enjoy this phase of life 

It will teach you many things 

And endurance to strive!
 
Many congrats to you! 

Stay blessed and wait for the new!"
